[0m18:14:22.490522 [debug] [MainThread]: Sending event: {'category': 'dbt', 'action': 'invocation', 'label': 'start', 'context': [<snowplow_tracker.self_describing_json.SelfDescribingJson object at 0x0000019E5C69B110>, <snowplow_tracker.self_describing_json.SelfDescribingJson object at 0x0000019E5AEB6090>, <snowplow_tracker.self_describing_json.SelfDescribingJson object at 0x0000019E5C68D390>]}


============================== 18:14:22.499089 | fb584736-c185-4d08-bca0-9a27ff0f00ad ==============================
[0m18:14:22.499089 [info ] [MainThread]: Running with dbt=1.12.0
[0m18:14:22.500854 [debug] [MainThread]: running dbt with arguments {'maximum_seed_size_mib': '1', 'no_print': 'None', 'static_parser': 'True', 'warn_error_options': 'WarnErrorOptionsV2(error=[], warn=[], silence=[])', 'version_check': 'True', 'target_path': 'None', 'printer_width': '80', 'write_json': 'True', 'introspect': 'True', 'log_cache_events': 'False', 'empty': 'False', 'cache_selected_only': 'False', 'fail_fast': 'False', 'debug': 'False', 'log_format': 'default', 'profiles_dir': 'dbt', 'send_anonymous_usage_stats': 'True', 'quiet': 'False', 'warn_error': 'None', 'partial_parse': 'True', 'use_colors': 'True', 'hints_enabled': 'True', 'indirect_selection': 'eager', 'use_experimental_parser': 'False', 'invocation_command': 'dbt build --select tag:hubspot --project-dir dbt --profiles-dir dbt', 'log_path': 'dbt\\logs'}
[0m18:14:23.328818 [debug] [MainThread]: Sending event: {'category': 'dbt', 'action': 'project_id', 'label': 'fb584736-c185-4d08-bca0-9a27ff0f00ad', 'context': [<snowplow_tracker.self_describing_json.SelfDescribingJson object at 0x0000019E5C97C950>]}
[0m18:14:23.497951 [debug] [MainThread]: Sending event: {'category': 'dbt', 'action': 'adapter_info', 'label': 'fb584736-c185-4d08-bca0-9a27ff0f00ad', 'context': [<snowplow_tracker.self_describing_json.SelfDescribingJson object at 0x0000019E57AF4DD0>]}
[0m18:14:23.509109 [info ] [MainThread]: Registered adapter: duckdb=1.10.1
[0m18:14:24.046869 [debug] [MainThread]: checksum: f7871d785e789ede5920da78766f82ab7589d2c2d733ba0f7c005d573ada217d, vars: {}, profile: hubspot_analytics, target: dev, version: 1.12.0
[0m18:14:24.047852 [info ] [MainThread]: Unable to do partial parsing because saved manifest not found. Starting full parse.
[0m18:14:24.049366 [debug] [MainThread]: Sending event: {'category': 'dbt', 'action': 'partial_parser', 'label': 'fb584736-c185-4d08-bca0-9a27ff0f00ad', 'context': [<snowplow_tracker.self_describing_json.SelfDescribingJson object at 0x0000019E5ACBD890>]}
[0m18:14:28.724962 [warn ] [MainThread]: [[33mWARNING[0m][MissingArgumentsPropertyInGenericTestDeprecation]: Deprecated
functionality
Found top-level arguments to test `accepted_values` defined on 'fct_activities'
in package 'hubspot_analytics' (models\gold\schema.yml). Arguments to generic
tests should be nested under the `arguments` property.
[0m18:14:28.726665 [debug] [MainThread]: Sending event: {'category': 'dbt', 'action': 'deprecation', 'label': 'fb584736-c185-4d08-bca0-9a27ff0f00ad', 'property_': 'warn', 'context': [<snowplow_tracker.self_describing_json.SelfDescribingJson object at 0x0000019E5CF0A450>]}
[0m18:14:29.013905 [debug] [MainThread]: Sending event: {'category': 'dbt', 'action': 'load_project', 'label': 'fb584736-c185-4d08-bca0-9a27ff0f00ad', 'context': [<snowplow_tracker.self_describing_json.SelfDescribingJson object at 0x0000019E5E345150>]}
[0m18:14:29.376398 [debug] [MainThread]: Wrote artifact WritableManifest to dbt\target\manifest.json
[0m18:14:29.401344 [debug] [MainThread]: Wrote artifact SemanticManifest to dbt\target\semantic_manifest.json
[0m18:14:29.541206 [debug] [MainThread]: Wrote artifact OsiDocument to dbt\target\osi_document.json
[0m18:14:29.715727 [debug] [MainThread]: Sending event: {'category': 'dbt', 'action': 'resource_counts', 'label': 'fb584736-c185-4d08-bca0-9a27ff0f00ad', 'context': [<snowplow_tracker.self_describing_json.SelfDescribingJson object at 0x0000019E5E434610>]}
[0m18:14:29.718233 [info ] [MainThread]: Found 26 models, 1 snapshot, 16 data tests, 487 macros
[0m18:14:29.727741 [info ] [MainThread]: 
[0m18:14:29.733445 [info ] [MainThread]: Concurrency: 4 threads (target='dev')
[0m18:14:29.740592 [info ] [MainThread]: 
[0m18:14:29.742629 [debug] [MainThread]: Acquiring new duckdb connection 'master'
[0m18:14:29.762384 [debug] [ThreadPool]: Acquiring new duckdb connection 'list_analytics'
[0m18:14:29.764398 [debug] [ThreadPool]: Acquiring new duckdb connection 'list_analytics'
[0m18:14:29.766401 [debug] [ThreadPool]: Acquiring new duckdb connection 'list_analytics'
[0m18:14:30.466598 [debug] [ThreadPool]: Using duckdb connection "list_analytics"
[0m18:14:30.466598 [debug] [ThreadPool]: Using duckdb connection "list_analytics"
[0m18:14:30.467599 [debug] [ThreadPool]: Using duckdb connection "list_analytics"
[0m18:14:30.468599 [debug] [ThreadPool]: On list_analytics: /* {"app": "dbt", "dbt_version": "1.12.0", "profile_name": "hubspot_analytics", "target_name": "dev", "connection_name": "list_analytics"} */

    
    select schema_name
    from system.information_schema.schemata
    
    where lower(catalog_name) = '"analytics"'
    
  
  
[0m18:14:30.469605 [debug] [ThreadPool]: On list_analytics: /* {"app": "dbt", "dbt_version": "1.12.0", "profile_name": "hubspot_analytics", "target_name": "dev", "connection_name": "list_analytics"} */

    
    select schema_name
    from system.information_schema.schemata
    
    where lower(catalog_name) = '"analytics"'
    
  
  
[0m18:14:30.469605 [debug] [ThreadPool]: On list_analytics: /* {"app": "dbt", "dbt_version": "1.12.0", "profile_name": "hubspot_analytics", "target_name": "dev", "connection_name": "list_analytics"} */

    
    select schema_name
    from system.information_schema.schemata
    
    where lower(catalog_name) = '"analytics"'
    
  
  
[0m18:14:30.470642 [debug] [ThreadPool]: Opening a new connection, currently in state init
[0m18:14:30.471636 [debug] [ThreadPool]: Opening a new connection, currently in state init
[0m18:14:30.472639 [debug] [ThreadPool]: Opening a new connection, currently in state init
[0m18:14:30.829098 [debug] [ThreadPool]: DuckDB adapter: duckdb error: IO Error: Cannot open file "C:\Users\LevyRamalhoNeotassMa\Documents\dev\pipeline-hubspot-analytics\data\analytics.duckdb": O arquivo já está sendo usado por outro processo.

File is already open in 
C:\Users\LevyRamalhoNeotassMa\AppData\Local\Programs\Python\Python311\python.exe (PID 67640)
[0m18:14:30.830096 [debug] [ThreadPool]: DuckDB adapter: Error running SQL: /* {"app": "dbt", "dbt_version": "1.12.0", "profile_name": "hubspot_analytics", "target_name": "dev", "connection_name": "list_analytics"} */

    
    select schema_name
    from system.information_schema.schemata
    
    where lower(catalog_name) = '"analytics"'
    
  
  
[0m18:14:30.831093 [debug] [ThreadPool]: DuckDB adapter: Rolling back transaction.
[0m18:14:30.831093 [debug] [ThreadPool]: Opening a new connection, currently in state init
[0m18:14:30.984603 [debug] [ThreadPool]: DuckDB adapter: duckdb error: IO Error: Cannot open file "C:\Users\LevyRamalhoNeotassMa\Documents\dev\pipeline-hubspot-analytics\data\analytics.duckdb": O arquivo já está sendo usado por outro processo.

File is already open in 
C:\Users\LevyRamalhoNeotassMa\AppData\Local\Programs\Python\Python311\python.exe (PID 67640)
[0m18:14:30.985599 [debug] [ThreadPool]: DuckDB adapter: Error running SQL: /* {"app": "dbt", "dbt_version": "1.12.0", "profile_name": "hubspot_analytics", "target_name": "dev", "connection_name": "list_analytics"} */

    
    select schema_name
    from system.information_schema.schemata
    
    where lower(catalog_name) = '"analytics"'
    
  
  
[0m18:14:30.986600 [debug] [ThreadPool]: DuckDB adapter: Rolling back transaction.
[0m18:14:30.987600 [debug] [ThreadPool]: Opening a new connection, currently in state init
[0m18:14:31.166196 [debug] [ThreadPool]: DuckDB adapter: duckdb error: IO Error: Cannot open file "C:\Users\LevyRamalhoNeotassMa\Documents\dev\pipeline-hubspot-analytics\data\analytics.duckdb": O arquivo já está sendo usado por outro processo.

File is already open in 
C:\Users\LevyRamalhoNeotassMa\AppData\Local\Programs\Python\Python311\python.exe (PID 67640)
[0m18:14:31.167199 [debug] [ThreadPool]: DuckDB adapter: Error running SQL: /* {"app": "dbt", "dbt_version": "1.12.0", "profile_name": "hubspot_analytics", "target_name": "dev", "connection_name": "list_analytics"} */

    
    select schema_name
    from system.information_schema.schemata
    
    where lower(catalog_name) = '"analytics"'
    
  
  
[0m18:14:31.168204 [debug] [ThreadPool]: DuckDB adapter: Rolling back transaction.
[0m18:14:31.169552 [debug] [ThreadPool]: Opening a new connection, currently in state init
[0m18:14:31.346147 [debug] [ThreadPool]: DuckDB adapter: duckdb error: IO Error: Cannot open file "C:\Users\LevyRamalhoNeotassMa\Documents\dev\pipeline-hubspot-analytics\data\analytics.duckdb": O arquivo já está sendo usado por outro processo.

File is already open in 
C:\Users\LevyRamalhoNeotassMa\AppData\Local\Programs\Python\Python311\python.exe (PID 67640)
[0m18:14:31.359930 [debug] [ThreadPool]: DuckDB adapter: Error running SQL: macro list_schemas
[0m18:14:31.360632 [debug] [ThreadPool]: DuckDB adapter: Rolling back transaction.
[0m18:14:31.362795 [debug] [ThreadPool]: Opening a new connection, currently in state init
[0m18:14:31.524045 [debug] [ThreadPool]: DuckDB adapter: duckdb error: IO Error: Cannot open file "C:\Users\LevyRamalhoNeotassMa\Documents\dev\pipeline-hubspot-analytics\data\analytics.duckdb": O arquivo já está sendo usado por outro processo.

File is already open in 
C:\Users\LevyRamalhoNeotassMa\AppData\Local\Programs\Python\Python311\python.exe (PID 67640)
[0m18:14:31.524045 [debug] [ThreadPool]: DuckDB adapter: Error running SQL: macro list_schemas
[0m18:14:31.524045 [debug] [ThreadPool]: DuckDB adapter: Rolling back transaction.
[0m18:14:31.524045 [debug] [ThreadPool]: Opening a new connection, currently in state init
[0m18:14:31.685106 [debug] [ThreadPool]: DuckDB adapter: duckdb error: IO Error: Cannot open file "C:\Users\LevyRamalhoNeotassMa\Documents\dev\pipeline-hubspot-analytics\data\analytics.duckdb": O arquivo já está sendo usado por outro processo.

File is already open in 
C:\Users\LevyRamalhoNeotassMa\AppData\Local\Programs\Python\Python311\python.exe (PID 67640)
[0m18:14:31.685106 [debug] [ThreadPool]: DuckDB adapter: Error running SQL: macro list_schemas
[0m18:14:31.690399 [debug] [ThreadPool]: DuckDB adapter: Rolling back transaction.
[0m18:14:31.691492 [debug] [ThreadPool]: Opening a new connection, currently in state init
[0m18:14:32.178466 [debug] [MainThread]: Connection 'master' was properly closed.
[0m18:14:32.178466 [debug] [MainThread]: Connection 'list_analytics' was properly closed.
[0m18:14:32.180477 [debug] [MainThread]: Connection 'list_analytics' was properly closed.
[0m18:14:32.180477 [debug] [MainThread]: Connection 'list_analytics' was properly closed.
[0m18:14:32.180477 [info ] [MainThread]: 
[0m18:14:32.180477 [info ] [MainThread]: Finished running  in 0 hours 0 minutes and 2.44 seconds (2.44s).
[0m18:14:32.183705 [error] [MainThread]: [[31mERROR[0m]: Encountered an error:
IO Error: Cannot open file "C:\Users\LevyRamalhoNeotassMa\Documents\dev\pipeline-hubspot-analytics\data\analytics.duckdb": O arquivo já está sendo usado por outro processo.

File is already open in 
C:\Users\LevyRamalhoNeotassMa\AppData\Local\Programs\Python\Python311\python.exe (PID 67640)
[0m18:14:32.214220 [error] [MainThread]: Traceback (most recent call last):
  File "C:\Users\LevyRamalhoNeotassMa\AppData\Local\Programs\Python\Python311\Lib\site-packages\dbt\adapters\duckdb\connections.py", line 95, in exception_handler
    yield
  File "C:\Users\LevyRamalhoNeotassMa\AppData\Local\Programs\Python\Python311\Lib\site-packages\dbt\adapters\sql\connections.py", line 147, in add_query
    cursor = connection.handle.cursor()
             ^^^^^^^^^^^^^^^^^
  File "C:\Users\LevyRamalhoNeotassMa\AppData\Local\Programs\Python\Python311\Lib\site-packages\dbt\adapters\contracts\connection.py", line 96, in handle
    self._handle.resolve(self)
  File "C:\Users\LevyRamalhoNeotassMa\AppData\Local\Programs\Python\Python311\Lib\site-packages\dbt\adapters\contracts\connection.py", line 120, in resolve
    return self.opener(connection)
           ^^^^^^^^^^^^^^^^^^^^^^^
  File "C:\Users\LevyRamalhoNeotassMa\AppData\Local\Programs\Python\Python311\Lib\site-packages\dbt\adapters\duckdb\connections.py", line 53, in open
    connection.handle = cls._ENV.handle()
                        ^^^^^^^^^^^^^^^^^
  File "C:\Users\LevyRamalhoNeotassMa\AppData\Local\Programs\Python\Python311\Lib\site-packages\dbt\adapters\duckdb\environments\local.py", line 75, in handle
    self.conn = self.initialize_db(self.creds, self._plugins)
                ^^^^^^^^^^^^^^^^^^^^^^^^^^^^^^^^^^^^^^^^^^^^^
  File "C:\Users\LevyRamalhoNeotassMa\AppData\Local\Programs\Python\Python311\Lib\site-packages\dbt\adapters\duckdb\environments\__init__.py", line 159, in initialize_db
    conn = duckdb.connect(creds.path, read_only=False, config=config)
           ^^^^^^^^^^^^^^^^^^^^^^^^^^^^^^^^^^^^^^^^^^^^^^^^^^^^^^^^^^
_duckdb.IOException: IO Error: Cannot open file "C:\Users\LevyRamalhoNeotassMa\Documents\dev\pipeline-hubspot-analytics\data\analytics.duckdb": O arquivo já está sendo usado por outro processo.

File is already open in 
C:\Users\LevyRamalhoNeotassMa\AppData\Local\Programs\Python\Python311\python.exe (PID 67640)

During handling of the above exception, another exception occurred:

Traceback (most recent call last):
  File "C:\Users\LevyRamalhoNeotassMa\AppData\Local\Programs\Python\Python311\Lib\site-packages\dbt\adapters\duckdb\connections.py", line 95, in exception_handler
    yield
  File "C:\Users\LevyRamalhoNeotassMa\AppData\Local\Programs\Python\Python311\Lib\site-packages\dbt\adapters\base\impl.py", line 1372, in execute_macro
    result = macro_function(**kwargs)
             ^^^^^^^^^^^^^^^^^^^^^^^^
  File "C:\Users\LevyRamalhoNeotassMa\AppData\Local\Programs\Python\Python311\Lib\site-packages\dbt_common\clients\jinja.py", line 427, in __call__
    return self.call_macro(*args, **kwargs)
           ^^^^^^^^^^^^^^^^^^^^^^^^^^^^^^^^
  File "C:\Users\LevyRamalhoNeotassMa\AppData\Local\Programs\Python\Python311\Lib\site-packages\dbt_common\clients\jinja.py", line 395, in call_macro
    return macro(*args, **kwargs)
           ^^^^^^^^^^^^^^^^^^^^^^
  File "C:\Users\LevyRamalhoNeotassMa\AppData\Local\Programs\Python\Python311\Lib\site-packages\jinja2\runtime.py", line 770, in __call__
    return self._invoke(arguments, autoescape)
           ^^^^^^^^^^^^^^^^^^^^^^^^^^^^^^^^^^^
  File "C:\Users\LevyRamalhoNeotassMa\AppData\Local\Programs\Python\Python311\Lib\site-packages\jinja2\runtime.py", line 784, in _invoke
    rv = self._func(*arguments)
         ^^^^^^^^^^^^^^^^^^^^^^
  File "<template>", line 20, in macro
  File "C:\Users\LevyRamalhoNeotassMa\AppData\Local\Programs\Python\Python311\Lib\site-packages\jinja2\sandbox.py", line 401, in call
    return __context.call(__obj, *args, **kwargs)
           ^^^^^^^^^^^^^^^^^^^^^^^^^^^^^^^^^^^^^^
  File "C:\Users\LevyRamalhoNeotassMa\AppData\Local\Programs\Python\Python311\Lib\site-packages\jinja2\runtime.py", line 303, in call
    return __obj(*args, **kwargs)
           ^^^^^^^^^^^^^^^^^^^^^^
  File "C:\Users\LevyRamalhoNeotassMa\AppData\Local\Programs\Python\Python311\Lib\site-packages\dbt\clients\jinja.py", line 83, in __call__
    return self.call_macro(*args, **kwargs)
           ^^^^^^^^^^^^^^^^^^^^^^^^^^^^^^^^
  File "C:\Users\LevyRamalhoNeotassMa\AppData\Local\Programs\Python\Python311\Lib\site-packages\dbt_common\clients\jinja.py", line 395, in call_macro
    return macro(*args, **kwargs)
           ^^^^^^^^^^^^^^^^^^^^^^
  File "C:\Users\LevyRamalhoNeotassMa\AppData\Local\Programs\Python\Python311\Lib\site-packages\jinja2\runtime.py", line 770, in __call__
    return self._invoke(arguments, autoescape)
           ^^^^^^^^^^^^^^^^^^^^^^^^^^^^^^^^^^^
  File "C:\Users\LevyRamalhoNeotassMa\AppData\Local\Programs\Python\Python311\Lib\site-packages\jinja2\runtime.py", line 784, in _invoke
    rv = self._func(*arguments)
         ^^^^^^^^^^^^^^^^^^^^^^
  File "<template>", line 50, in macro
  File "C:\Users\LevyRamalhoNeotassMa\AppData\Local\Programs\Python\Python311\Lib\site-packages\jinja2\sandbox.py", line 401, in call
    return __context.call(__obj, *args, **kwargs)
           ^^^^^^^^^^^^^^^^^^^^^^^^^^^^^^^^^^^^^^
  File "C:\Users\LevyRamalhoNeotassMa\AppData\Local\Programs\Python\Python311\Lib\site-packages\jinja2\runtime.py", line 303, in call
    return __obj(*args, **kwargs)
           ^^^^^^^^^^^^^^^^^^^^^^
  File "C:\Users\LevyRamalhoNeotassMa\AppData\Local\Programs\Python\Python311\Lib\site-packages\dbt\clients\jinja.py", line 83, in __call__
    return self.call_macro(*args, **kwargs)
           ^^^^^^^^^^^^^^^^^^^^^^^^^^^^^^^^
  File "C:\Users\LevyRamalhoNeotassMa\AppData\Local\Programs\Python\Python311\Lib\site-packages\dbt_common\clients\jinja.py", line 395, in call_macro
    return macro(*args, **kwargs)
           ^^^^^^^^^^^^^^^^^^^^^^
  File "C:\Users\LevyRamalhoNeotassMa\AppData\Local\Programs\Python\Python311\Lib\site-packages\jinja2\runtime.py", line 770, in __call__
    return self._invoke(arguments, autoescape)
           ^^^^^^^^^^^^^^^^^^^^^^^^^^^^^^^^^^^
  File "C:\Users\LevyRamalhoNeotassMa\AppData\Local\Programs\Python\Python311\Lib\site-packages\jinja2\runtime.py", line 784, in _invoke
    rv = self._func(*arguments)
         ^^^^^^^^^^^^^^^^^^^^^^
  File "<template>", line 33, in macro
  File "C:\Users\LevyRamalhoNeotassMa\AppData\Local\Programs\Python\Python311\Lib\site-packages\jinja2\sandbox.py", line 401, in call
    return __context.call(__obj, *args, **kwargs)
           ^^^^^^^^^^^^^^^^^^^^^^^^^^^^^^^^^^^^^^
  File "C:\Users\LevyRamalhoNeotassMa\AppData\Local\Programs\Python\Python311\Lib\site-packages\jinja2\runtime.py", line 303, in call
    return __obj(*args, **kwargs)
           ^^^^^^^^^^^^^^^^^^^^^^
  File "C:\Users\LevyRamalhoNeotassMa\AppData\Local\Programs\Python\Python311\Lib\site-packages\dbt\clients\jinja.py", line 83, in __call__
    return self.call_macro(*args, **kwargs)
           ^^^^^^^^^^^^^^^^^^^^^^^^^^^^^^^^
  File "C:\Users\LevyRamalhoNeotassMa\AppData\Local\Programs\Python\Python311\Lib\site-packages\dbt_common\clients\jinja.py", line 395, in call_macro
    return macro(*args, **kwargs)
           ^^^^^^^^^^^^^^^^^^^^^^
  File "C:\Users\LevyRamalhoNeotassMa\AppData\Local\Programs\Python\Python311\Lib\site-packages\jinja2\runtime.py", line 770, in __call__
    return self._invoke(arguments, autoescape)
           ^^^^^^^^^^^^^^^^^^^^^^^^^^^^^^^^^^^
  File "C:\Users\LevyRamalhoNeotassMa\AppData\Local\Programs\Python\Python311\Lib\site-packages\jinja2\runtime.py", line 784, in _invoke
    rv = self._func(*arguments)
         ^^^^^^^^^^^^^^^^^^^^^^
  File "<template>", line 52, in macro
  File "C:\Users\LevyRamalhoNeotassMa\AppData\Local\Programs\Python\Python311\Lib\site-packages\jinja2\sandbox.py", line 401, in call
    return __context.call(__obj, *args, **kwargs)
           ^^^^^^^^^^^^^^^^^^^^^^^^^^^^^^^^^^^^^^
  File "C:\Users\LevyRamalhoNeotassMa\AppData\Local\Programs\Python\Python311\Lib\site-packages\jinja2\runtime.py", line 303, in call
    return __obj(*args, **kwargs)
           ^^^^^^^^^^^^^^^^^^^^^^
  File "C:\Users\LevyRamalhoNeotassMa\AppData\Local\Programs\Python\Python311\Lib\site-packages\dbt_common\record.py", line 538, in record_replay_wrapper
    return func_to_record(*call_args, **kwargs)
           ^^^^^^^^^^^^^^^^^^^^^^^^^^^^^^^^^^^^
  File "C:\Users\LevyRamalhoNeotassMa\AppData\Local\Programs\Python\Python311\Lib\site-packages\dbt\adapters\base\impl.py", line 523, in execute
    return self.connections.execute(sql=sql, auto_begin=auto_begin, fetch=fetch, limit=limit)
           ^^^^^^^^^^^^^^^^^^^^^^^^^^^^^^^^^^^^^^^^^^^^^^^^^^^^^^^^^^^^^^^^^^^^^^^^^^^^^^^^^^
  File "C:\Users\LevyRamalhoNeotassMa\AppData\Local\Programs\Python\Python311\Lib\site-packages\dbt\adapters\duckdb\connections.py", line 130, in execute
    return super().execute(sql, auto_begin, fetch, limit)
           ^^^^^^^^^^^^^^^^^^^^^^^^^^^^^^^^^^^^^^^^^^^^^^
  File "C:\Users\LevyRamalhoNeotassMa\AppData\Local\Programs\Python\Python311\Lib\site-packages\dbt\adapters\sql\connections.py", line 219, in execute
    _, cursor = self.add_query(sql, auto_begin)
                ^^^^^^^^^^^^^^^^^^^^^^^^^^^^^^^
  File "C:\Users\LevyRamalhoNeotassMa\AppData\Local\Programs\Python\Python311\Lib\site-packages\dbt\adapters\sql\connections.py", line 131, in add_query
    with self.exception_handler(sql):
  File "C:\Users\LevyRamalhoNeotassMa\AppData\Local\Programs\Python\Python311\Lib\contextlib.py", line 158, in __exit__
    self.gen.throw(typ, value, traceback)
  File "C:\Users\LevyRamalhoNeotassMa\AppData\Local\Programs\Python\Python311\Lib\site-packages\dbt\adapters\duckdb\connections.py", line 102, in exception_handler
    self.rollback_if_open()
  File "C:\Users\LevyRamalhoNeotassMa\AppData\Local\Programs\Python\Python311\Lib\site-packages\dbt\adapters\base\connections.py", line 125, in rollback_if_open
    if conn is not None and conn.handle and conn.transaction_open:
                            ^^^^^^^^^^^
  File "C:\Users\LevyRamalhoNeotassMa\AppData\Local\Programs\Python\Python311\Lib\site-packages\dbt\adapters\contracts\connection.py", line 96, in handle
    self._handle.resolve(self)
  File "C:\Users\LevyRamalhoNeotassMa\AppData\Local\Programs\Python\Python311\Lib\site-packages\dbt\adapters\contracts\connection.py", line 120, in resolve
    return self.opener(connection)
           ^^^^^^^^^^^^^^^^^^^^^^^
  File "C:\Users\LevyRamalhoNeotassMa\AppData\Local\Programs\Python\Python311\Lib\site-packages\dbt\adapters\duckdb\connections.py", line 53, in open
    connection.handle = cls._ENV.handle()
                        ^^^^^^^^^^^^^^^^^
  File "C:\Users\LevyRamalhoNeotassMa\AppData\Local\Programs\Python\Python311\Lib\site-packages\dbt\adapters\duckdb\environments\local.py", line 75, in handle
    self.conn = self.initialize_db(self.creds, self._plugins)
                ^^^^^^^^^^^^^^^^^^^^^^^^^^^^^^^^^^^^^^^^^^^^^
  File "C:\Users\LevyRamalhoNeotassMa\AppData\Local\Programs\Python\Python311\Lib\site-packages\dbt\adapters\duckdb\environments\__init__.py", line 159, in initialize_db
    conn = duckdb.connect(creds.path, read_only=False, config=config)
           ^^^^^^^^^^^^^^^^^^^^^^^^^^^^^^^^^^^^^^^^^^^^^^^^^^^^^^^^^^
_duckdb.IOException: IO Error: Cannot open file "C:\Users\LevyRamalhoNeotassMa\Documents\dev\pipeline-hubspot-analytics\data\analytics.duckdb": O arquivo já está sendo usado por outro processo.

File is already open in 
C:\Users\LevyRamalhoNeotassMa\AppData\Local\Programs\Python\Python311\python.exe (PID 67640)

During handling of the above exception, another exception occurred:

Traceback (most recent call last):
  File "C:\Users\LevyRamalhoNeotassMa\AppData\Local\Programs\Python\Python311\Lib\site-packages\dbt\cli\requires.py", line 190, in wrapper
    result, success = func(*args, **kwargs)
                      ^^^^^^^^^^^^^^^^^^^^^
  File "C:\Users\LevyRamalhoNeotassMa\AppData\Local\Programs\Python\Python311\Lib\site-packages\dbt\cli\requires.py", line 136, in wrapper
    return func(*args, **kwargs)
           ^^^^^^^^^^^^^^^^^^^^^
  File "C:\Users\LevyRamalhoNeotassMa\AppData\Local\Programs\Python\Python311\Lib\site-packages\dbt\cli\requires.py", line 287, in wrapper
    return func(*args, **kwargs)
           ^^^^^^^^^^^^^^^^^^^^^
  File "C:\Users\LevyRamalhoNeotassMa\AppData\Local\Programs\Python\Python311\Lib\site-packages\dbt\cli\requires.py", line 332, in wrapper
    return func(*args, **kwargs)
           ^^^^^^^^^^^^^^^^^^^^^
  File "C:\Users\LevyRamalhoNeotassMa\AppData\Local\Programs\Python\Python311\Lib\site-packages\dbt\cli\requires.py", line 379, in wrapper
    return func(*args, **kwargs)
           ^^^^^^^^^^^^^^^^^^^^^
  File "C:\Users\LevyRamalhoNeotassMa\AppData\Local\Programs\Python\Python311\Lib\site-packages\dbt\cli\requires.py", line 396, in wrapper
    return func(*args, **kwargs)
           ^^^^^^^^^^^^^^^^^^^^^
  File "C:\Users\LevyRamalhoNeotassMa\AppData\Local\Programs\Python\Python311\Lib\site-packages\dbt\cli\main.py", line 223, in build
    results = task.run()
              ^^^^^^^^^^
  File "C:\Users\LevyRamalhoNeotassMa\AppData\Local\Programs\Python\Python311\Lib\site-packages\dbt\task\runnable.py", line 652, in run
    result = self.execute_with_hooks(selected_uids)
             ^^^^^^^^^^^^^^^^^^^^^^^^^^^^^^^^^^^^^^
  File "C:\Users\LevyRamalhoNeotassMa\AppData\Local\Programs\Python\Python311\Lib\site-packages\dbt\task\runnable.py", line 585, in execute_with_hooks
    before_run_status = self.before_run(adapter, selected_uids)
                        ^^^^^^^^^^^^^^^^^^^^^^^^^^^^^^^^^^^^^^^
  File "C:\Users\LevyRamalhoNeotassMa\AppData\Local\Programs\Python\Python311\Lib\site-packages\dbt\task\build.py", line 67, in before_run
    return super().before_run(adapter, selected_uids)
           ^^^^^^^^^^^^^^^^^^^^^^^^^^^^^^^^^^^^^^^^^^
  File "C:\Users\LevyRamalhoNeotassMa\AppData\Local\Programs\Python\Python311\Lib\site-packages\dbt\task\run.py", line 1289, in before_run
    self.create_schemas(adapter, required_schemas)
  File "C:\Users\LevyRamalhoNeotassMa\AppData\Local\Programs\Python\Python311\Lib\site-packages\dbt\task\runnable.py", line 760, in create_schemas
    existing_schemas_lowered.update(ls_future.result())
                                    ^^^^^^^^^^^^^^^^^^
  File "C:\Users\LevyRamalhoNeotassMa\AppData\Local\Programs\Python\Python311\Lib\concurrent\futures\_base.py", line 449, in result
    return self.__get_result()
           ^^^^^^^^^^^^^^^^^^^
  File "C:\Users\LevyRamalhoNeotassMa\AppData\Local\Programs\Python\Python311\Lib\concurrent\futures\_base.py", line 401, in __get_result
    raise self._exception
  File "C:\Users\LevyRamalhoNeotassMa\AppData\Local\Programs\Python\Python311\Lib\concurrent\futures\thread.py", line 58, in run
    result = self.fn(*self.args, **self.kwargs)
             ^^^^^^^^^^^^^^^^^^^^^^^^^^^^^^^^^^
  File "C:\Users\LevyRamalhoNeotassMa\AppData\Local\Programs\Python\Python311\Lib\site-packages\dbt_common\utils\executor.py", line 16, in connected
    return func(*args, **kwargs)
           ^^^^^^^^^^^^^^^^^^^^^
  File "C:\Users\LevyRamalhoNeotassMa\AppData\Local\Programs\Python\Python311\Lib\site-packages\dbt\task\runnable.py", line 735, in list_schemas
    for s in adapter.list_schemas(database_quoted)
             ^^^^^^^^^^^^^^^^^^^^^^^^^^^^^^^^^^^^^
  File "C:\Users\LevyRamalhoNeotassMa\AppData\Local\Programs\Python\Python311\Lib\site-packages\dbt\adapters\sql\impl.py", line 219, in list_schemas
    results = self.execute_macro(LIST_SCHEMAS_MACRO_NAME, kwargs={"database": database})
              ^^^^^^^^^^^^^^^^^^^^^^^^^^^^^^^^^^^^^^^^^^^^^^^^^^^^^^^^^^^^^^^^^^^^^^^^^^
  File "C:\Users\LevyRamalhoNeotassMa\AppData\Local\Programs\Python\Python311\Lib\site-packages\dbt\adapters\base\impl.py", line 1371, in execute_macro
    with self.connections.exception_handler(f"macro {macro_name}"):
  File "C:\Users\LevyRamalhoNeotassMa\AppData\Local\Programs\Python\Python311\Lib\contextlib.py", line 158, in __exit__
    self.gen.throw(typ, value, traceback)
  File "C:\Users\LevyRamalhoNeotassMa\AppData\Local\Programs\Python\Python311\Lib\site-packages\dbt\adapters\duckdb\connections.py", line 102, in exception_handler
    self.rollback_if_open()
  File "C:\Users\LevyRamalhoNeotassMa\AppData\Local\Programs\Python\Python311\Lib\site-packages\dbt\adapters\base\connections.py", line 125, in rollback_if_open
    if conn is not None and conn.handle and conn.transaction_open:
                            ^^^^^^^^^^^
  File "C:\Users\LevyRamalhoNeotassMa\AppData\Local\Programs\Python\Python311\Lib\site-packages\dbt\adapters\contracts\connection.py", line 96, in handle
    self._handle.resolve(self)
  File "C:\Users\LevyRamalhoNeotassMa\AppData\Local\Programs\Python\Python311\Lib\site-packages\dbt\adapters\contracts\connection.py", line 120, in resolve
    return self.opener(connection)
           ^^^^^^^^^^^^^^^^^^^^^^^
  File "C:\Users\LevyRamalhoNeotassMa\AppData\Local\Programs\Python\Python311\Lib\site-packages\dbt\adapters\duckdb\connections.py", line 53, in open
    connection.handle = cls._ENV.handle()
                        ^^^^^^^^^^^^^^^^^
  File "C:\Users\LevyRamalhoNeotassMa\AppData\Local\Programs\Python\Python311\Lib\site-packages\dbt\adapters\duckdb\environments\local.py", line 75, in handle
    self.conn = self.initialize_db(self.creds, self._plugins)
                ^^^^^^^^^^^^^^^^^^^^^^^^^^^^^^^^^^^^^^^^^^^^^
  File "C:\Users\LevyRamalhoNeotassMa\AppData\Local\Programs\Python\Python311\Lib\site-packages\dbt\adapters\duckdb\environments\__init__.py", line 159, in initialize_db
    conn = duckdb.connect(creds.path, read_only=False, config=config)
           ^^^^^^^^^^^^^^^^^^^^^^^^^^^^^^^^^^^^^^^^^^^^^^^^^^^^^^^^^^
_duckdb.IOException: IO Error: Cannot open file "C:\Users\LevyRamalhoNeotassMa\Documents\dev\pipeline-hubspot-analytics\data\analytics.duckdb": O arquivo já está sendo usado por outro processo.

File is already open in 
C:\Users\LevyRamalhoNeotassMa\AppData\Local\Programs\Python\Python311\python.exe (PID 67640)

[0m18:14:32.216662 [warn ] [MainThread]: [[33mWARNING[0m][DeprecationsSummary]: Deprecated functionality
Summary of encountered deprecations:
- MissingArgumentsPropertyInGenericTestDeprecation: 1 occurrence
To see all deprecation instances instead of just the first occurrence of each,
run command again with the `--show-all-deprecations` flag. You may also need to
run with `--no-partial-parse` as some deprecations are only encountered during
parsing.
[0m18:14:32.219029 [debug] [MainThread]: Command `dbt build` failed at 18:14:32.219029 after 10.06 seconds
[0m18:14:32.220043 [debug] [MainThread]: Sending event: {'category': 'dbt', 'action': 'invocation', 'label': 'end', 'context': [<snowplow_tracker.self_describing_json.SelfDescribingJson object at 0x0000019E5C7915D0>, <snowplow_tracker.self_describing_json.SelfDescribingJson object at 0x0000019E5C69A050>, <snowplow_tracker.self_describing_json.SelfDescribingJson object at 0x0000019E5C69BF90>]}
[0m18:14:32.221042 [debug] [MainThread]: Flushing usage events
[0m18:14:33.420311 [debug] [MainThread]: An error was encountered while trying to flush usage events
[0m18:15:58.162748 [debug] [MainThread]: Sending event: {'category': 'dbt', 'action': 'invocation', 'label': 'start', 'context': [<snowplow_tracker.self_describing_json.SelfDescribingJson object at 0x0000024D6780AAD0>, <snowplow_tracker.self_describing_json.SelfDescribingJson object at 0x0000024D6785EA90>, <snowplow_tracker.self_describing_json.SelfDescribingJson object at 0x0000024D6785FB10>]}


============================== 18:15:58.169547 | 9f9b278d-e069-4f8d-a4ee-5b46e5674af4 ==============================
[0m18:15:58.169547 [info ] [MainThread]: Running with dbt=1.12.0
[0m18:15:58.171343 [debug] [MainThread]: running dbt with arguments {'version_check': 'True', 'no_print': 'None', 'maximum_seed_size_mib': '1', 'warn_error_options': 'WarnErrorOptionsV2(error=[], warn=[], silence=[])', 'target_path': 'None', 'static_parser': 'True', 'printer_width': '80', 'write_json': 'True', 'introspect': 'True', 'log_cache_events': 'False', 'empty': 'False', 'cache_selected_only': 'False', 'fail_fast': 'False', 'debug': 'False', 'log_format': 'default', 'profiles_dir': 'dbt', 'send_anonymous_usage_stats': 'True', 'quiet': 'False', 'warn_error': 'None', 'partial_parse': 'True', 'indirect_selection': 'eager', 'hints_enabled': 'True', 'use_colors': 'True', 'use_experimental_parser': 'False', 'invocation_command': 'dbt build --select tag:hubspot --project-dir dbt --profiles-dir dbt', 'log_path': 'dbt\\logs'}
[0m18:15:58.585464 [debug] [MainThread]: Sending event: {'category': 'dbt', 'action': 'project_id', 'label': '9f9b278d-e069-4f8d-a4ee-5b46e5674af4', 'context': [<snowplow_tracker.self_describing_json.SelfDescribingJson object at 0x0000024D67B16E10>]}
[0m18:15:58.667180 [debug] [MainThread]: Sending event: {'category': 'dbt', 'action': 'adapter_info', 'label': '9f9b278d-e069-4f8d-a4ee-5b46e5674af4', 'context': [<snowplow_tracker.self_describing_json.SelfDescribingJson object at 0x0000024D62AD5450>]}
[0m18:15:58.667180 [info ] [MainThread]: Registered adapter: duckdb=1.10.1
[0m18:15:59.103189 [debug] [MainThread]: checksum: f7871d785e789ede5920da78766f82ab7589d2c2d733ba0f7c005d573ada217d, vars: {}, profile: hubspot_analytics, target: dev, version: 1.12.0
[0m18:15:59.323014 [debug] [MainThread]: Partial parsing enabled: 0 files deleted, 0 files added, 0 files changed.
[0m18:15:59.323014 [debug] [MainThread]: Nothing changed, skipping partial parsing.
[0m18:15:59.324927 [debug] [MainThread]: Partial parsing enabled, no changes found, skipping parsing
[0m18:15:59.334525 [debug] [MainThread]: Sending event: {'category': 'dbt', 'action': 'load_project', 'label': '9f9b278d-e069-4f8d-a4ee-5b46e5674af4', 'context': [<snowplow_tracker.self_describing_json.SelfDescribingJson object at 0x0000024D67F73290>]}
[0m18:15:59.510757 [debug] [MainThread]: Wrote artifact WritableManifest to dbt\target\manifest.json
[0m18:15:59.526374 [debug] [MainThread]: Wrote artifact SemanticManifest to dbt\target\semantic_manifest.json
[0m18:15:59.578326 [debug] [MainThread]: Wrote artifact OsiDocument to dbt\target\osi_document.json
[0m18:15:59.662517 [debug] [MainThread]: Sending event: {'category': 'dbt', 'action': 'resource_counts', 'label': '9f9b278d-e069-4f8d-a4ee-5b46e5674af4', 'context': [<snowplow_tracker.self_describing_json.SelfDescribingJson object at 0x0000024D67EF17D0>]}
[0m18:15:59.662517 [info ] [MainThread]: Found 26 models, 1 snapshot, 16 data tests, 487 macros
[0m18:15:59.671081 [info ] [MainThread]: 
[0m18:15:59.671081 [info ] [MainThread]: Concurrency: 4 threads (target='dev')
[0m18:15:59.675455 [info ] [MainThread]: 
[0m18:15:59.677273 [debug] [MainThread]: Acquiring new duckdb connection 'master'
[0m18:15:59.689280 [debug] [ThreadPool]: Acquiring new duckdb connection 'list_analytics'
[0m18:15:59.691301 [debug] [ThreadPool]: Acquiring new duckdb connection 'list_analytics'
[0m18:15:59.711143 [debug] [ThreadPool]: Acquiring new duckdb connection 'list_analytics'
[0m18:15:59.890310 [debug] [ThreadPool]: Using duckdb connection "list_analytics"
[0m18:15:59.890310 [debug] [ThreadPool]: Using duckdb connection "list_analytics"
[0m18:15:59.890310 [debug] [ThreadPool]: Using duckdb connection "list_analytics"
[0m18:15:59.890310 [debug] [ThreadPool]: On list_analytics: /* {"app": "dbt", "dbt_version": "1.12.0", "profile_name": "hubspot_analytics", "target_name": "dev", "connection_name": "list_analytics"} */

    
    select schema_name
    from system.information_schema.schemata
    
    where lower(catalog_name) = '"analytics"'
    
  
  
[0m18:15:59.890310 [debug] [ThreadPool]: On list_analytics: /* {"app": "dbt", "dbt_version": "1.12.0", "profile_name": "hubspot_analytics", "target_name": "dev", "connection_name": "list_analytics"} */

    
    select schema_name
    from system.information_schema.schemata
    
    where lower(catalog_name) = '"analytics"'
    
  
  
[0m18:15:59.895696 [debug] [ThreadPool]: On list_analytics: /* {"app": "dbt", "dbt_version": "1.12.0", "profile_name": "hubspot_analytics", "target_name": "dev", "connection_name": "list_analytics"} */

    
    select schema_name
    from system.information_schema.schemata
    
    where lower(catalog_name) = '"analytics"'
    
  
  
[0m18:15:59.895696 [debug] [ThreadPool]: Opening a new connection, currently in state init
[0m18:15:59.895696 [debug] [ThreadPool]: Opening a new connection, currently in state init
[0m18:15:59.895696 [debug] [ThreadPool]: Opening a new connection, currently in state init
[0m18:15:59.959079 [debug] [ThreadPool]: SQL status: OK in 0.064 seconds
[0m18:15:59.959079 [debug] [ThreadPool]: SQL status: OK in 0.062 seconds
[0m18:15:59.959079 [debug] [ThreadPool]: SQL status: OK in 0.064 seconds
[0m18:15:59.959079 [debug] [ThreadPool]: On list_analytics: Close
[0m18:15:59.959079 [debug] [ThreadPool]: On list_analytics: Close
[0m18:15:59.959079 [debug] [ThreadPool]: On list_analytics: Close
[0m18:15:59.968984 [debug] [ThreadPool]: Re-using an available connection from the pool (formerly list_analytics, now create_analytics_main_gold)
[0m18:15:59.968984 [debug] [ThreadPool]: Re-using an available connection from the pool (formerly list_analytics, now create_analytics_snapshots)
[0m18:15:59.968984 [debug] [ThreadPool]: Re-using an available connection from the pool (formerly list_analytics, now create_analytics_main_staging)
[0m18:15:59.968984 [debug] [ThreadPool]: Creating schema "database: "analytics"
schema: "main_gold"
"
[0m18:15:59.968984 [debug] [ThreadPool]: Creating schema "database: "analytics"
schema: "snapshots"
"
[0m18:15:59.975828 [debug] [ThreadPool]: Creating schema "database: "analytics"
schema: "main_staging"
"
[0m18:15:59.975828 [debug] [ThreadPool]: Using duckdb connection "create_analytics_main_gold"
[0m18:15:59.975828 [debug] [ThreadPool]: Using duckdb connection "create_analytics_snapshots"
[0m18:15:59.985793 [debug] [ThreadPool]: Using duckdb connection "create_analytics_main_staging"
[0m18:15:59.985793 [debug] [ThreadPool]: On create_analytics_main_gold: /* {"app": "dbt", "dbt_version": "1.12.0", "profile_name": "hubspot_analytics", "target_name": "dev", "connection_name": "create_analytics_main_gold"} */

    
        select type from duckdb_databases()
        where lower(database_name)='analytics'
        and type='sqlite'
    
  
[0m18:15:59.985793 [debug] [ThreadPool]: On create_analytics_snapshots: /* {"app": "dbt", "dbt_version": "1.12.0", "profile_name": "hubspot_analytics", "target_name": "dev", "connection_name": "create_analytics_snapshots"} */

    
        select type from duckdb_databases()
        where lower(database_name)='analytics'
        and type='sqlite'
    
  
[0m18:15:59.985793 [debug] [ThreadPool]: On create_analytics_main_staging: /* {"app": "dbt", "dbt_version": "1.12.0", "profile_name": "hubspot_analytics", "target_name": "dev", "connection_name": "create_analytics_main_staging"} */

    
        select type from duckdb_databases()
        where lower(database_name)='analytics'
        and type='sqlite'
    
  
[0m18:15:59.991186 [debug] [ThreadPool]: Opening a new connection, currently in state closed
[0m18:15:59.991831 [debug] [ThreadPool]: Opening a new connection, currently in state closed
[0m18:15:59.991831 [debug] [ThreadPool]: Opening a new connection, currently in state closed
[0m18:15:59.991831 [debug] [ThreadPool]: SQL status: OK in 0.003 seconds
[0m18:15:59.991831 [debug] [ThreadPool]: SQL status: OK in 0.005 seconds
[0m18:15:59.991831 [debug] [ThreadPool]: SQL status: OK in 0.004 seconds
[0m18:15:59.991831 [debug] [ThreadPool]: Using duckdb connection "create_analytics_snapshots"
[0m18:15:59.991831 [debug] [ThreadPool]: Using duckdb connection "create_analytics_main_gold"
[0m18:16:00.001829 [debug] [ThreadPool]: Using duckdb connection "create_analytics_main_staging"
[0m18:16:00.002341 [debug] [ThreadPool]: On create_analytics_snapshots: BEGIN
[0m18:16:00.003724 [debug] [ThreadPool]: On create_analytics_main_gold: BEGIN
[0m18:16:00.003724 [debug] [ThreadPool]: On create_analytics_main_staging: BEGIN
[0m18:16:00.005743 [debug] [ThreadPool]: SQL status: OK in 0.000 seconds
[0m18:16:00.007256 [debug] [ThreadPool]: SQL status: OK in 0.000 seconds
[0m18:16:00.008015 [debug] [ThreadPool]: SQL status: OK in 0.001 seconds
[0m18:16:00.008015 [debug] [ThreadPool]: Using duckdb connection "create_analytics_snapshots"
[0m18:16:00.010035 [debug] [ThreadPool]: Using duckdb connection "create_analytics_main_gold"
[0m18:16:00.010035 [debug] [ThreadPool]: Using duckdb connection "create_analytics_main_staging"
[0m18:16:00.010035 [debug] [ThreadPool]: On create_analytics_snapshots: /* {"app": "dbt", "dbt_version": "1.12.0", "profile_name": "hubspot_analytics", "target_name": "dev", "connection_name": "create_analytics_snapshots"} */

    
    
        create schema if not exists "analytics"."snapshots"
    
[0m18:16:00.010035 [debug] [ThreadPool]: On create_analytics_main_gold: /* {"app": "dbt", "dbt_version": "1.12.0", "profile_name": "hubspot_analytics", "target_name": "dev", "connection_name": "create_analytics_main_gold"} */

    
    
        create schema if not exists "analytics"."main_gold"
    
[0m18:16:00.010035 [debug] [ThreadPool]: On create_analytics_main_staging: /* {"app": "dbt", "dbt_version": "1.12.0", "profile_name": "hubspot_analytics", "target_name": "dev", "connection_name": "create_analytics_main_staging"} */

    
    
        create schema if not exists "analytics"."main_staging"
    
[0m18:16:00.010035 [debug] [ThreadPool]: SQL status: OK in 0.001 seconds
[0m18:16:00.018530 [debug] [ThreadPool]: SQL status: OK in 0.001 seconds
[0m18:16:00.019865 [debug] [ThreadPool]: SQL status: OK in 0.000 seconds
[0m18:16:00.020378 [debug] [ThreadPool]: On create_analytics_snapshots: COMMIT
[0m18:16:00.022927 [debug] [ThreadPool]: On create_analytics_main_gold: COMMIT
[0m18:16:00.023637 [debug] [ThreadPool]: On create_analytics_main_staging: COMMIT
[0m18:16:00.023637 [debug] [ThreadPool]: Using duckdb connection "create_analytics_snapshots"
[0m18:16:00.023637 [debug] [ThreadPool]: Using duckdb connection "create_analytics_main_gold"
[0m18:16:00.023637 [debug] [ThreadPool]: Using duckdb connection "create_analytics_main_staging"
[0m18:16:00.023637 [debug] [ThreadPool]: On create_analytics_snapshots: COMMIT
[0m18:16:00.023637 [debug] [ThreadPool]: On create_analytics_main_gold: COMMIT
[0m18:16:00.023637 [debug] [ThreadPool]: On create_analytics_main_staging: COMMIT
[0m18:16:00.035123 [debug] [ThreadPool]: SQL status: OK in 0.004 seconds
[0m18:16:00.037095 [debug] [ThreadPool]: On create_analytics_snapshots: Close
[0m18:16:00.037095 [debug] [ThreadPool]: SQL status: OK in 0.006 seconds
[0m18:16:00.039010 [debug] [ThreadPool]: On create_analytics_main_gold: Close
[0m18:16:00.042262 [debug] [ThreadPool]: SQL status: OK in 0.010 seconds
[0m18:16:00.042262 [debug] [ThreadPool]: On create_analytics_main_staging: Close
[0m18:16:00.046381 [debug] [ThreadPool]: Acquiring new duckdb connection 'list_analytics_main_gold'
[0m18:16:00.048399 [debug] [ThreadPool]: Acquiring new duckdb connection 'list_analytics_snapshots'
[0m18:16:00.055717 [debug] [ThreadPool]: Acquiring new duckdb connection 'list_analytics_main_staging'
[0m18:16:00.055717 [debug] [ThreadPool]: Using duckdb connection "list_analytics_main_gold"
[0m18:16:00.055717 [debug] [ThreadPool]: Using duckdb connection "list_analytics_snapshots"
[0m18:16:00.055717 [debug] [ThreadPool]: Using duckdb connection "list_analytics_main_staging"
[0m18:16:00.055717 [debug] [ThreadPool]: On list_analytics_main_gold: BEGIN
[0m18:16:00.055717 [debug] [ThreadPool]: On list_analytics_snapshots: BEGIN
[0m18:16:00.055717 [debug] [ThreadPool]: On list_analytics_main_staging: BEGIN
[0m18:16:00.055717 [debug] [ThreadPool]: Opening a new connection, currently in state init
[0m18:16:00.064780 [debug] [ThreadPool]: Opening a new connection, currently in state init
[0m18:16:00.065294 [debug] [ThreadPool]: Opening a new connection, currently in state init
[0m18:16:00.066239 [debug] [ThreadPool]: SQL status: OK in 0.003 seconds
[0m18:16:00.068617 [debug] [ThreadPool]: SQL status: OK in 0.004 seconds
[0m18:16:00.070072 [debug] [ThreadPool]: SQL status: OK in 0.005 seconds
[0m18:16:00.070072 [debug] [ThreadPool]: Using duckdb connection "list_analytics_main_gold"
[0m18:16:00.071564 [debug] [ThreadPool]: Using duckdb connection "list_analytics_snapshots"
[0m18:16:00.072568 [debug] [ThreadPool]: Using duckdb connection "list_analytics_main_staging"
[0m18:16:00.073567 [debug] [ThreadPool]: On list_analytics_main_gold: /* {"app": "dbt", "dbt_version": "1.12.0", "profile_name": "hubspot_analytics", "target_name": "dev", "connection_name": "list_analytics_main_gold"} */
select
      'analytics' as database,
      table_name as name,
      table_schema as schema,
      CASE table_type
        WHEN 'BASE TABLE' THEN 'table'
        WHEN 'VIEW' THEN 'view'
        WHEN 'LOCAL TEMPORARY' THEN 'table'
        END as type
    from system.information_schema.tables
    where lower(table_schema) = 'main_gold'
    and lower(table_catalog) = 'analytics'
  
[0m18:16:00.074571 [debug] [ThreadPool]: On list_analytics_snapshots: /* {"app": "dbt", "dbt_version": "1.12.0", "profile_name": "hubspot_analytics", "target_name": "dev", "connection_name": "list_analytics_snapshots"} */
select
      'analytics' as database,
      table_name as name,
      table_schema as schema,
      CASE table_type
        WHEN 'BASE TABLE' THEN 'table'
        WHEN 'VIEW' THEN 'view'
        WHEN 'LOCAL TEMPORARY' THEN 'table'
        END as type
    from system.information_schema.tables
    where lower(table_schema) = 'snapshots'
    and lower(table_catalog) = 'analytics'
  
[0m18:16:00.074571 [debug] [ThreadPool]: On list_analytics_main_staging: /* {"app": "dbt", "dbt_version": "1.12.0", "profile_name": "hubspot_analytics", "target_name": "dev", "connection_name": "list_analytics_main_staging"} */
select
      'analytics' as database,
      table_name as name,
      table_schema as schema,
      CASE table_type
        WHEN 'BASE TABLE' THEN 'table'
        WHEN 'VIEW' THEN 'view'
        WHEN 'LOCAL TEMPORARY' THEN 'table'
        END as type
    from system.information_schema.tables
    where lower(table_schema) = 'main_staging'
    and lower(table_catalog) = 'analytics'
  
[0m18:16:00.091037 [debug] [ThreadPool]: SQL status: OK in 0.018 seconds
[0m18:16:00.091037 [debug] [ThreadPool]: SQL status: OK in 0.019 seconds
[0m18:16:00.091037 [debug] [ThreadPool]: SQL status: OK in 0.018 seconds
[0m18:16:00.091037 [debug] [ThreadPool]: On list_analytics_snapshots: ROLLBACK
[0m18:16:00.099525 [debug] [ThreadPool]: On list_analytics_main_gold: ROLLBACK
[0m18:16:00.099525 [debug] [ThreadPool]: On list_analytics_main_staging: ROLLBACK
[0m18:16:00.103525 [debug] [ThreadPool]: Failed to rollback 'list_analytics_snapshots'
[0m18:16:00.103525 [debug] [ThreadPool]: Failed to rollback 'list_analytics_main_gold'
[0m18:16:00.103525 [debug] [ThreadPool]: Failed to rollback 'list_analytics_main_staging'
[0m18:16:00.103525 [debug] [ThreadPool]: On list_analytics_snapshots: Close
[0m18:16:00.103525 [debug] [ThreadPool]: On list_analytics_main_gold: Close
[0m18:16:00.103525 [debug] [ThreadPool]: On list_analytics_main_staging: Close
[0m18:16:00.110190 [debug] [MainThread]: Sending event: {'category': 'dbt', 'action': 'runnable_timing', 'label': '9f9b278d-e069-4f8d-a4ee-5b46e5674af4', 'context': [<snowplow_tracker.self_describing_json.SelfDescribingJson object at 0x0000024D67E8E910>]}
[0m18:16:00.111293 [debug] [MainThread]: Using duckdb connection "master"
[0m18:16:00.111805 [debug] [MainThread]: On master: BEGIN
[0m18:16:00.111805 [debug] [MainThread]: Opening a new connection, currently in state init
[0m18:16:00.113819 [debug] [MainThread]: SQL status: OK in 0.001 seconds
[0m18:16:00.113819 [debug] [MainThread]: On master: COMMIT
[0m18:16:00.115575 [debug] [MainThread]: Using duckdb connection "master"
[0m18:16:00.115575 [debug] [MainThread]: On master: COMMIT
[0m18:16:00.118440 [debug] [MainThread]: SQL status: OK in 0.000 seconds
[0m18:16:00.119018 [debug] [MainThread]: On master: Close
[0m18:16:00.133697 [debug] [Thread-1 (]: Began running node model.hubspot_analytics.stg_assoc__calls_companies
[0m18:16:00.133697 [debug] [Thread-2 (]: Began running node model.hubspot_analytics.stg_assoc__calls_contacts
[0m18:16:00.135713 [debug] [Thread-3 (]: Began running node model.hubspot_analytics.stg_assoc__calls_deals
[0m18:16:00.135713 [debug] [Thread-4 (]: Began running node model.hubspot_analytics.stg_assoc__deals_companies
[0m18:16:00.135713 [info ] [Thread-1 (]: 1 of 43 START sql view model main_staging.stg_assoc__calls_companies ........... [RUN]
[0m18:16:00.135713 [info ] [Thread-2 (]: 2 of 43 START sql view model main_staging.stg_assoc__calls_contacts ............ [RUN]
[0m18:16:00.135713 [info ] [Thread-3 (]: 3 of 43 START sql view model main_staging.stg_assoc__calls_deals ............... [RUN]
[0m18:16:00.135713 [info ] [Thread-4 (]: 4 of 43 START sql view model main_staging.stg_assoc__deals_companies ........... [RUN]
[0m18:16:00.135713 [debug] [Thread-1 (]: Acquiring new duckdb connection 'model.hubspot_analytics.stg_assoc__calls_companies'
[0m18:16:00.135713 [debug] [Thread-2 (]: Acquiring new duckdb connection 'model.hubspot_analytics.stg_assoc__calls_contacts'
[0m18:16:00.135713 [debug] [Thread-3 (]: Acquiring new duckdb connection 'model.hubspot_analytics.stg_assoc__calls_deals'
[0m18:16:00.135713 [debug] [Thread-4 (]: Acquiring new duckdb connection 'model.hubspot_analytics.stg_assoc__deals_companies'
[0m18:16:00.145702 [debug] [Thread-1 (]: Began compiling node model.hubspot_analytics.stg_assoc__calls_companies
[0m18:16:00.145702 [debug] [Thread-2 (]: Began compiling node model.hubspot_analytics.stg_assoc__calls_contacts
[0m18:16:00.147440 [debug] [Thread-3 (]: Began compiling node model.hubspot_analytics.stg_assoc__calls_deals
[0m18:16:00.149031 [debug] [Thread-4 (]: Began compiling node model.hubspot_analytics.stg_assoc__deals_companies
[0m18:16:00.163186 [debug] [Thread-1 (]: Writing injected SQL for node "model.hubspot_analytics.stg_assoc__calls_companies"
[0m18:16:00.163186 [debug] [Thread-2 (]: Writing injected SQL for node "model.hubspot_analytics.stg_assoc__calls_contacts"
[0m18:16:00.168529 [debug] [Thread-3 (]: Writing injected SQL for node "model.hubspot_analytics.stg_assoc__calls_deals"
[0m18:16:00.170781 [debug] [Thread-4 (]: Writing injected SQL for node "model.hubspot_analytics.stg_assoc__deals_companies"
[0m18:16:00.186928 [debug] [Thread-3 (]: Began executing node model.hubspot_analytics.stg_assoc__calls_deals
[0m18:16:00.187930 [debug] [Thread-1 (]: Began executing node model.hubspot_analytics.stg_assoc__calls_companies
[0m18:16:00.199929 [debug] [Thread-4 (]: Began executing node model.hubspot_analytics.stg_assoc__deals_companies
[0m18:16:00.222629 [debug] [Thread-3 (]: Writing runtime sql for node "model.hubspot_analytics.stg_assoc__calls_deals"
[0m18:16:00.225792 [debug] [Thread-2 (]: Began executing node model.hubspot_analytics.stg_assoc__calls_contacts
[0m18:16:00.229268 [debug] [Thread-1 (]: Writing runtime sql for node "model.hubspot_analytics.stg_assoc__calls_companies"
[0m18:16:00.233331 [debug] [Thread-4 (]: Writing runtime sql for node "model.hubspot_analytics.stg_assoc__deals_companies"
[0m18:16:00.236415 [debug] [Thread-2 (]: Writing runtime sql for node "model.hubspot_analytics.stg_assoc__calls_contacts"
[0m18:16:00.246025 [debug] [Thread-1 (]: Using duckdb connection "model.hubspot_analytics.stg_assoc__calls_companies"
[0m18:16:00.248041 [debug] [Thread-4 (]: Using duckdb connection "model.hubspot_analytics.stg_assoc__deals_companies"
[0m18:16:00.248041 [debug] [Thread-1 (]: On model.hubspot_analytics.stg_assoc__calls_companies: BEGIN
[0m18:16:00.250057 [debug] [Thread-3 (]: Using duckdb connection "model.hubspot_analytics.stg_assoc__calls_deals"
[0m18:16:00.250057 [debug] [Thread-2 (]: Using duckdb connection "model.hubspot_analytics.stg_assoc__calls_contacts"
[0m18:16:00.252072 [debug] [Thread-4 (]: On model.hubspot_analytics.stg_assoc__deals_companies: BEGIN
[0m18:16:00.252072 [debug] [Thread-1 (]: Opening a new connection, currently in state init
[0m18:16:00.254086 [debug] [Thread-3 (]: On model.hubspot_analytics.stg_assoc__calls_deals: BEGIN
[0m18:16:00.256098 [debug] [Thread-2 (]: On model.hubspot_analytics.stg_assoc__calls_contacts: BEGIN
[0m18:16:00.256098 [debug] [Thread-4 (]: Opening a new connection, currently in state init
[0m18:16:00.258112 [debug] [Thread-1 (]: SQL status: OK in 0.006 seconds
[0m18:16:00.260124 [debug] [Thread-3 (]: Opening a new connection, currently in state init
[0m18:16:00.260124 [debug] [Thread-2 (]: Opening a new connection, currently in state init
[0m18:16:00.260124 [debug] [Thread-4 (]: SQL status: OK in 0.006 seconds
[0m18:16:00.264211 [debug] [Thread-1 (]: Using duckdb connection "model.hubspot_analytics.stg_assoc__calls_companies"
[0m18:16:00.265949 [debug] [Thread-3 (]: SQL status: OK in 0.005 seconds
[0m18:16:00.267616 [debug] [Thread-2 (]: SQL status: OK in 0.006 seconds
[0m18:16:00.268964 [debug] [Thread-4 (]: Using duckdb connection "model.hubspot_analytics.stg_assoc__deals_companies"
[0m18:16:00.270311 [debug] [Thread-1 (]: On model.hubspot_analytics.stg_assoc__calls_companies: /* {"app": "dbt", "dbt_version": "1.12.0", "profile_name": "hubspot_analytics", "target_name": "dev", "node_id": "model.hubspot_analytics.stg_assoc__calls_companies"} */

  
  create view "analytics"."main_staging"."stg_assoc__calls_companies__dbt_tmp" as (
    


with raw as (

    select *
    from read_json_auto(
        'data/raw/hubspot/assoc_calls_companies/*.jsonl',
        union_by_name = true
    )

),

dedup as (

    select *,
           row_number() over (
               partition by from_id, to_id order by load_ts desc
           ) as _rn
    from raw

)

select
    cast(from_id as bigint)         as from_id,
    cast(to_id as bigint)           as to_id,
    cast(type as varchar)           as assoc_type,
    try_cast(load_ts as timestamp)  as _loaded_at
from dedup
where _rn = 1


  );

[0m18:16:00.270311 [debug] [Thread-3 (]: Using duckdb connection "model.hubspot_analytics.stg_assoc__calls_deals"
[0m18:16:00.270311 [debug] [Thread-2 (]: Using duckdb connection "model.hubspot_analytics.stg_assoc__calls_contacts"
[0m18:16:00.270311 [debug] [Thread-4 (]: On model.hubspot_analytics.stg_assoc__deals_companies: /* {"app": "dbt", "dbt_version": "1.12.0", "profile_name": "hubspot_analytics", "target_name": "dev", "node_id": "model.hubspot_analytics.stg_assoc__deals_companies"} */

  
  create view "analytics"."main_staging"."stg_assoc__deals_companies__dbt_tmp" as (
    


with raw as (

    select *
    from read_json_auto(
        'data/raw/hubspot/assoc_deals_companies/*.jsonl',
        union_by_name = true
    )

),

dedup as (

    select *,
           row_number() over (
               partition by from_id, to_id order by load_ts desc
           ) as _rn
    from raw

)

select
    cast(from_id as bigint)         as from_id,
    cast(to_id as bigint)           as to_id,
    cast(type as varchar)           as assoc_type,
    try_cast(load_ts as timestamp)  as _loaded_at
from dedup
where _rn = 1


  );

[0m18:16:00.270311 [debug] [Thread-3 (]: On model.hubspot_analytics.stg_assoc__calls_deals: /* {"app": "dbt", "dbt_version": "1.12.0", "profile_name": "hubspot_analytics", "target_name": "dev", "node_id": "model.hubspot_analytics.stg_assoc__calls_deals"} */

  
  create view "analytics"."main_staging"."stg_assoc__calls_deals__dbt_tmp" as (
    


with raw as (

    select *
    from read_json_auto(
        'data/raw/hubspot/assoc_calls_deals/*.jsonl',
        union_by_name = true
    )

),

dedup as (

    select *,
           row_number() over (
               partition by from_id, to_id order by load_ts desc
           ) as _rn
    from raw

)

select
    cast(from_id as bigint)         as from_id,
    cast(to_id as bigint)           as to_id,
    cast(type as varchar)           as assoc_type,
    try_cast(load_ts as timestamp)  as _loaded_at
from dedup
where _rn = 1


  );

[0m18:16:00.270311 [debug] [Thread-2 (]: On model.hubspot_analytics.stg_assoc__calls_contacts: /* {"app": "dbt", "dbt_version": "1.12.0", "profile_name": "hubspot_analytics", "target_name": "dev", "node_id": "model.hubspot_analytics.stg_assoc__calls_contacts"} */

  
  create view "analytics"."main_staging"."stg_assoc__calls_contacts__dbt_tmp" as (
    


with raw as (

    select *
    from read_json_auto(
        'data/raw/hubspot/assoc_calls_contacts/*.jsonl',
        union_by_name = true
    )

),

dedup as (

    select *,
           row_number() over (
               partition by from_id, to_id order by load_ts desc
           ) as _rn
    from raw

)

select
    cast(from_id as bigint)         as from_id,
    cast(to_id as bigint)           as to_id,
    cast(type as varchar)           as assoc_type,
    try_cast(load_ts as timestamp)  as _loaded_at
from dedup
where _rn = 1


  );

[0m18:16:00.344528 [debug] [Thread-1 (]: SQL status: OK in 0.070 seconds
[0m18:16:00.344528 [debug] [Thread-2 (]: SQL status: OK in 0.066 seconds
[0m18:16:00.344528 [debug] [Thread-4 (]: SQL status: OK in 0.069 seconds
[0m18:16:00.347011 [debug] [Thread-3 (]: SQL status: OK in 0.068 seconds
[0m18:16:00.351042 [debug] [Thread-1 (]: Using duckdb connection "model.hubspot_analytics.stg_assoc__calls_companies"
[0m18:16:00.351042 [debug] [Thread-2 (]: Using duckdb connection "model.hubspot_analytics.stg_assoc__calls_contacts"
[0m18:16:00.351042 [debug] [Thread-4 (]: Using duckdb connection "model.hubspot_analytics.stg_assoc__deals_companies"
[0m18:16:00.360601 [debug] [Thread-3 (]: Using duckdb connection "model.hubspot_analytics.stg_assoc__calls_deals"
[0m18:16:00.360601 [debug] [Thread-1 (]: On model.hubspot_analytics.stg_assoc__calls_companies: /* {"app": "dbt", "dbt_version": "1.12.0", "profile_name": "hubspot_analytics", "target_name": "dev", "node_id": "model.hubspot_analytics.stg_assoc__calls_companies"} */
alter view "analytics"."main_staging"."stg_assoc__calls_companies__dbt_tmp" rename to "stg_assoc__calls_companies"
[0m18:16:00.360601 [debug] [Thread-2 (]: On model.hubspot_analytics.stg_assoc__calls_contacts: /* {"app": "dbt", "dbt_version": "1.12.0", "profile_name": "hubspot_analytics", "target_name": "dev", "node_id": "model.hubspot_analytics.stg_assoc__calls_contacts"} */
alter view "analytics"."main_staging"."stg_assoc__calls_contacts__dbt_tmp" rename to "stg_assoc__calls_contacts"
[0m18:16:00.360601 [debug] [Thread-4 (]: On model.hubspot_analytics.stg_assoc__deals_companies: /* {"app": "dbt", "dbt_version": "1.12.0", "profile_name": "hubspot_analytics", "target_name": "dev", "node_id": "model.hubspot_analytics.stg_assoc__deals_companies"} */
alter view "analytics"."main_staging"."stg_assoc__deals_companies__dbt_tmp" rename to "stg_assoc__deals_companies"
[0m18:16:00.360601 [debug] [Thread-3 (]: On model.hubspot_analytics.stg_assoc__calls_deals: /* {"app": "dbt", "dbt_version": "1.12.0", "profile_name": "hubspot_analytics", "target_name": "dev", "node_id": "model.hubspot_analytics.stg_assoc__calls_deals"} */
alter view "analytics"."main_staging"."stg_assoc__calls_deals__dbt_tmp" rename to "stg_assoc__calls_deals"
[0m18:16:00.369024 [debug] [Thread-1 (]: SQL status: OK in 0.001 seconds
[0m18:16:00.371042 [debug] [Thread-2 (]: SQL status: OK in 0.001 seconds
[0m18:16:00.371042 [debug] [Thread-4 (]: SQL status: OK in 0.001 seconds
[0m18:16:00.373055 [debug] [Thread-3 (]: SQL status: OK in 0.001 seconds
[0m18:16:00.387829 [debug] [Thread-1 (]: On model.hubspot_analytics.stg_assoc__calls_companies: COMMIT
[0m18:16:00.389848 [debug] [Thread-2 (]: On model.hubspot_analytics.stg_assoc__calls_contacts: COMMIT
[0m18:16:00.393167 [debug] [Thread-4 (]: On model.hubspot_analytics.stg_assoc__deals_companies: COMMIT
[0m18:16:00.395183 [debug] [Thread-3 (]: On model.hubspot_analytics.stg_assoc__calls_deals: COMMIT
[0m18:16:00.395183 [debug] [Thread-1 (]: Using duckdb connection "model.hubspot_analytics.stg_assoc__calls_companies"
[0m18:16:00.395183 [debug] [Thread-2 (]: Using duckdb connection "model.hubspot_analytics.stg_assoc__calls_contacts"
[0m18:16:00.395183 [debug] [Thread-4 (]: Using duckdb connection "model.hubspot_analytics.stg_assoc__deals_companies"
[0m18:16:00.395183 [debug] [Thread-3 (]: Using duckdb connection "model.hubspot_analytics.stg_assoc__calls_deals"
[0m18:16:00.400130 [debug] [Thread-1 (]: On model.hubspot_analytics.stg_assoc__calls_companies: COMMIT
[0m18:16:00.400130 [debug] [Thread-2 (]: On model.hubspot_analytics.stg_assoc__calls_contacts: COMMIT
[0m18:16:00.402147 [debug] [Thread-4 (]: On model.hubspot_analytics.stg_assoc__deals_companies: COMMIT
[0m18:16:00.402147 [debug] [Thread-3 (]: On model.hubspot_analytics.stg_assoc__calls_deals: COMMIT
[0m18:16:00.411001 [debug] [Thread-1 (]: SQL status: OK in 0.006 seconds
[0m18:16:00.417650 [debug] [Thread-1 (]: Using duckdb connection "model.hubspot_analytics.stg_assoc__calls_companies"
[0m18:16:00.417650 [debug] [Thread-2 (]: SQL status: OK in 0.013 seconds
[0m18:16:00.420175 [debug] [Thread-1 (]: On model.hubspot_analytics.stg_assoc__calls_companies: /* {"app": "dbt", "dbt_version": "1.12.0", "profile_name": "hubspot_analytics", "target_name": "dev", "node_id": "model.hubspot_analytics.stg_assoc__calls_companies"} */

      drop view if exists "analytics"."main_staging"."stg_assoc__calls_companies__dbt_backup" cascade
    
[0m18:16:00.420175 [debug] [Thread-2 (]: Using duckdb connection "model.hubspot_analytics.stg_assoc__calls_contacts"
[0m18:16:00.425399 [debug] [Thread-4 (]: SQL status: OK in 0.019 seconds
[0m18:16:00.425399 [debug] [Thread-2 (]: On model.hubspot_analytics.stg_assoc__calls_contacts: /* {"app": "dbt", "dbt_version": "1.12.0", "profile_name": "hubspot_analytics", "target_name": "dev", "node_id": "model.hubspot_analytics.stg_assoc__calls_contacts"} */

      drop view if exists "analytics"."main_staging"."stg_assoc__calls_contacts__dbt_backup" cascade
    
[0m18:16:00.429509 [debug] [Thread-4 (]: Using duckdb connection "model.hubspot_analytics.stg_assoc__deals_companies"
[0m18:16:00.431523 [debug] [Thread-3 (]: SQL status: OK in 0.024 seconds
[0m18:16:00.431523 [debug] [Thread-1 (]: SQL status: OK in 0.008 seconds
[0m18:16:00.431523 [debug] [Thread-2 (]: SQL status: OK in 0.000 seconds
[0m18:16:00.433542 [debug] [Thread-4 (]: On model.hubspot_analytics.stg_assoc__deals_companies: /* {"app": "dbt", "dbt_version": "1.12.0", "profile_name": "hubspot_analytics", "target_name": "dev", "node_id": "model.hubspot_analytics.stg_assoc__deals_companies"} */

      drop view if exists "analytics"."main_staging"."stg_assoc__deals_companies__dbt_backup" cascade
    
[0m18:16:00.435589 [debug] [Thread-3 (]: Using duckdb connection "model.hubspot_analytics.stg_assoc__calls_deals"
[0m18:16:00.439289 [debug] [Thread-1 (]: On model.hubspot_analytics.stg_assoc__calls_companies: Close
[0m18:16:00.439289 [debug] [Thread-2 (]: On model.hubspot_analytics.stg_assoc__calls_contacts: Close
[0m18:16:00.439289 [debug] [Thread-4 (]: SQL status: OK in 0.000 seconds
[0m18:16:00.439289 [debug] [Thread-3 (]: On model.hubspot_analytics.stg_assoc__calls_deals: /* {"app": "dbt", "dbt_version": "1.12.0", "profile_name": "hubspot_analytics", "target_name": "dev", "node_id": "model.hubspot_analytics.stg_assoc__calls_deals"} */

      drop view if exists "analytics"."main_staging"."stg_assoc__calls_deals__dbt_backup" cascade
    
[0m18:16:00.448844 [debug] [Thread-4 (]: On model.hubspot_analytics.stg_assoc__deals_companies: Close
[0m18:16:00.448844 [debug] [Thread-1 (]: Sending event: {'category': 'dbt', 'action': 'run_model', 'label': '9f9b278d-e069-4f8d-a4ee-5b46e5674af4', 'context': [<snowplow_tracker.self_describing_json.SelfDescribingJson object at 0x0000024D6968D110>]}
[0m18:16:00.451688 [debug] [Thread-2 (]: Sending event: {'category': 'dbt', 'action': 'run_model', 'label': '9f9b278d-e069-4f8d-a4ee-5b46e5674af4', 'context': [<snowplow_tracker.self_describing_json.SelfDescribingJson object at 0x0000024D696AF910>]}
[0m18:16:00.451688 [debug] [Thread-3 (]: SQL status: OK in 0.001 seconds
[0m18:16:00.451688 [debug] [Thread-4 (]: Sending event: {'category': 'dbt', 'action': 'run_model', 'label': '9f9b278d-e069-4f8d-a4ee-5b46e5674af4', 'context': [<snowplow_tracker.self_describing_json.SelfDescribingJson object at 0x0000024D6969B6D0>]}
[0m18:16:00.454822 [info ] [Thread-1 (]: 1 of 43 OK created sql view model main_staging.stg_assoc__calls_companies ...... [[32mOK[0m in 0.30s]
[0m18:16:00.456844 [info ] [Thread-2 (]: 2 of 43 OK created sql view model main_staging.stg_assoc__calls_contacts ....... [[32mOK[0m in 0.31s]
[0m18:16:00.458861 [debug] [Thread-3 (]: On model.hubspot_analytics.stg_assoc__calls_deals: Close
[0m18:16:00.460878 [info ] [Thread-4 (]: 4 of 43 OK created sql view model main_staging.stg_assoc__deals_companies ...... [[32mOK[0m in 0.32s]
[0m18:16:00.460878 [debug] [Thread-1 (]: Finished running node model.hubspot_analytics.stg_assoc__calls_companies
[0m18:16:00.463718 [debug] [Thread-2 (]: Finished running node model.hubspot_analytics.stg_assoc__calls_contacts
[0m18:16:00.466312 [debug] [Thread-3 (]: Sending event: {'category': 'dbt', 'action': 'run_model', 'label': '9f9b278d-e069-4f8d-a4ee-5b46e5674af4', 'context': [<snowplow_tracker.self_describing_json.SelfDescribingJson object at 0x0000024D6968CE50>]}
[0m18:16:00.468051 [debug] [Thread-4 (]: Finished running node model.hubspot_analytics.stg_assoc__deals_companies
[0m18:16:00.469841 [debug] [Thread-1 (]: Began running node model.hubspot_analytics.stg_assoc__deals_contacts
[0m18:16:00.472367 [debug] [Thread-2 (]: Began running node model.hubspot_analytics.stg_assoc__meetings_companies
[0m18:16:00.475600 [info ] [Thread-3 (]: 3 of 43 OK created sql view model main_staging.stg_assoc__calls_deals .......... [[32mOK[0m in 0.33s]
[0m18:16:00.475600 [debug] [Thread-4 (]: Began running node model.hubspot_analytics.stg_assoc__meetings_contacts
[0m18:16:00.478619 [info ] [Thread-1 (]: 5 of 43 START sql view model main_staging.stg_assoc__deals_contacts ............ [RUN]
[0m18:16:00.478619 [info ] [Thread-2 (]: 6 of 43 START sql view model main_staging.stg_assoc__meetings_companies ........ [RUN]
[0m18:16:00.481150 [debug] [Thread-3 (]: Finished running node model.hubspot_analytics.stg_assoc__calls_deals
[0m18:16:00.485236 [info ] [Thread-4 (]: 7 of 43 START sql view model main_staging.stg_assoc__meetings_contacts ......... [RUN]
[0m18:16:00.489111 [debug] [Thread-1 (]: Re-using an available connection from the pool (formerly model.hubspot_analytics.stg_assoc__calls_companies, now model.hubspot_analytics.stg_assoc__deals_contacts)
[0m18:16:00.489111 [debug] [Thread-2 (]: Re-using an available connection from the pool (formerly model.hubspot_analytics.stg_assoc__calls_contacts, now model.hubspot_analytics.stg_assoc__meetings_companies)
[0m18:16:00.489111 [debug] [Thread-3 (]: Began running node model.hubspot_analytics.stg_assoc__meetings_deals
[0m18:16:00.489111 [debug] [Thread-4 (]: Re-using an available connection from the pool (formerly model.hubspot_analytics.stg_assoc__deals_companies, now model.hubspot_analytics.stg_assoc__meetings_contacts)
[0m18:16:00.489111 [debug] [Thread-1 (]: Began compiling node model.hubspot_analytics.stg_assoc__deals_contacts
[0m18:16:00.489111 [debug] [Thread-2 (]: Began compiling node model.hubspot_analytics.stg_assoc__meetings_companies
[0m18:16:00.498016 [info ] [Thread-3 (]: 8 of 43 START sql view model main_staging.stg_assoc__meetings_deals ............ [RUN]
[0m18:16:00.498016 [debug] [Thread-4 (]: Began compiling node model.hubspot_analytics.stg_assoc__meetings_contacts
[0m18:16:00.506403 [debug] [Thread-1 (]: Writing injected SQL for node "model.hubspot_analytics.stg_assoc__deals_contacts"
[0m18:16:00.508417 [debug] [Thread-2 (]: Writing injected SQL for node "model.hubspot_analytics.stg_assoc__meetings_companies"
[0m18:16:00.508417 [debug] [Thread-3 (]: Re-using an available connection from the pool (formerly model.hubspot_analytics.stg_assoc__calls_deals, now model.hubspot_analytics.stg_assoc__meetings_deals)
[0m18:16:00.515980 [debug] [Thread-4 (]: Writing injected SQL for node "model.hubspot_analytics.stg_assoc__meetings_contacts"
[0m18:16:00.521202 [debug] [Thread-3 (]: Began compiling node model.hubspot_analytics.stg_assoc__meetings_deals
[0m18:16:00.527698 [debug] [Thread-3 (]: Writing injected SQL for node "model.hubspot_analytics.stg_assoc__meetings_deals"
[0m18:16:00.545908 [debug] [Thread-1 (]: Began executing node model.hubspot_analytics.stg_assoc__deals_contacts
[0m18:16:00.547958 [debug] [Thread-2 (]: Began executing node model.hubspot_analytics.stg_assoc__meetings_companies
[0m18:16:00.547958 [debug] [Thread-4 (]: Began executing node model.hubspot_analytics.stg_assoc__meetings_contacts
[0m18:16:00.547958 [debug] [Thread-3 (]: Began executing node model.hubspot_analytics.stg_assoc__meetings_deals
[0m18:16:00.556123 [debug] [Thread-1 (]: Writing runtime sql for node "model.hubspot_analytics.stg_assoc__deals_contacts"
[0m18:16:00.560144 [debug] [Thread-2 (]: Writing runtime sql for node "model.hubspot_analytics.stg_assoc__meetings_companies"
[0m18:16:00.563142 [debug] [Thread-4 (]: Writing runtime sql for node "model.hubspot_analytics.stg_assoc__meetings_contacts"
[0m18:16:00.567145 [debug] [Thread-3 (]: Writing runtime sql for node "model.hubspot_analytics.stg_assoc__meetings_deals"
[0m18:16:00.580616 [debug] [Thread-1 (]: Using duckdb connection "model.hubspot_analytics.stg_assoc__deals_contacts"
[0m18:16:00.581604 [debug] [Thread-1 (]: On model.hubspot_analytics.stg_assoc__deals_contacts: BEGIN
[0m18:16:00.582611 [debug] [Thread-1 (]: Opening a new connection, currently in state closed
[0m18:16:00.584578 [debug] [Thread-1 (]: SQL status: OK in 0.001 seconds
[0m18:16:00.585619 [debug] [Thread-4 (]: Using duckdb connection "model.hubspot_analytics.stg_assoc__meetings_contacts"
[0m18:16:00.585619 [debug] [Thread-3 (]: Using duckdb connection "model.hubspot_analytics.stg_assoc__meetings_deals"
[0m18:16:00.585619 [debug] [Thread-2 (]: Using duckdb connection "model.hubspot_analytics.stg_assoc__meetings_companies"
[0m18:16:00.585619 [debug] [Thread-1 (]: Using duckdb connection "model.hubspot_analytics.stg_assoc__deals_contacts"
[0m18:16:00.588930 [debug] [Thread-4 (]: On model.hubspot_analytics.stg_assoc__meetings_contacts: BEGIN
[0m18:16:00.588930 [debug] [Thread-3 (]: On model.hubspot_analytics.stg_assoc__meetings_deals: BEGIN
[0m18:16:00.588930 [debug] [Thread-2 (]: On model.hubspot_analytics.stg_assoc__meetings_companies: BEGIN
[0m18:16:00.588930 [debug] [Thread-1 (]: On model.hubspot_analytics.stg_assoc__deals_contacts: /* {"app": "dbt", "dbt_version": "1.12.0", "profile_name": "hubspot_analytics", "target_name": "dev", "node_id": "model.hubspot_analytics.stg_assoc__deals_contacts"} */

  
  create view "analytics"."main_staging"."stg_assoc__deals_contacts__dbt_tmp" as (
    


with raw as (

    select *
    from read_json_auto(
        'data/raw/hubspot/assoc_deals_contacts/*.jsonl',
        union_by_name = true
    )

),

dedup as (

    select *,
           row_number() over (
               partition by from_id, to_id order by load_ts desc
           ) as _rn
    from raw

)

select
    cast(from_id as bigint)         as from_id,
    cast(to_id as bigint)           as to_id,
    cast(type as varchar)           as assoc_type,
    try_cast(load_ts as timestamp)  as _loaded_at
from dedup
where _rn = 1


  );

[0m18:16:00.588930 [debug] [Thread-4 (]: Opening a new connection, currently in state closed
[0m18:16:00.588930 [debug] [Thread-3 (]: Opening a new connection, currently in state closed
[0m18:16:00.593806 [debug] [Thread-2 (]: Opening a new connection, currently in state closed
[0m18:16:00.593806 [debug] [Thread-4 (]: SQL status: OK in 0.004 seconds
[0m18:16:00.597039 [debug] [Thread-3 (]: SQL status: OK in 0.004 seconds
[0m18:16:00.597039 [debug] [Thread-2 (]: SQL status: OK in 0.004 seconds
[0m18:16:00.597039 [debug] [Thread-4 (]: Using duckdb connection "model.hubspot_analytics.stg_assoc__meetings_contacts"
[0m18:16:00.597039 [debug] [Thread-3 (]: Using duckdb connection "model.hubspot_analytics.stg_assoc__meetings_deals"
[0m18:16:00.601351 [debug] [Thread-2 (]: Using duckdb connection "model.hubspot_analytics.stg_assoc__meetings_companies"
[0m18:16:00.603721 [debug] [Thread-4 (]: On model.hubspot_analytics.stg_assoc__meetings_contacts: /* {"app": "dbt", "dbt_version": "1.12.0", "profile_name": "hubspot_analytics", "target_name": "dev", "node_id": "model.hubspot_analytics.stg_assoc__meetings_contacts"} */

  
  create view "analytics"."main_staging"."stg_assoc__meetings_contacts__dbt_tmp" as (
    


with raw as (

    select *
    from read_json_auto(
        'data/raw/hubspot/assoc_meetings_contacts/*.jsonl',
        union_by_name = true
    )

),

dedup as (

    select *,
           row_number() over (
               partition by from_id, to_id order by load_ts desc
           ) as _rn
    from raw

)

select
    cast(from_id as bigint)         as from_id,
    cast(to_id as bigint)           as to_id,
    cast(type as varchar)           as assoc_type,
    try_cast(load_ts as timestamp)  as _loaded_at
from dedup
where _rn = 1


  );

[0m18:16:00.603721 [debug] [Thread-3 (]: On model.hubspot_analytics.stg_assoc__meetings_deals: /* {"app": "dbt", "dbt_version": "1.12.0", "profile_name": "hubspot_analytics", "target_name": "dev", "node_id": "model.hubspot_analytics.stg_assoc__meetings_deals"} */

  
  create view "analytics"."main_staging"."stg_assoc__meetings_deals__dbt_tmp" as (
    


with raw as (

    select *
    from read_json_auto(
        'data/raw/hubspot/assoc_meetings_deals/*.jsonl',
        union_by_name = true
    )

),

dedup as (

    select *,
           row_number() over (
               partition by from_id, to_id order by load_ts desc
           ) as _rn
    from raw

)

select
    cast(from_id as bigint)         as from_id,
    cast(to_id as bigint)           as to_id,
    cast(type as varchar)           as assoc_type,
    try_cast(load_ts as timestamp)  as _loaded_at
from dedup
where _rn = 1


  );

[0m18:16:00.603721 [debug] [Thread-2 (]: On model.hubspot_analytics.stg_assoc__meetings_companies: /* {"app": "dbt", "dbt_version": "1.12.0", "profile_name": "hubspot_analytics", "target_name": "dev", "node_id": "model.hubspot_analytics.stg_assoc__meetings_companies"} */

  
  create view "analytics"."main_staging"."stg_assoc__meetings_companies__dbt_tmp" as (
    


with raw as (

    select *
    from read_json_auto(
        'data/raw/hubspot/assoc_meetings_companies/*.jsonl',
        union_by_name = true
    )

),

dedup as (

    select *,
           row_number() over (
               partition by from_id, to_id order by load_ts desc
           ) as _rn
    from raw

)

select
    cast(from_id as bigint)         as from_id,
    cast(to_id as bigint)           as to_id,
    cast(type as varchar)           as assoc_type,
    try_cast(load_ts as timestamp)  as _loaded_at
from dedup
where _rn = 1


  );

[0m18:16:00.612082 [debug] [Thread-4 (]: SQL status: OK in 0.004 seconds
[0m18:16:00.612082 [debug] [Thread-4 (]: Using duckdb connection "model.hubspot_analytics.stg_assoc__meetings_contacts"
[0m18:16:00.612082 [debug] [Thread-3 (]: SQL status: OK in 0.009 seconds
[0m18:16:00.618449 [debug] [Thread-4 (]: On model.hubspot_analytics.stg_assoc__meetings_contacts: /* {"app": "dbt", "dbt_version": "1.12.0", "profile_name": "hubspot_analytics", "target_name": "dev", "node_id": "model.hubspot_analytics.stg_assoc__meetings_contacts"} */
alter view "analytics"."main_staging"."stg_assoc__meetings_contacts__dbt_tmp" rename to "stg_assoc__meetings_contacts"
[0m18:16:00.619980 [debug] [Thread-2 (]: SQL status: OK in 0.010 seconds
[0m18:16:00.622996 [debug] [Thread-3 (]: Using duckdb connection "model.hubspot_analytics.stg_assoc__meetings_deals"
[0m18:16:00.624999 [debug] [Thread-4 (]: SQL status: OK in 0.000 seconds
[0m18:16:00.627996 [debug] [Thread-2 (]: Using duckdb connection "model.hubspot_analytics.stg_assoc__meetings_companies"
[0m18:16:00.628995 [debug] [Thread-3 (]: On model.hubspot_analytics.stg_assoc__meetings_deals: /* {"app": "dbt", "dbt_version": "1.12.0", "profile_name": "hubspot_analytics", "target_name": "dev", "node_id": "model.hubspot_analytics.stg_assoc__meetings_deals"} */
alter view "analytics"."main_staging"."stg_assoc__meetings_deals__dbt_tmp" rename to "stg_assoc__meetings_deals"
[0m18:16:00.630994 [debug] [Thread-4 (]: On model.hubspot_analytics.stg_assoc__meetings_contacts: COMMIT
[0m18:16:00.631994 [debug] [Thread-2 (]: On model.hubspot_analytics.stg_assoc__meetings_companies: /* {"app": "dbt", "dbt_version": "1.12.0", "profile_name": "hubspot_analytics", "target_name": "dev", "node_id": "model.hubspot_analytics.stg_assoc__meetings_companies"} */
alter view "analytics"."main_staging"."stg_assoc__meetings_companies__dbt_tmp" rename to "stg_assoc__meetings_companies"
[0m18:16:00.634733 [debug] [Thread-4 (]: Using duckdb connection "model.hubspot_analytics.stg_assoc__meetings_contacts"
[0m18:16:00.635508 [debug] [Thread-3 (]: SQL status: OK in 0.002 seconds
[0m18:16:00.635508 [debug] [Thread-2 (]: SQL status: OK in 0.001 seconds
[0m18:16:00.635508 [debug] [Thread-4 (]: On model.hubspot_analytics.stg_assoc__meetings_contacts: COMMIT
[0m18:16:00.635508 [debug] [Thread-3 (]: On model.hubspot_analytics.stg_assoc__meetings_deals: COMMIT
[0m18:16:00.635508 [debug] [Thread-2 (]: On model.hubspot_analytics.stg_assoc__meetings_companies: COMMIT
[0m18:16:00.635508 [debug] [Thread-1 (]: SQL status: OK in 0.050 seconds
[0m18:16:00.635508 [debug] [Thread-3 (]: Using duckdb connection "model.hubspot_analytics.stg_assoc__meetings_deals"
[0m18:16:00.635508 [debug] [Thread-2 (]: Using duckdb connection "model.hubspot_analytics.stg_assoc__meetings_companies"
[0m18:16:00.652097 [debug] [Thread-1 (]: Using duckdb connection "model.hubspot_analytics.stg_assoc__deals_contacts"
[0m18:16:00.652941 [debug] [Thread-4 (]: SQL status: OK in 0.007 seconds
[0m18:16:00.652941 [debug] [Thread-3 (]: On model.hubspot_analytics.stg_assoc__meetings_deals: COMMIT
[0m18:16:00.654958 [debug] [Thread-2 (]: On model.hubspot_analytics.stg_assoc__meetings_companies: COMMIT
[0m18:16:00.654958 [debug] [Thread-1 (]: On model.hubspot_analytics.stg_assoc__deals_contacts: /* {"app": "dbt", "dbt_version": "1.12.0", "profile_name": "hubspot_analytics", "target_name": "dev", "node_id": "model.hubspot_analytics.stg_assoc__deals_contacts"} */
alter view "analytics"."main_staging"."stg_assoc__deals_contacts__dbt_tmp" rename to "stg_assoc__deals_contacts"
[0m18:16:00.657711 [debug] [Thread-4 (]: Using duckdb connection "model.hubspot_analytics.stg_assoc__meetings_contacts"
[0m18:16:00.659728 [debug] [Thread-1 (]: SQL status: OK in 0.001 seconds
[0m18:16:00.659728 [debug] [Thread-4 (]: On model.hubspot_analytics.stg_assoc__meetings_contacts: /* {"app": "dbt", "dbt_version": "1.12.0", "profile_name": "hubspot_analytics", "target_name": "dev", "node_id": "model.hubspot_analytics.stg_assoc__meetings_contacts"} */

      drop view if exists "analytics"."main_staging"."stg_assoc__meetings_contacts__dbt_backup" cascade
    
[0m18:16:00.659728 [debug] [Thread-3 (]: SQL status: OK in 0.004 seconds
[0m18:16:00.659728 [debug] [Thread-2 (]: SQL status: OK in 0.003 seconds
[0m18:16:00.665875 [debug] [Thread-1 (]: On model.hubspot_analytics.stg_assoc__deals_contacts: COMMIT
[0m18:16:00.669207 [debug] [Thread-4 (]: SQL status: OK in 0.001 seconds
[0m18:16:00.670252 [debug] [Thread-3 (]: Using duckdb connection "model.hubspot_analytics.stg_assoc__meetings_deals"
[0m18:16:00.670252 [debug] [Thread-2 (]: Using duckdb connection "model.hubspot_analytics.stg_assoc__meetings_companies"
[0m18:16:00.670252 [debug] [Thread-1 (]: Using duckdb connection "model.hubspot_analytics.stg_assoc__deals_contacts"
[0m18:16:00.670252 [debug] [Thread-4 (]: On model.hubspot_analytics.stg_assoc__meetings_contacts: Close
[0m18:16:00.670252 [debug] [Thread-3 (]: On model.hubspot_analytics.stg_assoc__meetings_deals: /* {"app": "dbt", "dbt_version": "1.12.0", "profile_name": "hubspot_analytics", "target_name": "dev", "node_id": "model.hubspot_analytics.stg_assoc__meetings_deals"} */

      drop view if exists "analytics"."main_staging"."stg_assoc__meetings_deals__dbt_backup" cascade
    
[0m18:16:00.670252 [debug] [Thread-2 (]: On model.hubspot_analytics.stg_assoc__meetings_companies: /* {"app": "dbt", "dbt_version": "1.12.0", "profile_name": "hubspot_analytics", "target_name": "dev", "node_id": "model.hubspot_analytics.stg_assoc__meetings_companies"} */

      drop view if exists "analytics"."main_staging"."stg_assoc__meetings_companies__dbt_backup" cascade
    
[0m18:16:00.681578 [debug] [Thread-1 (]: On model.hubspot_analytics.stg_assoc__deals_contacts: COMMIT
[0m18:16:00.681578 [debug] [Thread-4 (]: Sending event: {'category': 'dbt', 'action': 'run_model', 'label': '9f9b278d-e069-4f8d-a4ee-5b46e5674af4', 'context': [<snowplow_tracker.self_describing_json.SelfDescribingJson object at 0x0000024D695BD110>]}
[0m18:16:00.684341 [debug] [Thread-3 (]: SQL status: OK in 0.001 seconds
[0m18:16:00.686361 [debug] [Thread-2 (]: SQL status: OK in 0.001 seconds
[0m18:16:00.687809 [info ] [Thread-4 (]: 7 of 43 OK created sql view model main_staging.stg_assoc__meetings_contacts .... [[32mOK[0m in 0.19s]
[0m18:16:00.687809 [debug] [Thread-3 (]: On model.hubspot_analytics.stg_assoc__meetings_deals: Close
[0m18:16:00.687809 [debug] [Thread-1 (]: SQL status: OK in 0.005 seconds
[0m18:16:00.692075 [debug] [Thread-2 (]: On model.hubspot_analytics.stg_assoc__meetings_companies: Close
[0m18:16:00.692075 [debug] [Thread-4 (]: Finished running node model.hubspot_analytics.stg_assoc__meetings_contacts
[0m18:16:00.697385 [debug] [Thread-3 (]: Sending event: {'category': 'dbt', 'action': 'run_model', 'label': '9f9b278d-e069-4f8d-a4ee-5b46e5674af4', 'context': [<snowplow_tracker.self_describing_json.SelfDescribingJson object at 0x0000024D695A7390>]}
[0m18:16:00.702101 [debug] [Thread-1 (]: Using duckdb connection "model.hubspot_analytics.stg_assoc__deals_contacts"
[0m18:16:00.703545 [debug] [Thread-2 (]: Sending event: {'category': 'dbt', 'action': 'run_model', 'label': '9f9b278d-e069-4f8d-a4ee-5b46e5674af4', 'context': [<snowplow_tracker.self_describing_json.SelfDescribingJson object at 0x0000024D6968DDD0>]}
[0m18:16:00.705338 [debug] [Thread-4 (]: Began running node model.hubspot_analytics.stg_hubspot__calls
[0m18:16:00.709902 [info ] [Thread-3 (]: 8 of 43 OK created sql view model main_staging.stg_assoc__meetings_deals ....... [[32mOK[0m in 0.18s]
[0m18:16:00.711923 [debug] [Thread-1 (]: On model.hubspot_analytics.stg_assoc__deals_contacts: /* {"app": "dbt", "dbt_version": "1.12.0", "profile_name": "hubspot_analytics", "target_name": "dev", "node_id": "model.hubspot_analytics.stg_assoc__deals_contacts"} */

      drop view if exists "analytics"."main_staging"."stg_assoc__deals_contacts__dbt_backup" cascade
    
[0m18:16:00.711923 [info ] [Thread-2 (]: 6 of 43 OK created sql view model main_staging.stg_assoc__meetings_companies ... [[32mOK[0m in 0.21s]
[0m18:16:00.713939 [info ] [Thread-4 (]: 9 of 43 START sql view model main_staging.stg_hubspot__calls ................... [RUN]
[0m18:16:00.716515 [debug] [Thread-3 (]: Finished running node model.hubspot_analytics.stg_assoc__meetings_deals
[0m18:16:00.718550 [debug] [Thread-1 (]: SQL status: OK in 0.001 seconds
[0m18:16:00.721276 [debug] [Thread-2 (]: Finished running node model.hubspot_analytics.stg_assoc__meetings_companies
[0m18:16:00.723880 [debug] [Thread-4 (]: Re-using an available connection from the pool (formerly model.hubspot_analytics.stg_assoc__meetings_contacts, now model.hubspot_analytics.stg_hubspot__calls)
[0m18:16:00.724896 [debug] [Thread-3 (]: Began running node model.hubspot_analytics.stg_hubspot__companies
[0m18:16:00.728002 [debug] [Thread-1 (]: On model.hubspot_analytics.stg_assoc__deals_contacts: Close
[0m18:16:00.728002 [debug] [Thread-2 (]: Began running node model.hubspot_analytics.stg_hubspot__contacts
[0m18:16:00.728002 [debug] [Thread-4 (]: Began compiling node model.hubspot_analytics.stg_hubspot__calls
[0m18:16:00.728002 [info ] [Thread-3 (]: 10 of 43 START sql view model main_staging.stg_hubspot__companies .............. [RUN]
[0m18:16:00.728002 [debug] [Thread-1 (]: Sending event: {'category': 'dbt', 'action': 'run_model', 'label': '9f9b278d-e069-4f8d-a4ee-5b46e5674af4', 'context': [<snowplow_tracker.self_describing_json.SelfDescribingJson object at 0x0000024D6966E8D0>]}
[0m18:16:00.736141 [info ] [Thread-2 (]: 11 of 43 START sql view model main_staging.stg_hubspot__contacts ............... [RUN]
[0m18:16:00.742284 [debug] [Thread-4 (]: Writing injected SQL for node "model.hubspot_analytics.stg_hubspot__calls"
[0m18:16:00.745482 [debug] [Thread-3 (]: Re-using an available connection from the pool (formerly model.hubspot_analytics.stg_assoc__meetings_deals, now model.hubspot_analytics.stg_hubspot__companies)
[0m18:16:00.747472 [info ] [Thread-1 (]: 5 of 43 OK created sql view model main_staging.stg_assoc__deals_contacts ....... [[32mOK[0m in 0.24s]
[0m18:16:00.748475 [debug] [Thread-2 (]: Re-using an available connection from the pool (formerly model.hubspot_analytics.stg_assoc__meetings_companies, now model.hubspot_analytics.stg_hubspot__contacts)
[0m18:16:00.753561 [debug] [Thread-3 (]: Began compiling node model.hubspot_analytics.stg_hubspot__companies
[0m18:16:00.756233 [debug] [Thread-1 (]: Finished running node model.hubspot_analytics.stg_assoc__deals_contacts
[0m18:16:00.769553 [debug] [Thread-1 (]: Began running node model.hubspot_analytics.stg_hubspot__deals
[0m18:16:00.757249 [debug] [Thread-2 (]: Began compiling node model.hubspot_analytics.stg_hubspot__contacts
[0m18:16:00.784819 [debug] [Thread-2 (]: Writing injected SQL for node "model.hubspot_analytics.stg_hubspot__contacts"
[0m18:16:00.763783 [debug] [Thread-3 (]: Writing injected SQL for node "model.hubspot_analytics.stg_hubspot__companies"
[0m18:16:00.776578 [debug] [Thread-4 (]: Began executing node model.hubspot_analytics.stg_hubspot__calls
[0m18:16:00.771587 [info ] [Thread-1 (]: 12 of 43 START sql view model main_staging.stg_hubspot__deals .................. [RUN]
[0m18:16:00.813726 [debug] [Thread-4 (]: Writing runtime sql for node "model.hubspot_analytics.stg_hubspot__calls"
[0m18:16:00.814726 [debug] [Thread-3 (]: Began executing node model.hubspot_analytics.stg_hubspot__companies
[0m18:16:00.815724 [debug] [Thread-1 (]: Re-using an available connection from the pool (formerly model.hubspot_analytics.stg_assoc__deals_contacts, now model.hubspot_analytics.stg_hubspot__deals)
[0m18:16:00.826136 [debug] [Thread-3 (]: Writing runtime sql for node "model.hubspot_analytics.stg_hubspot__companies"
[0m18:16:00.827140 [debug] [Thread-1 (]: Began compiling node model.hubspot_analytics.stg_hubspot__deals
[0m18:16:00.834137 [debug] [Thread-1 (]: Writing injected SQL for node "model.hubspot_analytics.stg_hubspot__deals"
[0m18:16:00.847898 [debug] [Thread-3 (]: Using duckdb connection "model.hubspot_analytics.stg_hubspot__companies"
[0m18:16:00.849857 [debug] [Thread-4 (]: Using duckdb connection "model.hubspot_analytics.stg_hubspot__calls"
[0m18:16:00.851417 [debug] [Thread-3 (]: On model.hubspot_analytics.stg_hubspot__companies: BEGIN
[0m18:16:00.853517 [debug] [Thread-4 (]: On model.hubspot_analytics.stg_hubspot__calls: BEGIN
[0m18:16:00.856247 [debug] [Thread-3 (]: Opening a new connection, currently in state closed
[0m18:16:00.857261 [debug] [Thread-1 (]: Began executing node model.hubspot_analytics.stg_hubspot__deals
[0m18:16:00.858805 [debug] [Thread-4 (]: Opening a new connection, currently in state closed
[0m18:16:00.861906 [debug] [Thread-2 (]: Began executing node model.hubspot_analytics.stg_hubspot__contacts
[0m18:16:00.861906 [debug] [Thread-3 (]: SQL status: OK in 0.007 seconds
[0m18:16:00.872941 [debug] [Thread-1 (]: Writing runtime sql for node "model.hubspot_analytics.stg_hubspot__deals"
[0m18:16:00.875739 [debug] [Thread-4 (]: SQL status: OK in 0.018 seconds
[0m18:16:00.879767 [debug] [Thread-2 (]: Writing runtime sql for node "model.hubspot_analytics.stg_hubspot__contacts"
[0m18:16:00.881803 [debug] [Thread-3 (]: Using duckdb connection "model.hubspot_analytics.stg_hubspot__companies"
[0m18:16:00.882909 [debug] [Thread-4 (]: Using duckdb connection "model.hubspot_analytics.stg_hubspot__calls"
[0m18:16:00.884636 [debug] [Thread-3 (]: On model.hubspot_analytics.stg_hubspot__companies: /* {"app": "dbt", "dbt_version": "1.12.0", "profile_name": "hubspot_analytics", "target_name": "dev", "node_id": "model.hubspot_analytics.stg_hubspot__companies"} */

  
  create view "analytics"."main_staging"."stg_hubspot__companies__dbt_tmp" as (
    

with raw as (

    select *
    from read_json_auto(
        'data/raw/hubspot/companies/*.jsonl',
        union_by_name = true
    )

),

dedup as (

    select *,
           row_number() over (partition by id order by load_ts desc) as _rn
    from raw

)

select
    cast(id as bigint)                          as company_id,
    name                                        as company_name,
    domain,
    try_cast(hubspot_owner_id as bigint)        as owner_id,
    try_cast(createdate as timestamp)           as created_at,
    try_cast(hs_lastmodifieddate as timestamp)  as updated_at,
    try_cast(load_ts as timestamp)              as _loaded_at
from dedup
where _rn = 1
  );

[0m18:16:00.887037 [debug] [Thread-4 (]: On model.hubspot_analytics.stg_hubspot__calls: /* {"app": "dbt", "dbt_version": "1.12.0", "profile_name": "hubspot_analytics", "target_name": "dev", "node_id": "model.hubspot_analytics.stg_hubspot__calls"} */

  
  create view "analytics"."main_staging"."stg_hubspot__calls__dbt_tmp" as (
    

with raw as (

    select *
    from read_json_auto(
        'data/raw/hubspot/calls/*.jsonl',
        union_by_name = true
    )

),

dedup as (

    select *,
           row_number() over (
               partition by id
               order by load_ts desc
           ) as _rn
    from raw

)

select
    cast(id as bigint)                                  as call_id,
    try_cast(hubspot_owner_id as bigint)                    as owner_id,
    hs_call_title                                       as title,
    hs_call_direction                                   as direction,
    hs_call_disposition                                 as disposition,
    hs_call_status                                      as status,
    try_cast(hs_call_duration as integer)               as duration_ms,
    try_cast(hs_timestamp as timestamp)                     as occurred_at,
    try_cast(hs_createdate as timestamp)                    as created_at,
    try_cast(hs_lastmodifieddate as timestamp)              as updated_at,
    try_cast(load_ts as timestamp)                          as _loaded_at
from dedup
where _rn = 1
  );

[0m18:16:00.895140 [debug] [Thread-1 (]: Using duckdb connection "model.hubspot_analytics.stg_hubspot__deals"
[0m18:16:00.896140 [debug] [Thread-1 (]: On model.hubspot_analytics.stg_hubspot__deals: BEGIN
[0m18:16:00.897140 [debug] [Thread-2 (]: Using duckdb connection "model.hubspot_analytics.stg_hubspot__contacts"
[0m18:16:00.898141 [debug] [Thread-1 (]: Opening a new connection, currently in state closed
[0m18:16:00.900140 [debug] [Thread-2 (]: On model.hubspot_analytics.stg_hubspot__contacts: BEGIN
[0m18:16:00.902142 [debug] [Thread-1 (]: SQL status: OK in 0.004 seconds
[0m18:16:00.904141 [debug] [Thread-2 (]: Opening a new connection, currently in state closed
[0m18:16:00.906140 [debug] [Thread-1 (]: Using duckdb connection "model.hubspot_analytics.stg_hubspot__deals"
[0m18:16:00.909442 [debug] [Thread-2 (]: SQL status: OK in 0.005 seconds
[0m18:16:00.910441 [debug] [Thread-1 (]: On model.hubspot_analytics.stg_hubspot__deals: /* {"app": "dbt", "dbt_version": "1.12.0", "profile_name": "hubspot_analytics", "target_name": "dev", "node_id": "model.hubspot_analytics.stg_hubspot__deals"} */

  
  create view "analytics"."main_staging"."stg_hubspot__deals__dbt_tmp" as (
    

with raw as (

    select *
    from read_json_auto(
        'data/raw/hubspot/deals/*.jsonl',
        union_by_name = true
    )

),

dedup as (

    select *,
           row_number() over (
               partition by id
               order by load_ts desc
           ) as _rn
    from raw

)

select
    cast(id as bigint)                                  as deal_id,
    dealname                                            as deal_name,
    pipeline                                            as pipeline_id,
    dealstage                                           as stage_id,
    try_cast(amount as decimal(15, 2))                  as amount,
    try_cast(hubspot_owner_id as bigint)                    as owner_id,
    dealtype                                            as deal_type,
    try_cast(createdate as timestamp)                       as created_at,
    try_cast(hs_lastmodifieddate as timestamp)              as updated_at,
    try_cast(closedate as timestamp)                        as close_date,
    try_cast(load_ts as timestamp)                          as _loaded_at
from dedup
where _rn = 1
  );

[0m18:16:00.912439 [debug] [Thread-2 (]: Using duckdb connection "model.hubspot_analytics.stg_hubspot__contacts"
[0m18:16:00.915550 [debug] [Thread-2 (]: On model.hubspot_analytics.stg_hubspot__contacts: /* {"app": "dbt", "dbt_version": "1.12.0", "profile_name": "hubspot_analytics", "target_name": "dev", "node_id": "model.hubspot_analytics.stg_hubspot__contacts"} */

  
  create view "analytics"."main_staging"."stg_hubspot__contacts__dbt_tmp" as (
    

with raw as (

    select *
    from read_json_auto(
        'data/raw/hubspot/contacts/*.jsonl',
        union_by_name = true
    )

),

dedup as (

    select *,
           row_number() over (
               partition by id
               order by load_ts desc
           ) as _rn
    from raw

)

select
    cast(id as bigint)                                  as contact_id,
    email,
    firstname                                           as first_name,
    lastname                                            as last_name,
    phone,
    lifecyclestage                                      as lifecycle_stage,
    hs_lead_status                                      as lead_status,
    try_cast(hubspot_owner_id as bigint)                    as owner_id,
    hs_analytics_source                                 as original_source,
    hs_latest_source                                    as latest_source,
    hs_analytics_source                                 as origem_analytics,
    hs_analytics_source_data_1                          as origem_detalhe_1,
    hs_analytics_source_data_2                          as origem_detalhe_2,
    hs_analytics_first_url                              as primeira_url,
    hs_analytics_last_url                               as ultima_url,
    hs_object_source_label                              as criacao_origem_label,
    hs_object_source_detail_1                           as criacao_detalhe_1,
    hs_object_source_detail_2                           as criacao_detalhe_2,
    hs_object_source_detail_3                           as criacao_detalhe_3,
    hs_clicked_linkedin_ad                              as clicou_linkedin_ad,
    hs_google_click_id                                  as gclid,
    hs_facebook_click_id                                as fbclid,
    utm_source,
    utm_medium,
    utm_campaign,
    utm_content,
    utm_term,
    try_cast(hs_latest_source_timestamp as timestamp)       as latest_source_at,
    try_cast(createdate as timestamp)                       as created_at,
    try_cast(lastmodifieddate as timestamp)                 as updated_at,
    try_cast(load_ts as timestamp)                          as _loaded_at
from dedup
where _rn = 1
  );

[0m18:16:01.181598 [debug] [Thread-4 (]: SQL status: OK in 0.293 seconds
[0m18:16:01.186706 [debug] [Thread-4 (]: Using duckdb connection "model.hubspot_analytics.stg_hubspot__calls"
[0m18:16:01.189300 [debug] [Thread-4 (]: On model.hubspot_analytics.stg_hubspot__calls: /* {"app": "dbt", "dbt_version": "1.12.0", "profile_name": "hubspot_analytics", "target_name": "dev", "node_id": "model.hubspot_analytics.stg_hubspot__calls"} */
alter view "analytics"."main_staging"."stg_hubspot__calls__dbt_tmp" rename to "stg_hubspot__calls"
[0m18:16:01.189300 [debug] [Thread-4 (]: SQL status: OK in 0.001 seconds
[0m18:16:01.194240 [debug] [Thread-4 (]: On model.hubspot_analytics.stg_hubspot__calls: COMMIT
[0m18:16:01.197458 [debug] [Thread-4 (]: Using duckdb connection "model.hubspot_analytics.stg_hubspot__calls"
[0m18:16:01.197458 [debug] [Thread-4 (]: On model.hubspot_analytics.stg_hubspot__calls: COMMIT
[0m18:16:01.203195 [debug] [Thread-4 (]: SQL status: OK in 0.010 seconds
[0m18:16:01.203195 [debug] [Thread-3 (]: SQL status: OK in 0.322 seconds
[0m18:16:01.203195 [debug] [Thread-4 (]: Using duckdb connection "model.hubspot_analytics.stg_hubspot__calls"
[0m18:16:01.220425 [debug] [Thread-3 (]: Using duckdb connection "model.hubspot_analytics.stg_hubspot__companies"
[0m18:16:01.220425 [debug] [Thread-4 (]: On model.hubspot_analytics.stg_hubspot__calls: /* {"app": "dbt", "dbt_version": "1.12.0", "profile_name": "hubspot_analytics", "target_name": "dev", "node_id": "model.hubspot_analytics.stg_hubspot__calls"} */

      drop view if exists "analytics"."main_staging"."stg_hubspot__calls__dbt_backup" cascade
    
[0m18:16:01.223753 [debug] [Thread-3 (]: On model.hubspot_analytics.stg_hubspot__companies: /* {"app": "dbt", "dbt_version": "1.12.0", "profile_name": "hubspot_analytics", "target_name": "dev", "node_id": "model.hubspot_analytics.stg_hubspot__companies"} */
alter view "analytics"."main_staging"."stg_hubspot__companies__dbt_tmp" rename to "stg_hubspot__companies"
[0m18:16:01.225771 [debug] [Thread-4 (]: SQL status: OK in 0.001 seconds
[0m18:16:01.228511 [debug] [Thread-3 (]: SQL status: OK in 0.001 seconds
[0m18:16:01.231283 [debug] [Thread-4 (]: On model.hubspot_analytics.stg_hubspot__calls: Close
[0m18:16:01.234733 [debug] [Thread-3 (]: On model.hubspot_analytics.stg_hubspot__companies: COMMIT
[0m18:16:01.236673 [debug] [Thread-4 (]: Sending event: {'category': 'dbt', 'action': 'run_model', 'label': '9f9b278d-e069-4f8d-a4ee-5b46e5674af4', 'context': [<snowplow_tracker.self_describing_json.SelfDescribingJson object at 0x0000024D696B6B50>]}
[0m18:16:01.236673 [debug] [Thread-3 (]: Using duckdb connection "model.hubspot_analytics.stg_hubspot__companies"
[0m18:16:01.236673 [info ] [Thread-4 (]: 9 of 43 OK created sql view model main_staging.stg_hubspot__calls .............. [[32mOK[0m in 0.51s]
[0m18:16:01.242671 [debug] [Thread-3 (]: On model.hubspot_analytics.stg_hubspot__companies: COMMIT
[0m18:16:01.245546 [debug] [Thread-4 (]: Finished running node model.hubspot_analytics.stg_hubspot__calls
[0m18:16:01.246061 [debug] [Thread-4 (]: Began running node model.hubspot_analytics.stg_hubspot__meetings
[0m18:16:01.246061 [info ] [Thread-4 (]: 13 of 43 START sql view model main_staging.stg_hubspot__meetings ............... [RUN]
[0m18:16:01.252798 [debug] [Thread-4 (]: Re-using an available connection from the pool (formerly model.hubspot_analytics.stg_hubspot__calls, now model.hubspot_analytics.stg_hubspot__meetings)
[0m18:16:01.254723 [debug] [Thread-3 (]: SQL status: OK in 0.008 seconds
[0m18:16:01.255851 [debug] [Thread-4 (]: Began compiling node model.hubspot_analytics.stg_hubspot__meetings
[0m18:16:01.260088 [debug] [Thread-3 (]: Using duckdb connection "model.hubspot_analytics.stg_hubspot__companies"
[0m18:16:01.266107 [debug] [Thread-4 (]: Writing injected SQL for node "model.hubspot_analytics.stg_hubspot__meetings"
[0m18:16:01.268033 [debug] [Thread-3 (]: On model.hubspot_analytics.stg_hubspot__companies: /* {"app": "dbt", "dbt_version": "1.12.0", "profile_name": "hubspot_analytics", "target_name": "dev", "node_id": "model.hubspot_analytics.stg_hubspot__companies"} */

      drop view if exists "analytics"."main_staging"."stg_hubspot__companies__dbt_backup" cascade
    
[0m18:16:01.272631 [debug] [Thread-3 (]: SQL status: OK in 0.001 seconds
[0m18:16:01.274323 [debug] [Thread-3 (]: On model.hubspot_analytics.stg_hubspot__companies: Close
[0m18:16:01.274323 [debug] [Thread-3 (]: Sending event: {'category': 'dbt', 'action': 'run_model', 'label': '9f9b278d-e069-4f8d-a4ee-5b46e5674af4', 'context': [<snowplow_tracker.self_describing_json.SelfDescribingJson object at 0x0000024D67F14910>]}
[0m18:16:01.274323 [debug] [Thread-4 (]: Began executing node model.hubspot_analytics.stg_hubspot__meetings
[0m18:16:01.274323 [info ] [Thread-3 (]: 10 of 43 OK created sql view model main_staging.stg_hubspot__companies ......... [[32mOK[0m in 0.53s]
[0m18:16:01.287868 [debug] [Thread-4 (]: Writing runtime sql for node "model.hubspot_analytics.stg_hubspot__meetings"
[0m18:16:01.289854 [debug] [Thread-1 (]: SQL status: OK in 0.375 seconds
[0m18:16:01.290858 [debug] [Thread-3 (]: Finished running node model.hubspot_analytics.stg_hubspot__companies
[0m18:16:01.294878 [debug] [Thread-1 (]: Using duckdb connection "model.hubspot_analytics.stg_hubspot__deals"
[0m18:16:01.296855 [debug] [Thread-3 (]: Began running node model.hubspot_analytics.assoc_deal_company
[0m18:16:01.298853 [debug] [Thread-1 (]: On model.hubspot_analytics.stg_hubspot__deals: /* {"app": "dbt", "dbt_version": "1.12.0", "profile_name": "hubspot_analytics", "target_name": "dev", "node_id": "model.hubspot_analytics.stg_hubspot__deals"} */
alter view "analytics"."main_staging"."stg_hubspot__deals__dbt_tmp" rename to "stg_hubspot__deals"
[0m18:16:01.299853 [info ] [Thread-3 (]: 14 of 43 START sql table model main_gold.assoc_deal_company .................... [RUN]
[0m18:16:01.302450 [debug] [Thread-4 (]: Using duckdb connection "model.hubspot_analytics.stg_hubspot__meetings"
[0m18:16:01.304836 [debug] [Thread-1 (]: SQL status: OK in 0.001 seconds
[0m18:16:01.305858 [debug] [Thread-3 (]: Re-using an available connection from the pool (formerly model.hubspot_analytics.stg_hubspot__companies, now model.hubspot_analytics.assoc_deal_company)
[0m18:16:01.308358 [debug] [Thread-4 (]: On model.hubspot_analytics.stg_hubspot__meetings: BEGIN
[0m18:16:01.310683 [debug] [Thread-1 (]: On model.hubspot_analytics.stg_hubspot__deals: COMMIT
[0m18:16:01.314186 [debug] [Thread-3 (]: Began compiling node model.hubspot_analytics.assoc_deal_company
[0m18:16:01.314186 [debug] [Thread-4 (]: Opening a new connection, currently in state closed
[0m18:16:01.317746 [debug] [Thread-1 (]: Using duckdb connection "model.hubspot_analytics.stg_hubspot__deals"
[0m18:16:01.322605 [debug] [Thread-3 (]: Writing injected SQL for node "model.hubspot_analytics.assoc_deal_company"
[0m18:16:01.322605 [debug] [Thread-4 (]: SQL status: OK in 0.010 seconds
[0m18:16:01.322605 [debug] [Thread-1 (]: On model.hubspot_analytics.stg_hubspot__deals: COMMIT
[0m18:16:01.330235 [debug] [Thread-4 (]: Using duckdb connection "model.hubspot_analytics.stg_hubspot__meetings"
[0m18:16:01.332252 [debug] [Thread-4 (]: On model.hubspot_analytics.stg_hubspot__meetings: /* {"app": "dbt", "dbt_version": "1.12.0", "profile_name": "hubspot_analytics", "target_name": "dev", "node_id": "model.hubspot_analytics.stg_hubspot__meetings"} */

  
  create view "analytics"."main_staging"."stg_hubspot__meetings__dbt_tmp" as (
    

with raw as (

    select *
    from read_json_auto(
        'data/raw/hubspot/meetings/*.jsonl',
        union_by_name = true
    )

),

dedup as (

    select *,
           row_number() over (
               partition by id
               order by load_ts desc
           ) as _rn
    from raw

)

select
    cast(id as bigint)                                  as meeting_id,
    try_cast(hubspot_owner_id as bigint)                    as owner_id,
    hs_meeting_title                                    as title,
    hs_meeting_outcome                                  as outcome,
    hs_meeting_location                                 as location,
    try_cast(hs_meeting_start_time as timestamp)            as starts_at,
    try_cast(hs_meeting_end_time as timestamp)              as ends_at,
    try_cast(hs_timestamp as timestamp)                     as occurred_at,
    try_cast(hs_createdate as timestamp)                    as created_at,
    try_cast(hs_lastmodifieddate as timestamp)              as updated_at,
    try_cast(load_ts as timestamp)                          as _loaded_at
from dedup
where _rn = 1
  );

[0m18:16:01.337932 [debug] [Thread-1 (]: SQL status: OK in 0.008 seconds
[0m18:16:01.337932 [debug] [Thread-3 (]: Began executing node model.hubspot_analytics.assoc_deal_company
[0m18:16:01.344872 [debug] [Thread-1 (]: Using duckdb connection "model.hubspot_analytics.stg_hubspot__deals"
[0m18:16:01.380522 [debug] [Thread-3 (]: Writing runtime sql for node "model.hubspot_analytics.assoc_deal_company"
[0m18:16:01.381519 [debug] [Thread-4 (]: SQL status: OK in 0.045 seconds
[0m18:16:01.382522 [debug] [Thread-1 (]: On model.hubspot_analytics.stg_hubspot__deals: /* {"app": "dbt", "dbt_version": "1.12.0", "profile_name": "hubspot_analytics", "target_name": "dev", "node_id": "model.hubspot_analytics.stg_hubspot__deals"} */

      drop view if exists "analytics"."main_staging"."stg_hubspot__deals__dbt_backup" cascade
    
[0m18:16:01.387827 [debug] [Thread-4 (]: Using duckdb connection "model.hubspot_analytics.stg_hubspot__meetings"
[0m18:16:01.389921 [debug] [Thread-1 (]: SQL status: OK in 0.001 seconds
[0m18:16:01.390940 [debug] [Thread-4 (]: On model.hubspot_analytics.stg_hubspot__meetings: /* {"app": "dbt", "dbt_version": "1.12.0", "profile_name": "hubspot_analytics", "target_name": "dev", "node_id": "model.hubspot_analytics.stg_hubspot__meetings"} */
alter view "analytics"."main_staging"."stg_hubspot__meetings__dbt_tmp" rename to "stg_hubspot__meetings"
[0m18:16:01.392936 [debug] [Thread-1 (]: On model.hubspot_analytics.stg_hubspot__deals: Close
[0m18:16:01.394938 [debug] [Thread-3 (]: Using duckdb connection "model.hubspot_analytics.assoc_deal_company"
[0m18:16:01.395938 [debug] [Thread-4 (]: SQL status: OK in 0.001 seconds
[0m18:16:01.396940 [debug] [Thread-1 (]: Sending event: {'category': 'dbt', 'action': 'run_model', 'label': '9f9b278d-e069-4f8d-a4ee-5b46e5674af4', 'context': [<snowplow_tracker.self_describing_json.SelfDescribingJson object at 0x0000024D67D86850>]}
[0m18:16:01.398952 [debug] [Thread-3 (]: On model.hubspot_analytics.assoc_deal_company: BEGIN
[0m18:16:01.401790 [debug] [Thread-4 (]: On model.hubspot_analytics.stg_hubspot__meetings: COMMIT
[0m18:16:01.403182 [info ] [Thread-1 (]: 12 of 43 OK created sql view model main_staging.stg_hubspot__deals ............. [[32mOK[0m in 0.58s]
[0m18:16:01.405417 [debug] [Thread-3 (]: Opening a new connection, currently in state closed
[0m18:16:01.405417 [debug] [Thread-4 (]: Using duckdb connection "model.hubspot_analytics.stg_hubspot__meetings"
[0m18:16:01.407433 [debug] [Thread-1 (]: Finished running node model.hubspot_analytics.stg_hubspot__deals
[0m18:16:01.410691 [debug] [Thread-3 (]: SQL status: OK in 0.005 seconds
[0m18:16:01.410691 [debug] [Thread-4 (]: On model.hubspot_analytics.stg_hubspot__meetings: COMMIT
[0m18:16:01.412708 [debug] [Thread-1 (]: Began running node model.hubspot_analytics.assoc_activity_contact
[0m18:16:01.412708 [debug] [Thread-3 (]: Using duckdb connection "model.hubspot_analytics.assoc_deal_company"
[0m18:16:01.415828 [info ] [Thread-1 (]: 15 of 43 START sql table model main_gold.assoc_activity_contact ................ [RUN]
[0m18:16:01.418975 [debug] [Thread-3 (]: On model.hubspot_analytics.assoc_deal_company: /* {"app": "dbt", "dbt_version": "1.12.0", "profile_name": "hubspot_analytics", "target_name": "dev", "node_id": "model.hubspot_analytics.assoc_deal_company"} */

  
    
    

    create  table
      "analytics"."main_gold"."assoc_deal_company__dbt_tmp"
  
    as (
      

select
    from_id     as deal_id,
    to_id       as company_id,
    assoc_type,
    _loaded_at
from "analytics"."main_staging"."stg_assoc__deals_companies"
    );
  
  
[0m18:16:01.419978 [debug] [Thread-4 (]: SQL status: OK in 0.004 seconds
[0m18:16:01.421257 [debug] [Thread-1 (]: Re-using an available connection from the pool (formerly model.hubspot_analytics.stg_hubspot__deals, now model.hubspot_analytics.assoc_activity_contact)
[0m18:16:01.426985 [debug] [Thread-4 (]: Using duckdb connection "model.hubspot_analytics.stg_hubspot__meetings"
[0m18:16:01.430139 [debug] [Thread-1 (]: Began compiling node model.hubspot_analytics.assoc_activity_contact
[0m18:16:01.432187 [debug] [Thread-4 (]: On model.hubspot_analytics.stg_hubspot__meetings: /* {"app": "dbt", "dbt_version": "1.12.0", "profile_name": "hubspot_analytics", "target_name": "dev", "node_id": "model.hubspot_analytics.stg_hubspot__meetings"} */

      drop view if exists "analytics"."main_staging"."stg_hubspot__meetings__dbt_backup" cascade
    
[0m18:16:01.436910 [debug] [Thread-1 (]: Writing injected SQL for node "model.hubspot_analytics.assoc_activity_contact"
[0m18:16:01.440228 [debug] [Thread-4 (]: SQL status: OK in 0.001 seconds
[0m18:16:01.444252 [debug] [Thread-4 (]: On model.hubspot_analytics.stg_hubspot__meetings: Close
[0m18:16:01.445167 [debug] [Thread-4 (]: Sending event: {'category': 'dbt', 'action': 'run_model', 'label': '9f9b278d-e069-4f8d-a4ee-5b46e5674af4', 'context': [<snowplow_tracker.self_describing_json.SelfDescribingJson object at 0x0000024D68FC5E50>]}
[0m18:16:01.445167 [info ] [Thread-4 (]: 13 of 43 OK created sql view model main_staging.stg_hubspot__meetings .......... [[32mOK[0m in 0.19s]
[0m18:16:01.448977 [debug] [Thread-1 (]: Began executing node model.hubspot_analytics.assoc_activity_contact
[0m18:16:01.450994 [debug] [Thread-4 (]: Finished running node model.hubspot_analytics.stg_hubspot__meetings
[0m18:16:01.458963 [debug] [Thread-1 (]: Writing runtime sql for node "model.hubspot_analytics.assoc_activity_contact"
[0m18:16:01.460957 [debug] [Thread-4 (]: Began running node model.hubspot_analytics.assoc_activity_deal
[0m18:16:01.463961 [info ] [Thread-4 (]: 16 of 43 START sql table model main_gold.assoc_activity_deal ................... [RUN]
[0m18:16:01.466290 [debug] [Thread-4 (]: Re-using an available connection from the pool (formerly model.hubspot_analytics.stg_hubspot__meetings, now model.hubspot_analytics.assoc_activity_deal)
[0m18:16:01.469636 [debug] [Thread-4 (]: Began compiling node model.hubspot_analytics.assoc_activity_deal
[0m18:16:01.470698 [debug] [Thread-1 (]: Using duckdb connection "model.hubspot_analytics.assoc_activity_contact"
[0m18:16:01.473980 [debug] [Thread-4 (]: Writing injected SQL for node "model.hubspot_analytics.assoc_activity_deal"
[0m18:16:01.473980 [debug] [Thread-1 (]: On model.hubspot_analytics.assoc_activity_contact: BEGIN
[0m18:16:01.473980 [debug] [Thread-1 (]: Opening a new connection, currently in state closed
[0m18:16:01.473980 [debug] [Thread-1 (]: SQL status: OK in 0.002 seconds
[0m18:16:01.473980 [debug] [Thread-1 (]: Using duckdb connection "model.hubspot_analytics.assoc_activity_contact"
[0m18:16:01.473980 [debug] [Thread-1 (]: On model.hubspot_analytics.assoc_activity_contact: /* {"app": "dbt", "dbt_version": "1.12.0", "profile_name": "hubspot_analytics", "target_name": "dev", "node_id": "model.hubspot_analytics.assoc_activity_contact"} */

  
    
    

    create  table
      "analytics"."main_gold"."assoc_activity_contact__dbt_tmp"
  
    as (
      

select 'CALL' as engagement_type, from_id as activity_id, to_id as contact_id, assoc_type, _loaded_at
from "analytics"."main_staging"."stg_assoc__calls_contacts"
union all
select 'MEETING', from_id, to_id, assoc_type, _loaded_at
from "analytics"."main_staging"."stg_assoc__meetings_contacts"
    );
  
  
[0m18:16:01.473980 [debug] [Thread-4 (]: Began executing node model.hubspot_analytics.assoc_activity_deal
[0m18:16:01.491277 [debug] [Thread-4 (]: Writing runtime sql for node "model.hubspot_analytics.assoc_activity_deal"
[0m18:16:01.501987 [debug] [Thread-4 (]: Using duckdb connection "model.hubspot_analytics.assoc_activity_deal"
[0m18:16:01.504633 [debug] [Thread-4 (]: On model.hubspot_analytics.assoc_activity_deal: BEGIN
[0m18:16:01.506652 [debug] [Thread-4 (]: Opening a new connection, currently in state closed
[0m18:16:01.506652 [debug] [Thread-4 (]: SQL status: OK in 0.003 seconds
[0m18:16:01.506652 [debug] [Thread-4 (]: Using duckdb connection "model.hubspot_analytics.assoc_activity_deal"
[0m18:16:01.512505 [debug] [Thread-4 (]: On model.hubspot_analytics.assoc_activity_deal: /* {"app": "dbt", "dbt_version": "1.12.0", "profile_name": "hubspot_analytics", "target_name": "dev", "node_id": "model.hubspot_analytics.assoc_activity_deal"} */

  
    
    

    create  table
      "analytics"."main_gold"."assoc_activity_deal__dbt_tmp"
  
    as (
      

select 'CALL' as engagement_type, from_id as activity_id, to_id as deal_id, assoc_type, _loaded_at
from "analytics"."main_staging"."stg_assoc__calls_deals"
union all
select 'MEETING', from_id, to_id, assoc_type, _loaded_at
from "analytics"."main_staging"."stg_assoc__meetings_deals"
    );
  
  
[0m18:16:01.541052 [debug] [Thread-3 (]: SQL status: OK in 0.118 seconds
[0m18:16:01.544056 [debug] [Thread-3 (]: Using duckdb connection "model.hubspot_analytics.assoc_deal_company"
[0m18:16:01.546108 [debug] [Thread-3 (]: On model.hubspot_analytics.assoc_deal_company: /* {"app": "dbt", "dbt_version": "1.12.0", "profile_name": "hubspot_analytics", "target_name": "dev", "node_id": "model.hubspot_analytics.assoc_deal_company"} */
alter table "analytics"."main_gold"."assoc_deal_company__dbt_tmp" rename to "assoc_deal_company"
[0m18:16:01.547100 [debug] [Thread-3 (]: SQL status: OK in 0.001 seconds
[0m18:16:01.556152 [debug] [Thread-3 (]: On model.hubspot_analytics.assoc_deal_company: COMMIT
[0m18:16:01.556152 [debug] [Thread-3 (]: Using duckdb connection "model.hubspot_analytics.assoc_deal_company"
[0m18:16:01.556152 [debug] [Thread-3 (]: On model.hubspot_analytics.assoc_deal_company: COMMIT
[0m18:16:01.570157 [debug] [Thread-3 (]: SQL status: OK in 0.010 seconds
[0m18:16:01.578059 [debug] [Thread-3 (]: Using duckdb connection "model.hubspot_analytics.assoc_deal_company"
[0m18:16:01.578059 [debug] [Thread-3 (]: On model.hubspot_analytics.assoc_deal_company: /* {"app": "dbt", "dbt_version": "1.12.0", "profile_name": "hubspot_analytics", "target_name": "dev", "node_id": "model.hubspot_analytics.assoc_deal_company"} */

      drop table if exists "analytics"."main_gold"."assoc_deal_company__dbt_backup" cascade
    
[0m18:16:01.582500 [debug] [Thread-3 (]: SQL status: OK in 0.001 seconds
[0m18:16:01.586869 [debug] [Thread-3 (]: On model.hubspot_analytics.assoc_deal_company: Close
[0m18:16:01.588887 [debug] [Thread-3 (]: Sending event: {'category': 'dbt', 'action': 'run_model', 'label': '9f9b278d-e069-4f8d-a4ee-5b46e5674af4', 'context': [<snowplow_tracker.self_describing_json.SelfDescribingJson object at 0x0000024D69732150>]}
[0m18:16:01.589735 [debug] [Thread-1 (]: SQL status: OK in 0.106 seconds
[0m18:16:01.589735 [info ] [Thread-3 (]: 14 of 43 OK created sql table model main_gold.assoc_deal_company ............... [[32mOK[0m in 0.28s]
[0m18:16:01.598534 [debug] [Thread-1 (]: Using duckdb connection "model.hubspot_analytics.assoc_activity_contact"
[0m18:16:01.602804 [debug] [Thread-3 (]: Finished running node model.hubspot_analytics.assoc_deal_company
[0m18:16:01.606003 [debug] [Thread-1 (]: On model.hubspot_analytics.assoc_activity_contact: /* {"app": "dbt", "dbt_version": "1.12.0", "profile_name": "hubspot_analytics", "target_name": "dev", "node_id": "model.hubspot_analytics.assoc_activity_contact"} */
alter table "analytics"."main_gold"."assoc_activity_contact__dbt_tmp" rename to "assoc_activity_contact"
[0m18:16:01.608335 [debug] [Thread-3 (]: Began running node model.hubspot_analytics.assoc_activity_company
[0m18:16:01.612194 [debug] [Thread-1 (]: SQL status: OK in 0.001 seconds
[0m18:16:01.620192 [debug] [Thread-1 (]: On model.hubspot_analytics.assoc_activity_contact: COMMIT
[0m18:16:01.614358 [info ] [Thread-3 (]: 17 of 43 START sql table model main_gold.assoc_activity_company ................ [RUN]
[0m18:16:01.624102 [debug] [Thread-1 (]: Using duckdb connection "model.hubspot_analytics.assoc_activity_contact"
[0m18:16:01.626637 [debug] [Thread-3 (]: Re-using an available connection from the pool (formerly model.hubspot_analytics.assoc_deal_company, now model.hubspot_analytics.assoc_activity_company)
[0m18:16:01.628647 [debug] [Thread-1 (]: On model.hubspot_analytics.assoc_activity_contact: COMMIT
[0m18:16:01.630661 [debug] [Thread-3 (]: Began compiling node model.hubspot_analytics.assoc_activity_company
[0m18:16:01.638121 [debug] [Thread-3 (]: Writing injected SQL for node "model.hubspot_analytics.assoc_activity_company"
[0m18:16:01.639121 [debug] [Thread-4 (]: SQL status: OK in 0.125 seconds
[0m18:16:01.646736 [debug] [Thread-4 (]: Using duckdb connection "model.hubspot_analytics.assoc_activity_deal"
[0m18:16:01.647737 [debug] [Thread-4 (]: On model.hubspot_analytics.assoc_activity_deal: /* {"app": "dbt", "dbt_version": "1.12.0", "profile_name": "hubspot_analytics", "target_name": "dev", "node_id": "model.hubspot_analytics.assoc_activity_deal"} */
alter table "analytics"."main_gold"."assoc_activity_deal__dbt_tmp" rename to "assoc_activity_deal"
[0m18:16:01.652685 [debug] [Thread-1 (]: SQL status: OK in 0.021 seconds
[0m18:16:01.653690 [debug] [Thread-3 (]: Began executing node model.hubspot_analytics.assoc_activity_company
[0m18:16:01.653690 [debug] [Thread-4 (]: SQL status: OK in 0.003 seconds
[0m18:16:01.653690 [debug] [Thread-1 (]: Using duckdb connection "model.hubspot_analytics.assoc_activity_contact"
[0m18:16:01.661890 [debug] [Thread-3 (]: Writing runtime sql for node "model.hubspot_analytics.assoc_activity_company"
[0m18:16:01.663890 [debug] [Thread-4 (]: On model.hubspot_analytics.assoc_activity_deal: COMMIT
[0m18:16:01.668064 [debug] [Thread-1 (]: On model.hubspot_analytics.assoc_activity_contact: /* {"app": "dbt", "dbt_version": "1.12.0", "profile_name": "hubspot_analytics", "target_name": "dev", "node_id": "model.hubspot_analytics.assoc_activity_contact"} */

      drop table if exists "analytics"."main_gold"."assoc_activity_contact__dbt_backup" cascade
    
[0m18:16:01.671528 [debug] [Thread-4 (]: Using duckdb connection "model.hubspot_analytics.assoc_activity_deal"
[0m18:16:01.673523 [debug] [Thread-1 (]: SQL status: OK in 0.001 seconds
[0m18:16:01.674907 [debug] [Thread-4 (]: On model.hubspot_analytics.assoc_activity_deal: COMMIT
[0m18:16:01.677924 [debug] [Thread-1 (]: On model.hubspot_analytics.assoc_activity_contact: Close
[0m18:16:01.678924 [debug] [Thread-3 (]: Using duckdb connection "model.hubspot_analytics.assoc_activity_company"
[0m18:16:01.680928 [debug] [Thread-3 (]: On model.hubspot_analytics.assoc_activity_company: BEGIN
[0m18:16:01.682925 [debug] [Thread-1 (]: Sending event: {'category': 'dbt', 'action': 'run_model', 'label': '9f9b278d-e069-4f8d-a4ee-5b46e5674af4', 'context': [<snowplow_tracker.self_describing_json.SelfDescribingJson object at 0x0000024D695B0110>]}
[0m18:16:01.683924 [debug] [Thread-3 (]: Opening a new connection, currently in state closed
[0m18:16:01.686234 [info ] [Thread-1 (]: 15 of 43 OK created sql table model main_gold.assoc_activity_contact ........... [[32mOK[0m in 0.26s]
[0m18:16:01.689897 [debug] [Thread-3 (]: SQL status: OK in 0.005 seconds
[0m18:16:01.690897 [debug] [Thread-1 (]: Finished running node model.hubspot_analytics.assoc_activity_contact
[0m18:16:01.692892 [debug] [Thread-3 (]: Using duckdb connection "model.hubspot_analytics.assoc_activity_company"
[0m18:16:01.693925 [debug] [Thread-4 (]: SQL status: OK in 0.014 seconds
[0m18:16:01.695458 [debug] [Thread-1 (]: Began running node model.hubspot_analytics.assoc_deal_contact
[0m18:16:01.696455 [debug] [Thread-3 (]: On model.hubspot_analytics.assoc_activity_company: /* {"app": "dbt", "dbt_version": "1.12.0", "profile_name": "hubspot_analytics", "target_name": "dev", "node_id": "model.hubspot_analytics.assoc_activity_company"} */

  
    
    

    create  table
      "analytics"."main_gold"."assoc_activity_company__dbt_tmp"
  
    as (
      

select 'CALL' as engagement_type, from_id as activity_id, to_id as company_id, assoc_type, _loaded_at
from "analytics"."main_staging"."stg_assoc__calls_companies"
union all
select 'MEETING', from_id, to_id, assoc_type, _loaded_at
from "analytics"."main_staging"."stg_assoc__meetings_companies"
    );
  
  
[0m18:16:01.700490 [debug] [Thread-4 (]: Using duckdb connection "model.hubspot_analytics.assoc_activity_deal"
[0m18:16:01.702528 [info ] [Thread-1 (]: 18 of 43 START sql table model main_gold.assoc_deal_contact .................... [RUN]
[0m18:16:01.706404 [debug] [Thread-4 (]: On model.hubspot_analytics.assoc_activity_deal: /* {"app": "dbt", "dbt_version": "1.12.0", "profile_name": "hubspot_analytics", "target_name": "dev", "node_id": "model.hubspot_analytics.assoc_activity_deal"} */

      drop table if exists "analytics"."main_gold"."assoc_activity_deal__dbt_backup" cascade
    
[0m18:16:01.707409 [debug] [Thread-1 (]: Re-using an available connection from the pool (formerly model.hubspot_analytics.assoc_activity_contact, now model.hubspot_analytics.assoc_deal_contact)
[0m18:16:01.710518 [debug] [Thread-4 (]: SQL status: OK in 0.001 seconds
[0m18:16:01.712419 [debug] [Thread-1 (]: Began compiling node model.hubspot_analytics.assoc_deal_contact
[0m18:16:01.716477 [debug] [Thread-4 (]: On model.hubspot_analytics.assoc_activity_deal: Close
[0m18:16:01.721431 [debug] [Thread-1 (]: Writing injected SQL for node "model.hubspot_analytics.assoc_deal_contact"
[0m18:16:01.723428 [debug] [Thread-4 (]: Sending event: {'category': 'dbt', 'action': 'run_model', 'label': '9f9b278d-e069-4f8d-a4ee-5b46e5674af4', 'context': [<snowplow_tracker.self_describing_json.SelfDescribingJson object at 0x0000024D695B3450>]}
[0m18:16:01.726588 [info ] [Thread-4 (]: 16 of 43 OK created sql table model main_gold.assoc_activity_deal .............. [[32mOK[0m in 0.26s]
[0m18:16:01.730257 [debug] [Thread-4 (]: Finished running node model.hubspot_analytics.assoc_activity_deal
[0m18:16:01.730257 [debug] [Thread-4 (]: Began running node model.hubspot_analytics.analytics_calls
[0m18:16:01.730257 [debug] [Thread-1 (]: Began executing node model.hubspot_analytics.assoc_deal_contact
[0m18:16:01.736658 [info ] [Thread-4 (]: 19 of 43 START sql incremental model main_gold.analytics_calls ................. [RUN]
[0m18:16:01.743051 [debug] [Thread-1 (]: Writing runtime sql for node "model.hubspot_analytics.assoc_deal_contact"
[0m18:16:01.745053 [debug] [Thread-4 (]: Re-using an available connection from the pool (formerly model.hubspot_analytics.assoc_activity_deal, now model.hubspot_analytics.analytics_calls)
[0m18:16:01.746054 [debug] [Thread-4 (]: Began compiling node model.hubspot_analytics.analytics_calls
[0m18:16:01.762288 [debug] [Thread-1 (]: Using duckdb connection "model.hubspot_analytics.assoc_deal_contact"
[0m18:16:01.766490 [debug] [Thread-4 (]: Writing injected SQL for node "model.hubspot_analytics.analytics_calls"
[0m18:16:01.768976 [debug] [Thread-1 (]: On model.hubspot_analytics.assoc_deal_contact: BEGIN
[0m18:16:01.772753 [debug] [Thread-1 (]: Opening a new connection, currently in state closed
[0m18:16:01.776222 [debug] [Thread-1 (]: SQL status: OK in 0.003 seconds
[0m18:16:01.778247 [debug] [Thread-1 (]: Using duckdb connection "model.hubspot_analytics.assoc_deal_contact"
[0m18:16:01.779244 [debug] [Thread-1 (]: On model.hubspot_analytics.assoc_deal_contact: /* {"app": "dbt", "dbt_version": "1.12.0", "profile_name": "hubspot_analytics", "target_name": "dev", "node_id": "model.hubspot_analytics.assoc_deal_contact"} */

  
    
    

    create  table
      "analytics"."main_gold"."assoc_deal_contact__dbt_tmp"
  
    as (
      

-- N:N deal <-> contato. is_primary alimenta o primary_contact_id do deal.
select
    from_id                                     as deal_id,
    to_id                                       as contact_id,
    assoc_type,
    coalesce(lower(assoc_type) like '%primary%', false) as is_primary,
    _loaded_at
from "analytics"."main_staging"."stg_assoc__deals_contacts"
    );
  
  
[0m18:16:01.779244 [debug] [Thread-4 (]: Began executing node model.hubspot_analytics.analytics_calls
[0m18:16:01.835695 [debug] [Thread-3 (]: SQL status: OK in 0.131 seconds
[0m18:16:01.868944 [debug] [Thread-4 (]: Writing runtime sql for node "model.hubspot_analytics.analytics_calls"
[0m18:16:01.870923 [debug] [Thread-3 (]: Using duckdb connection "model.hubspot_analytics.assoc_activity_company"
[0m18:16:01.870923 [debug] [Thread-1 (]: SQL status: OK in 0.089 seconds
[0m18:16:01.870923 [debug] [Thread-3 (]: On model.hubspot_analytics.assoc_activity_company: /* {"app": "dbt", "dbt_version": "1.12.0", "profile_name": "hubspot_analytics", "target_name": "dev", "node_id": "model.hubspot_analytics.assoc_activity_company"} */
alter table "analytics"."main_gold"."assoc_activity_company__dbt_tmp" rename to "assoc_activity_company"
[0m18:16:01.870923 [debug] [Thread-2 (]: SQL status: OK in 0.960 seconds
[0m18:16:01.870923 [debug] [Thread-1 (]: Using duckdb connection "model.hubspot_analytics.assoc_deal_contact"
[0m18:16:01.870923 [debug] [Thread-3 (]: SQL status: OK in 0.001 seconds
[0m18:16:01.870923 [debug] [Thread-4 (]: Using duckdb connection "model.hubspot_analytics.analytics_calls"
[0m18:16:01.886855 [debug] [Thread-2 (]: Using duckdb connection "model.hubspot_analytics.stg_hubspot__contacts"
[0m18:16:01.886855 [debug] [Thread-1 (]: On model.hubspot_analytics.assoc_deal_contact: /* {"app": "dbt", "dbt_version": "1.12.0", "profile_name": "hubspot_analytics", "target_name": "dev", "node_id": "model.hubspot_analytics.assoc_deal_contact"} */
alter table "analytics"."main_gold"."assoc_deal_contact__dbt_tmp" rename to "assoc_deal_contact"
[0m18:16:01.890366 [debug] [Thread-3 (]: On model.hubspot_analytics.assoc_activity_company: COMMIT
[0m18:16:01.890366 [debug] [Thread-4 (]: On model.hubspot_analytics.analytics_calls: BEGIN
[0m18:16:01.890366 [debug] [Thread-2 (]: On model.hubspot_analytics.stg_hubspot__contacts: /* {"app": "dbt", "dbt_version": "1.12.0", "profile_name": "hubspot_analytics", "target_name": "dev", "node_id": "model.hubspot_analytics.stg_hubspot__contacts"} */
alter view "analytics"."main_staging"."stg_hubspot__contacts__dbt_tmp" rename to "stg_hubspot__contacts"
[0m18:16:01.890366 [debug] [Thread-1 (]: SQL status: OK in 0.001 seconds
[0m18:16:01.890366 [debug] [Thread-3 (]: Using duckdb connection "model.hubspot_analytics.assoc_activity_company"
[0m18:16:01.890366 [debug] [Thread-4 (]: Opening a new connection, currently in state closed
[0m18:16:01.901339 [debug] [Thread-2 (]: SQL status: OK in 0.001 seconds
[0m18:16:01.903088 [debug] [Thread-1 (]: On model.hubspot_analytics.assoc_deal_contact: COMMIT
[0m18:16:01.903088 [debug] [Thread-3 (]: On model.hubspot_analytics.assoc_activity_company: COMMIT
[0m18:16:01.903088 [debug] [Thread-4 (]: SQL status: OK in 0.007 seconds
[0m18:16:01.903088 [debug] [Thread-2 (]: On model.hubspot_analytics.stg_hubspot__contacts: COMMIT
[0m18:16:01.903088 [debug] [Thread-1 (]: Using duckdb connection "model.hubspot_analytics.assoc_deal_contact"
[0m18:16:01.903088 [debug] [Thread-4 (]: Using duckdb connection "model.hubspot_analytics.analytics_calls"
[0m18:16:01.903088 [debug] [Thread-2 (]: Using duckdb connection "model.hubspot_analytics.stg_hubspot__contacts"
[0m18:16:01.903088 [debug] [Thread-1 (]: On model.hubspot_analytics.assoc_deal_contact: COMMIT
[0m18:16:01.903088 [debug] [Thread-4 (]: On model.hubspot_analytics.analytics_calls: /* {"app": "dbt", "dbt_version": "1.12.0", "profile_name": "hubspot_analytics", "target_name": "dev", "node_id": "model.hubspot_analytics.analytics_calls"} */

  
    
    

    create  table
      "analytics"."main_gold"."analytics_calls"
  
    as (
      

select
    call_id,
    owner_id,
    title,
    direction,
    disposition,
    status,
    duration_ms,
    occurred_at,
    created_at,
    updated_at,
    _loaded_at
from "analytics"."main_staging"."stg_hubspot__calls"


    );
  
  
  
[0m18:16:01.903088 [debug] [Thread-2 (]: On model.hubspot_analytics.stg_hubspot__contacts: COMMIT
[0m18:16:01.927073 [debug] [Thread-3 (]: SQL status: OK in 0.020 seconds
[0m18:16:01.932887 [debug] [Thread-3 (]: Using duckdb connection "model.hubspot_analytics.assoc_activity_company"
[0m18:16:01.935804 [debug] [Thread-3 (]: On model.hubspot_analytics.assoc_activity_company: /* {"app": "dbt", "dbt_version": "1.12.0", "profile_name": "hubspot_analytics", "target_name": "dev", "node_id": "model.hubspot_analytics.assoc_activity_company"} */

      drop table if exists "analytics"."main_gold"."assoc_activity_company__dbt_backup" cascade
    
[0m18:16:01.939331 [debug] [Thread-1 (]: SQL status: OK in 0.022 seconds
[0m18:16:01.939331 [debug] [Thread-1 (]: Using duckdb connection "model.hubspot_analytics.assoc_deal_contact"
[0m18:16:01.939331 [debug] [Thread-3 (]: SQL status: OK in 0.006 seconds
[0m18:16:01.939331 [debug] [Thread-2 (]: SQL status: OK in 0.025 seconds
[0m18:16:01.939331 [debug] [Thread-1 (]: On model.hubspot_analytics.assoc_deal_contact: /* {"app": "dbt", "dbt_version": "1.12.0", "profile_name": "hubspot_analytics", "target_name": "dev", "node_id": "model.hubspot_analytics.assoc_deal_contact"} */

      drop table if exists "analytics"."main_gold"."assoc_deal_contact__dbt_backup" cascade
    
[0m18:16:01.948343 [debug] [Thread-3 (]: On model.hubspot_analytics.assoc_activity_company: Close
[0m18:16:01.951255 [debug] [Thread-2 (]: Using duckdb connection "model.hubspot_analytics.stg_hubspot__contacts"
[0m18:16:01.953299 [debug] [Thread-1 (]: SQL status: OK in 0.001 seconds
[0m18:16:01.955314 [debug] [Thread-3 (]: Sending event: {'category': 'dbt', 'action': 'run_model', 'label': '9f9b278d-e069-4f8d-a4ee-5b46e5674af4', 'context': [<snowplow_tracker.self_describing_json.SelfDescribingJson object at 0x0000024D69771410>]}
[0m18:16:01.956617 [debug] [Thread-2 (]: On model.hubspot_analytics.stg_hubspot__contacts: /* {"app": "dbt", "dbt_version": "1.12.0", "profile_name": "hubspot_analytics", "target_name": "dev", "node_id": "model.hubspot_analytics.stg_hubspot__contacts"} */

      drop view if exists "analytics"."main_staging"."stg_hubspot__contacts__dbt_backup" cascade
    
[0m18:16:01.956617 [debug] [Thread-1 (]: On model.hubspot_analytics.assoc_deal_contact: Close
[0m18:16:01.956617 [info ] [Thread-3 (]: 17 of 43 OK created sql table model main_gold.assoc_activity_company ........... [[32mOK[0m in 0.33s]
[0m18:16:01.962355 [debug] [Thread-2 (]: SQL status: OK in 0.001 seconds
[0m18:16:01.962355 [debug] [Thread-1 (]: Sending event: {'category': 'dbt', 'action': 'run_model', 'label': '9f9b278d-e069-4f8d-a4ee-5b46e5674af4', 'context': [<snowplow_tracker.self_describing_json.SelfDescribingJson object at 0x0000024D695A7F10>]}
[0m18:16:01.962355 [debug] [Thread-3 (]: Finished running node model.hubspot_analytics.assoc_activity_company
[0m18:16:01.968945 [debug] [Thread-2 (]: On model.hubspot_analytics.stg_hubspot__contacts: Close
[0m18:16:01.970948 [info ] [Thread-1 (]: 18 of 43 OK created sql table model main_gold.assoc_deal_contact ............... [[32mOK[0m in 0.25s]
[0m18:16:01.972479 [debug] [Thread-3 (]: Began running node model.hubspot_analytics.analytics_companies
[0m18:16:01.974348 [debug] [Thread-2 (]: Sending event: {'category': 'dbt', 'action': 'run_model', 'label': '9f9b278d-e069-4f8d-a4ee-5b46e5674af4', 'context': [<snowplow_tracker.self_describing_json.SelfDescribingJson object at 0x0000024D6958FFD0>]}
[0m18:16:01.976367 [debug] [Thread-1 (]: Finished running node model.hubspot_analytics.assoc_deal_contact
[0m18:16:01.978444 [info ] [Thread-3 (]: 20 of 43 START sql incremental model main_gold.analytics_companies ............. [RUN]
[0m18:16:01.981346 [info ] [Thread-2 (]: 11 of 43 OK created sql view model main_staging.stg_hubspot__contacts .......... [[32mOK[0m in 1.22s]
[0m18:16:01.983341 [debug] [Thread-1 (]: Began running node snapshot.hubspot_analytics.snap_deals_stage
[0m18:16:01.986340 [debug] [Thread-3 (]: Re-using an available connection from the pool (formerly model.hubspot_analytics.assoc_activity_company, now model.hubspot_analytics.analytics_companies)
[0m18:16:01.988343 [debug] [Thread-2 (]: Finished running node model.hubspot_analytics.stg_hubspot__contacts
[0m18:16:01.990350 [info ] [Thread-1 (]: 21 of 43 START snapshot snapshots.snap_deals_stage ............................. [RUN]
[0m18:16:01.991339 [debug] [Thread-3 (]: Began compiling node model.hubspot_analytics.analytics_companies
[0m18:16:01.993340 [debug] [Thread-2 (]: Began running node model.hubspot_analytics.analytics_meetings
[0m18:16:01.996661 [debug] [Thread-1 (]: Re-using an available connection from the pool (formerly model.hubspot_analytics.assoc_deal_contact, now snapshot.hubspot_analytics.snap_deals_stage)
[0m18:16:02.003256 [debug] [Thread-3 (]: Writing injected SQL for node "model.hubspot_analytics.analytics_companies"
[0m18:16:02.005821 [info ] [Thread-2 (]: 22 of 43 START sql incremental model main_gold.analytics_meetings .............. [RUN]
[0m18:16:02.007819 [debug] [Thread-1 (]: Began compiling node snapshot.hubspot_analytics.snap_deals_stage
[0m18:16:02.011826 [debug] [Thread-2 (]: Re-using an available connection from the pool (formerly model.hubspot_analytics.stg_hubspot__contacts, now model.hubspot_analytics.analytics_meetings)
[0m18:16:02.018974 [debug] [Thread-1 (]: Writing injected SQL for node "snapshot.hubspot_analytics.snap_deals_stage"
[0m18:16:02.020807 [debug] [Thread-3 (]: Began executing node model.hubspot_analytics.analytics_companies
[0m18:16:02.022825 [debug] [Thread-2 (]: Began compiling node model.hubspot_analytics.analytics_meetings
[0m18:16:02.029322 [debug] [Thread-3 (]: Writing runtime sql for node "model.hubspot_analytics.analytics_companies"
[0m18:16:02.034633 [debug] [Thread-2 (]: Writing injected SQL for node "model.hubspot_analytics.analytics_meetings"
[0m18:16:02.040830 [debug] [Thread-1 (]: Began executing node snapshot.hubspot_analytics.snap_deals_stage
[0m18:16:02.052259 [debug] [Thread-2 (]: Began executing node model.hubspot_analytics.analytics_meetings
[0m18:16:02.067918 [debug] [Thread-3 (]: Using duckdb connection "model.hubspot_analytics.analytics_companies"
[0m18:16:02.119742 [debug] [Thread-2 (]: Writing runtime sql for node "model.hubspot_analytics.analytics_meetings"
[0m18:16:02.227005 [debug] [Thread-1 (]: Using duckdb connection "snapshot.hubspot_analytics.snap_deals_stage"
[0m18:16:02.227005 [debug] [Thread-4 (]: SQL status: OK in 0.310 seconds
[0m18:16:02.227005 [debug] [Thread-3 (]: On model.hubspot_analytics.analytics_companies: BEGIN
[0m18:16:02.229059 [debug] [Thread-1 (]: On snapshot.hubspot_analytics.snap_deals_stage: /* {"app": "dbt", "dbt_version": "1.12.0", "profile_name": "hubspot_analytics", "target_name": "dev", "node_id": "snapshot.hubspot_analytics.snap_deals_stage"} */
DESCRIBE (select * from (
        
    

    select *,
        md5(coalesce(cast(deal_id as varchar ), '')
         || '|' || coalesce(cast(now()::timestamp as varchar ), '')
        ) as dbt_scd_id,
        now()::timestamp as dbt_updated_at,
        now()::timestamp as dbt_valid_from,
        
  
  coalesce(nullif(now()::timestamp, now()::timestamp), null)
  as dbt_valid_to
from (
        



-- SCD2 do estágio do deal: cada mudança de dealstage gera uma nova
-- versão com dbt_valid_from/dbt_valid_to. Base do analytics_deal_stage_hist.
select
    deal_id,
    pipeline_id,
    stage_id
from "analytics"."main_staging"."stg_hubspot__deals"

    ) sbq



    ) as __dbt_sbq
    where false
    limit 0
)
[0m18:16:02.231102 [debug] [Thread-4 (]: On model.hubspot_analytics.analytics_calls: COMMIT
[0m18:16:02.233123 [debug] [Thread-3 (]: Opening a new connection, currently in state closed
[0m18:16:02.233123 [debug] [Thread-1 (]: Opening a new connection, currently in state closed
[0m18:16:02.236198 [debug] [Thread-4 (]: Using duckdb connection "model.hubspot_analytics.analytics_calls"
[0m18:16:02.237221 [debug] [Thread-3 (]: SQL status: OK in 0.004 seconds
[0m18:16:02.238987 [debug] [Thread-4 (]: On model.hubspot_analytics.analytics_calls: COMMIT
[0m18:16:02.241002 [debug] [Thread-3 (]: Using duckdb connection "model.hubspot_analytics.analytics_companies"
[0m18:16:02.242961 [debug] [Thread-3 (]: On model.hubspot_analytics.analytics_companies: /* {"app": "dbt", "dbt_version": "1.12.0", "profile_name": "hubspot_analytics", "target_name": "dev", "node_id": "model.hubspot_analytics.analytics_companies"} */

  
    
    

    create  table
      "analytics"."main_gold"."analytics_companies"
  
    as (
      

select
    company_id,
    company_name,
    domain,
    owner_id,
    created_at,
    updated_at,
    _loaded_at
from "analytics"."main_staging"."stg_hubspot__companies"


    );
  
  
  
[0m18:16:02.249058 [debug] [Thread-2 (]: Using duckdb connection "model.hubspot_analytics.analytics_meetings"
[0m18:16:02.252268 [debug] [Thread-2 (]: On model.hubspot_analytics.analytics_meetings: BEGIN
[0m18:16:02.253547 [debug] [Thread-2 (]: Opening a new connection, currently in state closed
[0m18:16:02.257803 [debug] [Thread-2 (]: SQL status: OK in 0.003 seconds
[0m18:16:02.259817 [debug] [Thread-2 (]: Using duckdb connection "model.hubspot_analytics.analytics_meetings"
[0m18:16:02.261832 [debug] [Thread-2 (]: On model.hubspot_analytics.analytics_meetings: /* {"app": "dbt", "dbt_version": "1.12.0", "profile_name": "hubspot_analytics", "target_name": "dev", "node_id": "model.hubspot_analytics.analytics_meetings"} */

  
    
    

    create  table
      "analytics"."main_gold"."analytics_meetings"
  
    as (
      

select
    meeting_id,
    owner_id,
    title,
    outcome,
    location,
    starts_at,
    ends_at,
    occurred_at,
    created_at,
    updated_at,
    _loaded_at
from "analytics"."main_staging"."stg_hubspot__meetings"


    );
  
  
  
[0m18:16:02.265871 [debug] [Thread-4 (]: SQL status: OK in 0.024 seconds
[0m18:16:02.270130 [debug] [Thread-4 (]: On model.hubspot_analytics.analytics_calls: Close
[0m18:16:02.272976 [debug] [Thread-4 (]: Sending event: {'category': 'dbt', 'action': 'run_model', 'label': '9f9b278d-e069-4f8d-a4ee-5b46e5674af4', 'context': [<snowplow_tracker.self_describing_json.SelfDescribingJson object at 0x0000024D697AD110>]}
[0m18:16:02.272976 [info ] [Thread-4 (]: 19 of 43 OK created sql incremental model main_gold.analytics_calls ............ [[32mOK[0m in 0.53s]
[0m18:16:02.272976 [debug] [Thread-4 (]: Finished running node model.hubspot_analytics.analytics_calls
[0m18:16:02.272976 [debug] [Thread-4 (]: Began running node model.hubspot_analytics.analytics_deals
[0m18:16:02.272976 [info ] [Thread-4 (]: 23 of 43 START sql incremental model main_gold.analytics_deals ................. [RUN]
[0m18:16:02.272976 [debug] [Thread-4 (]: Re-using an available connection from the pool (formerly model.hubspot_analytics.analytics_calls, now model.hubspot_analytics.analytics_deals)
[0m18:16:02.285648 [debug] [Thread-4 (]: Began compiling node model.hubspot_analytics.analytics_deals
[0m18:16:02.293739 [debug] [Thread-4 (]: Writing injected SQL for node "model.hubspot_analytics.analytics_deals"
[0m18:16:02.309501 [debug] [Thread-4 (]: Began executing node model.hubspot_analytics.analytics_deals
[0m18:16:02.314831 [debug] [Thread-4 (]: Writing runtime sql for node "model.hubspot_analytics.analytics_deals"
[0m18:16:02.316844 [debug] [Thread-2 (]: SQL status: OK in 0.053 seconds
[0m18:16:02.321818 [debug] [Thread-2 (]: On model.hubspot_analytics.analytics_meetings: COMMIT
[0m18:16:02.324260 [debug] [Thread-2 (]: Using duckdb connection "model.hubspot_analytics.analytics_meetings"
[0m18:16:02.325279 [debug] [Thread-2 (]: On model.hubspot_analytics.analytics_meetings: COMMIT
[0m18:16:02.328470 [debug] [Thread-4 (]: Using duckdb connection "model.hubspot_analytics.analytics_deals"
[0m18:16:02.329473 [debug] [Thread-4 (]: On model.hubspot_analytics.analytics_deals: BEGIN
[0m18:16:02.331694 [debug] [Thread-4 (]: Opening a new connection, currently in state closed
[0m18:16:02.334694 [debug] [Thread-4 (]: SQL status: OK in 0.003 seconds
[0m18:16:02.336693 [debug] [Thread-4 (]: Using duckdb connection "model.hubspot_analytics.analytics_deals"
[0m18:16:02.337690 [debug] [Thread-4 (]: On model.hubspot_analytics.analytics_deals: /* {"app": "dbt", "dbt_version": "1.12.0", "profile_name": "hubspot_analytics", "target_name": "dev", "node_id": "model.hubspot_analytics.analytics_deals"} */

  
    
    

    create  table
      "analytics"."main_gold"."analytics_deals"
  
    as (
      

with principal as (
    select deal_id, min(contact_id) as primary_contact_id
    from "analytics"."main_gold"."assoc_deal_contact"
    where is_primary
    group by 1
),

qualquer_contato as (
    select deal_id, min(contact_id) as contact_id
    from "analytics"."main_gold"."assoc_deal_contact"
    group by 1
),

empresa as (
    select deal_id, min(company_id) as company_id
    from "analytics"."main_gold"."assoc_deal_company"
    group by 1
)

select
    d.deal_id,
    deal_name,
    pipeline_id,
    stage_id,
    amount,
    owner_id,
    deal_type,
    created_at,
    updated_at,
    close_date,
    coalesce(p.primary_contact_id, q.contact_id) as primary_contact_id,
    e.company_id,
    -- deriváveis do estágio; ajustar aos ids reais dos estágios de
    -- fechamento do pipeline de vocês (API de pipelines resolve labels)
    coalesce(stage_id ilike '%closedwon%', false)   as is_won,
    coalesce(stage_id ilike '%closed%', false)      as is_closed,
    _loaded_at
from "analytics"."main_staging"."stg_hubspot__deals" d
left join principal p on d.deal_id = p.deal_id
left join qualquer_contato q on d.deal_id = q.deal_id
left join empresa e on d.deal_id = e.deal_id


    );
  
  
  
[0m18:16:02.340688 [debug] [Thread-2 (]: SQL status: OK in 0.013 seconds
[0m18:16:02.343692 [debug] [Thread-2 (]: On model.hubspot_analytics.analytics_meetings: Close
[0m18:16:02.345693 [debug] [Thread-2 (]: Sending event: {'category': 'dbt', 'action': 'run_model', 'label': '9f9b278d-e069-4f8d-a4ee-5b46e5674af4', 'context': [<snowplow_tracker.self_describing_json.SelfDescribingJson object at 0x0000024D6976A4D0>]}
[0m18:16:02.347693 [info ] [Thread-2 (]: 22 of 43 OK created sql incremental model main_gold.analytics_meetings ......... [[32mOK[0m in 0.33s]
[0m18:16:02.350511 [debug] [Thread-2 (]: Finished running node model.hubspot_analytics.analytics_meetings
[0m18:16:02.353035 [debug] [Thread-2 (]: Began running node model.hubspot_analytics.analytics_contacts
[0m18:16:02.353484 [info ] [Thread-2 (]: 24 of 43 START sql incremental model main_gold.analytics_contacts .............. [RUN]
[0m18:16:02.356424 [debug] [Thread-2 (]: Re-using an available connection from the pool (formerly model.hubspot_analytics.analytics_meetings, now model.hubspot_analytics.analytics_contacts)
[0m18:16:02.359665 [debug] [Thread-2 (]: Began compiling node model.hubspot_analytics.analytics_contacts
[0m18:16:02.364736 [debug] [Thread-2 (]: Writing injected SQL for node "model.hubspot_analytics.analytics_contacts"
[0m18:16:02.376515 [debug] [Thread-2 (]: Began executing node model.hubspot_analytics.analytics_contacts
[0m18:16:02.386049 [debug] [Thread-2 (]: Writing runtime sql for node "model.hubspot_analytics.analytics_contacts"
[0m18:16:02.395050 [debug] [Thread-2 (]: Using duckdb connection "model.hubspot_analytics.analytics_contacts"
[0m18:16:02.397058 [debug] [Thread-2 (]: On model.hubspot_analytics.analytics_contacts: BEGIN
[0m18:16:02.399048 [debug] [Thread-2 (]: Opening a new connection, currently in state closed
[0m18:16:02.402096 [debug] [Thread-2 (]: SQL status: OK in 0.003 seconds
[0m18:16:02.403148 [debug] [Thread-2 (]: Using duckdb connection "model.hubspot_analytics.analytics_contacts"
[0m18:16:02.405148 [debug] [Thread-2 (]: On model.hubspot_analytics.analytics_contacts: /* {"app": "dbt", "dbt_version": "1.12.0", "profile_name": "hubspot_analytics", "target_name": "dev", "node_id": "model.hubspot_analytics.analytics_contacts"} */

  
    
    

    create  table
      "analytics"."main_gold"."analytics_contacts"
  
    as (
      

select
    contact_id,
    email,
    first_name,
    last_name,
    phone,
    lifecycle_stage,
    lead_status,
    owner_id,
    original_source,     -- first-touch (imutável no HubSpot)
    latest_source,       -- last-touch (sobrescrita a cada interação)
    latest_source_at,
    origem_analytics,
    origem_detalhe_1,
    origem_detalhe_2,
    primeira_url,
    ultima_url,
    criacao_origem_label,
    criacao_detalhe_1,
    criacao_detalhe_2,
    criacao_detalhe_3,
    clicou_linkedin_ad,
    gclid,
    fbclid,
    utm_source,
    utm_medium,
    utm_campaign,
    utm_content,
    utm_term,
    created_at,
    updated_at,
    _loaded_at
from "analytics"."main_staging"."stg_hubspot__contacts"


    );
  
  
  
[0m18:16:02.556356 [debug] [Thread-1 (]: SQL status: OK in 0.321 seconds
[0m18:16:02.563751 [debug] [Thread-1 (]: Using duckdb connection "snapshot.hubspot_analytics.snap_deals_stage"
[0m18:16:02.563751 [debug] [Thread-1 (]: On snapshot.hubspot_analytics.snap_deals_stage: /* {"app": "dbt", "dbt_version": "1.12.0", "profile_name": "hubspot_analytics", "target_name": "dev", "node_id": "snapshot.hubspot_analytics.snap_deals_stage"} */
DESCRIBE (select * from (
        select now()::timestamp as dbt_snapshot_time
    ) as __dbt_sbq
    where false
    limit 0
)
[0m18:16:02.567904 [debug] [Thread-1 (]: SQL status: OK in 0.001 seconds
[0m18:16:02.570145 [debug] [Thread-1 (]: Writing runtime sql for node "snapshot.hubspot_analytics.snap_deals_stage"
[0m18:16:02.580428 [debug] [Thread-1 (]: Using duckdb connection "snapshot.hubspot_analytics.snap_deals_stage"
[0m18:16:02.580428 [debug] [Thread-1 (]: On snapshot.hubspot_analytics.snap_deals_stage: BEGIN
[0m18:16:02.580428 [debug] [Thread-1 (]: SQL status: OK in 0.000 seconds
[0m18:16:02.585388 [debug] [Thread-1 (]: Using duckdb connection "snapshot.hubspot_analytics.snap_deals_stage"
[0m18:16:02.587449 [debug] [Thread-1 (]: On snapshot.hubspot_analytics.snap_deals_stage: /* {"app": "dbt", "dbt_version": "1.12.0", "profile_name": "hubspot_analytics", "target_name": "dev", "node_id": "snapshot.hubspot_analytics.snap_deals_stage"} */

      
  
    
    

    create  table
      "analytics"."snapshots"."snap_deals_stage"
  
    as (
      
    

    select *,
        md5(coalesce(cast(deal_id as varchar ), '')
         || '|' || coalesce(cast(now()::timestamp as varchar ), '')
        ) as dbt_scd_id,
        now()::timestamp as dbt_updated_at,
        now()::timestamp as dbt_valid_from,
        
  
  coalesce(nullif(now()::timestamp, now()::timestamp), null)
  as dbt_valid_to
from (
        



-- SCD2 do estágio do deal: cada mudança de dealstage gera uma nova
-- versão com dbt_valid_from/dbt_valid_to. Base do analytics_deal_stage_hist.
select
    deal_id,
    pipeline_id,
    stage_id
from "analytics"."main_staging"."stg_hubspot__deals"

    ) sbq



    );
  
  
  
[0m18:16:02.628051 [debug] [Thread-3 (]: SQL status: OK in 0.383 seconds
[0m18:16:02.628051 [debug] [Thread-3 (]: On model.hubspot_analytics.analytics_companies: COMMIT
[0m18:16:02.632596 [debug] [Thread-3 (]: Using duckdb connection "model.hubspot_analytics.analytics_companies"
[0m18:16:02.632596 [debug] [Thread-3 (]: On model.hubspot_analytics.analytics_companies: COMMIT
[0m18:16:02.653214 [debug] [Thread-3 (]: SQL status: OK in 0.021 seconds
[0m18:16:02.657281 [debug] [Thread-3 (]: On model.hubspot_analytics.analytics_companies: Close
[0m18:16:02.661134 [debug] [Thread-3 (]: Sending event: {'category': 'dbt', 'action': 'run_model', 'label': '9f9b278d-e069-4f8d-a4ee-5b46e5674af4', 'context': [<snowplow_tracker.self_describing_json.SelfDescribingJson object at 0x0000024D6976A590>]}
[0m18:16:02.664083 [info ] [Thread-3 (]: 20 of 43 OK created sql incremental model main_gold.analytics_companies ........ [[32mOK[0m in 0.68s]
[0m18:16:02.664083 [debug] [Thread-3 (]: Finished running node model.hubspot_analytics.analytics_companies
[0m18:16:02.668888 [debug] [Thread-3 (]: Began running node test.hubspot_analytics.not_null_analytics_calls_call_id.143449bff2
[0m18:16:02.669992 [info ] [Thread-3 (]: 25 of 43 START test not_null_analytics_calls_call_id ........................... [RUN]
[0m18:16:02.672783 [debug] [Thread-3 (]: Re-using an available connection from the pool (formerly model.hubspot_analytics.analytics_companies, now test.hubspot_analytics.not_null_analytics_calls_call_id.143449bff2)
[0m18:16:02.675082 [debug] [Thread-3 (]: Began compiling node test.hubspot_analytics.not_null_analytics_calls_call_id.143449bff2
[0m18:16:02.705289 [debug] [Thread-3 (]: Writing injected SQL for node "test.hubspot_analytics.not_null_analytics_calls_call_id.143449bff2"
[0m18:16:02.715437 [debug] [Thread-3 (]: Began executing node test.hubspot_analytics.not_null_analytics_calls_call_id.143449bff2
[0m18:16:02.753487 [debug] [Thread-3 (]: Writing runtime sql for node "test.hubspot_analytics.not_null_analytics_calls_call_id.143449bff2"
[0m18:16:02.779174 [debug] [Thread-3 (]: Using duckdb connection "test.hubspot_analytics.not_null_analytics_calls_call_id.143449bff2"
[0m18:16:02.781185 [debug] [Thread-3 (]: On test.hubspot_analytics.not_null_analytics_calls_call_id.143449bff2: BEGIN
[0m18:16:02.785683 [debug] [Thread-3 (]: Opening a new connection, currently in state closed
[0m18:16:02.791962 [debug] [Thread-3 (]: SQL status: OK in 0.006 seconds
[0m18:16:02.791962 [debug] [Thread-3 (]: Using duckdb connection "test.hubspot_analytics.not_null_analytics_calls_call_id.143449bff2"
[0m18:16:02.793979 [debug] [Thread-3 (]: On test.hubspot_analytics.not_null_analytics_calls_call_id.143449bff2: /* {"app": "dbt", "dbt_version": "1.12.0", "profile_name": "hubspot_analytics", "target_name": "dev", "node_id": "test.hubspot_analytics.not_null_analytics_calls_call_id.143449bff2"} */

    
    select
      count(*) as failures,
      count(*) != 0 as should_warn,
      count(*) != 0 as should_error
    from (
      
    
  
    
    



select call_id
from "analytics"."main_gold"."analytics_calls"
where call_id is null



  
  
      
    ) dbt_internal_test
[0m18:16:02.799599 [debug] [Thread-3 (]: SQL status: OK in 0.003 seconds
[0m18:16:02.806322 [debug] [Thread-3 (]: On test.hubspot_analytics.not_null_analytics_calls_call_id.143449bff2: ROLLBACK
[0m18:16:02.806322 [debug] [Thread-3 (]: Failed to rollback 'test.hubspot_analytics.not_null_analytics_calls_call_id.143449bff2'
[0m18:16:02.806322 [debug] [Thread-4 (]: SQL status: OK in 0.472 seconds
[0m18:16:02.806322 [debug] [Thread-3 (]: On test.hubspot_analytics.not_null_analytics_calls_call_id.143449bff2: Close
[0m18:16:02.814277 [debug] [Thread-4 (]: On model.hubspot_analytics.analytics_deals: COMMIT
[0m18:16:02.819895 [info ] [Thread-3 (]: 25 of 43 PASS not_null_analytics_calls_call_id ................................. [[32mPASS[0m in 0.15s]
[0m18:16:02.819895 [debug] [Thread-4 (]: Using duckdb connection "model.hubspot_analytics.analytics_deals"
[0m18:16:02.819895 [debug] [Thread-3 (]: Finished running node test.hubspot_analytics.not_null_analytics_calls_call_id.143449bff2
[0m18:16:02.819895 [debug] [Thread-4 (]: On model.hubspot_analytics.analytics_deals: COMMIT
[0m18:16:02.827937 [debug] [Thread-3 (]: Began running node test.hubspot_analytics.unique_analytics_calls_call_id.0d83723609
[0m18:16:02.827937 [info ] [Thread-3 (]: 26 of 43 START test unique_analytics_calls_call_id ............................. [RUN]
[0m18:16:02.833165 [debug] [Thread-3 (]: Re-using an available connection from the pool (formerly test.hubspot_analytics.not_null_analytics_calls_call_id.143449bff2, now test.hubspot_analytics.unique_analytics_calls_call_id.0d83723609)
[0m18:16:02.835674 [debug] [Thread-3 (]: Began compiling node test.hubspot_analytics.unique_analytics_calls_call_id.0d83723609
[0m18:16:02.849694 [debug] [Thread-3 (]: Writing injected SQL for node "test.hubspot_analytics.unique_analytics_calls_call_id.0d83723609"
[0m18:16:02.854049 [debug] [Thread-3 (]: Began executing node test.hubspot_analytics.unique_analytics_calls_call_id.0d83723609
[0m18:16:02.860941 [debug] [Thread-3 (]: Writing runtime sql for node "test.hubspot_analytics.unique_analytics_calls_call_id.0d83723609"
[0m18:16:02.860941 [debug] [Thread-4 (]: SQL status: OK in 0.035 seconds
[0m18:16:02.866013 [debug] [Thread-4 (]: On model.hubspot_analytics.analytics_deals: Close
[0m18:16:02.870477 [debug] [Thread-4 (]: Sending event: {'category': 'dbt', 'action': 'run_model', 'label': '9f9b278d-e069-4f8d-a4ee-5b46e5674af4', 'context': [<snowplow_tracker.self_describing_json.SelfDescribingJson object at 0x0000024D695B5C50>]}
[0m18:16:02.872007 [debug] [Thread-3 (]: Using duckdb connection "test.hubspot_analytics.unique_analytics_calls_call_id.0d83723609"
[0m18:16:02.872007 [info ] [Thread-4 (]: 23 of 43 OK created sql incremental model main_gold.analytics_deals ............ [[32mOK[0m in 0.60s]
[0m18:16:02.872007 [debug] [Thread-3 (]: On test.hubspot_analytics.unique_analytics_calls_call_id.0d83723609: BEGIN
[0m18:16:02.872007 [debug] [Thread-4 (]: Finished running node model.hubspot_analytics.analytics_deals
[0m18:16:02.872007 [debug] [Thread-3 (]: Opening a new connection, currently in state closed
[0m18:16:02.872007 [debug] [Thread-4 (]: Began running node test.hubspot_analytics.not_null_analytics_meetings_meeting_id.97a9d500f6
[0m18:16:02.872007 [debug] [Thread-3 (]: SQL status: OK in 0.003 seconds
[0m18:16:02.872007 [info ] [Thread-4 (]: 27 of 43 START test not_null_analytics_meetings_meeting_id ..................... [RUN]
[0m18:16:02.872007 [debug] [Thread-3 (]: Using duckdb connection "test.hubspot_analytics.unique_analytics_calls_call_id.0d83723609"
[0m18:16:02.886742 [debug] [Thread-4 (]: Re-using an available connection from the pool (formerly model.hubspot_analytics.analytics_deals, now test.hubspot_analytics.not_null_analytics_meetings_meeting_id.97a9d500f6)
[0m18:16:02.888740 [debug] [Thread-3 (]: On test.hubspot_analytics.unique_analytics_calls_call_id.0d83723609: /* {"app": "dbt", "dbt_version": "1.12.0", "profile_name": "hubspot_analytics", "target_name": "dev", "node_id": "test.hubspot_analytics.unique_analytics_calls_call_id.0d83723609"} */

    
    select
      count(*) as failures,
      count(*) != 0 as should_warn,
      count(*) != 0 as should_error
    from (
      
    
  
    
    

select
    call_id as unique_field,
    count(*) as n_records

from "analytics"."main_gold"."analytics_calls"
where call_id is not null
group by call_id
having count(*) > 1



  
  
      
    ) dbt_internal_test
[0m18:16:02.890742 [debug] [Thread-4 (]: Began compiling node test.hubspot_analytics.not_null_analytics_meetings_meeting_id.97a9d500f6
[0m18:16:02.904094 [debug] [Thread-4 (]: Writing injected SQL for node "test.hubspot_analytics.not_null_analytics_meetings_meeting_id.97a9d500f6"
[0m18:16:02.907343 [debug] [Thread-3 (]: SQL status: OK in 0.015 seconds
[0m18:16:02.907343 [debug] [Thread-3 (]: On test.hubspot_analytics.unique_analytics_calls_call_id.0d83723609: ROLLBACK
[0m18:16:02.907343 [debug] [Thread-3 (]: Failed to rollback 'test.hubspot_analytics.unique_analytics_calls_call_id.0d83723609'
[0m18:16:02.907343 [debug] [Thread-3 (]: On test.hubspot_analytics.unique_analytics_calls_call_id.0d83723609: Close
[0m18:16:02.907343 [info ] [Thread-3 (]: 26 of 43 PASS unique_analytics_calls_call_id ................................... [[32mPASS[0m in 0.08s]
[0m18:16:02.907343 [debug] [Thread-3 (]: Finished running node test.hubspot_analytics.unique_analytics_calls_call_id.0d83723609
[0m18:16:02.907343 [debug] [Thread-3 (]: Began running node test.hubspot_analytics.unique_analytics_meetings_meeting_id.ef69a9ac15
[0m18:16:02.919994 [info ] [Thread-3 (]: 28 of 43 START test unique_analytics_meetings_meeting_id ....................... [RUN]
[0m18:16:02.921064 [debug] [Thread-4 (]: Began executing node test.hubspot_analytics.not_null_analytics_meetings_meeting_id.97a9d500f6
[0m18:16:02.923135 [debug] [Thread-3 (]: Re-using an available connection from the pool (formerly test.hubspot_analytics.unique_analytics_calls_call_id.0d83723609, now test.hubspot_analytics.unique_analytics_meetings_meeting_id.ef69a9ac15)
[0m18:16:02.928144 [debug] [Thread-4 (]: Writing runtime sql for node "test.hubspot_analytics.not_null_analytics_meetings_meeting_id.97a9d500f6"
[0m18:16:02.931134 [debug] [Thread-3 (]: Began compiling node test.hubspot_analytics.unique_analytics_meetings_meeting_id.ef69a9ac15
[0m18:16:02.939794 [debug] [Thread-3 (]: Writing injected SQL for node "test.hubspot_analytics.unique_analytics_meetings_meeting_id.ef69a9ac15"
[0m18:16:02.958280 [debug] [Thread-4 (]: Using duckdb connection "test.hubspot_analytics.not_null_analytics_meetings_meeting_id.97a9d500f6"
[0m18:16:02.960279 [debug] [Thread-3 (]: Began executing node test.hubspot_analytics.unique_analytics_meetings_meeting_id.ef69a9ac15
[0m18:16:02.960279 [debug] [Thread-4 (]: On test.hubspot_analytics.not_null_analytics_meetings_meeting_id.97a9d500f6: BEGIN
[0m18:16:02.964274 [debug] [Thread-3 (]: Writing runtime sql for node "test.hubspot_analytics.unique_analytics_meetings_meeting_id.ef69a9ac15"
[0m18:16:02.965284 [debug] [Thread-4 (]: Opening a new connection, currently in state closed
[0m18:16:02.968568 [debug] [Thread-4 (]: SQL status: OK in 0.003 seconds
[0m18:16:02.970921 [debug] [Thread-4 (]: Using duckdb connection "test.hubspot_analytics.not_null_analytics_meetings_meeting_id.97a9d500f6"
[0m18:16:02.973253 [debug] [Thread-4 (]: On test.hubspot_analytics.not_null_analytics_meetings_meeting_id.97a9d500f6: /* {"app": "dbt", "dbt_version": "1.12.0", "profile_name": "hubspot_analytics", "target_name": "dev", "node_id": "test.hubspot_analytics.not_null_analytics_meetings_meeting_id.97a9d500f6"} */

    
    select
      count(*) as failures,
      count(*) != 0 as should_warn,
      count(*) != 0 as should_error
    from (
      
    
  
    
    



select meeting_id
from "analytics"."main_gold"."analytics_meetings"
where meeting_id is null



  
  
      
    ) dbt_internal_test
[0m18:16:02.975255 [debug] [Thread-3 (]: Using duckdb connection "test.hubspot_analytics.unique_analytics_meetings_meeting_id.ef69a9ac15"
[0m18:16:02.976496 [debug] [Thread-4 (]: SQL status: OK in 0.002 seconds
[0m18:16:02.977997 [debug] [Thread-3 (]: On test.hubspot_analytics.unique_analytics_meetings_meeting_id.ef69a9ac15: BEGIN
[0m18:16:02.981437 [debug] [Thread-4 (]: On test.hubspot_analytics.not_null_analytics_meetings_meeting_id.97a9d500f6: ROLLBACK
[0m18:16:02.983433 [debug] [Thread-3 (]: Opening a new connection, currently in state closed
[0m18:16:02.985438 [debug] [Thread-4 (]: Failed to rollback 'test.hubspot_analytics.not_null_analytics_meetings_meeting_id.97a9d500f6'
[0m18:16:02.986667 [debug] [Thread-3 (]: SQL status: OK in 0.004 seconds
[0m18:16:02.986667 [debug] [Thread-4 (]: On test.hubspot_analytics.not_null_analytics_meetings_meeting_id.97a9d500f6: Close
[0m18:16:02.986667 [debug] [Thread-3 (]: Using duckdb connection "test.hubspot_analytics.unique_analytics_meetings_meeting_id.ef69a9ac15"
[0m18:16:02.986667 [debug] [Thread-1 (]: SQL status: OK in 0.403 seconds
[0m18:16:02.986667 [info ] [Thread-4 (]: 27 of 43 PASS not_null_analytics_meetings_meeting_id ........................... [[32mPASS[0m in 0.10s]
[0m18:16:02.986667 [debug] [Thread-3 (]: On test.hubspot_analytics.unique_analytics_meetings_meeting_id.ef69a9ac15: /* {"app": "dbt", "dbt_version": "1.12.0", "profile_name": "hubspot_analytics", "target_name": "dev", "node_id": "test.hubspot_analytics.unique_analytics_meetings_meeting_id.ef69a9ac15"} */

    
    select
      count(*) as failures,
      count(*) != 0 as should_warn,
      count(*) != 0 as should_error
    from (
      
    
  
    
    

select
    meeting_id as unique_field,
    count(*) as n_records

from "analytics"."main_gold"."analytics_meetings"
where meeting_id is not null
group by meeting_id
having count(*) > 1



  
  
      
    ) dbt_internal_test
[0m18:16:02.986667 [debug] [Thread-1 (]: On snapshot.hubspot_analytics.snap_deals_stage: COMMIT
[0m18:16:02.986667 [debug] [Thread-4 (]: Finished running node test.hubspot_analytics.not_null_analytics_meetings_meeting_id.97a9d500f6
[0m18:16:02.986667 [debug] [Thread-1 (]: Using duckdb connection "snapshot.hubspot_analytics.snap_deals_stage"
[0m18:16:03.002227 [debug] [Thread-4 (]: Began running node test.hubspot_analytics.not_null_analytics_companies_company_id.785e1236e3
[0m18:16:03.003371 [debug] [Thread-3 (]: SQL status: OK in 0.004 seconds
[0m18:16:03.004938 [debug] [Thread-1 (]: On snapshot.hubspot_analytics.snap_deals_stage: COMMIT
[0m18:16:03.006795 [info ] [Thread-4 (]: 29 of 43 START test not_null_analytics_companies_company_id .................... [RUN]
[0m18:16:03.009602 [debug] [Thread-3 (]: On test.hubspot_analytics.unique_analytics_meetings_meeting_id.ef69a9ac15: ROLLBACK
[0m18:16:03.009602 [debug] [Thread-4 (]: Re-using an available connection from the pool (formerly test.hubspot_analytics.not_null_analytics_meetings_meeting_id.97a9d500f6, now test.hubspot_analytics.not_null_analytics_companies_company_id.785e1236e3)
[0m18:16:03.015725 [debug] [Thread-3 (]: Failed to rollback 'test.hubspot_analytics.unique_analytics_meetings_meeting_id.ef69a9ac15'
[0m18:16:03.015725 [debug] [Thread-4 (]: Began compiling node test.hubspot_analytics.not_null_analytics_companies_company_id.785e1236e3
[0m18:16:03.018863 [debug] [Thread-3 (]: On test.hubspot_analytics.unique_analytics_meetings_meeting_id.ef69a9ac15: Close
[0m18:16:03.029015 [debug] [Thread-4 (]: Writing injected SQL for node "test.hubspot_analytics.not_null_analytics_companies_company_id.785e1236e3"
[0m18:16:03.039495 [debug] [Thread-1 (]: SQL status: OK in 0.028 seconds
[0m18:16:03.038498 [info ] [Thread-3 (]: 28 of 43 PASS unique_analytics_meetings_meeting_id ............................. [[32mPASS[0m in 0.11s]
[0m18:16:03.043147 [debug] [Thread-1 (]: On snapshot.hubspot_analytics.snap_deals_stage: Close
[0m18:16:03.043147 [debug] [Thread-4 (]: Began executing node test.hubspot_analytics.not_null_analytics_companies_company_id.785e1236e3
[0m18:16:03.045964 [debug] [Thread-3 (]: Finished running node test.hubspot_analytics.unique_analytics_meetings_meeting_id.ef69a9ac15
[0m18:16:03.045964 [debug] [Thread-1 (]: Sending event: {'category': 'dbt', 'action': 'run_model', 'label': '9f9b278d-e069-4f8d-a4ee-5b46e5674af4', 'context': [<snowplow_tracker.self_describing_json.SelfDescribingJson object at 0x0000024D67B15AD0>]}
[0m18:16:03.045964 [debug] [Thread-4 (]: Writing runtime sql for node "test.hubspot_analytics.not_null_analytics_companies_company_id.785e1236e3"
[0m18:16:03.051174 [debug] [Thread-3 (]: Began running node test.hubspot_analytics.unique_analytics_companies_company_id.fba523d9ad
[0m18:16:03.054102 [info ] [Thread-1 (]: 21 of 43 OK snapshotted snapshots.snap_deals_stage ............................. [[32mOK[0m in 1.05s]
[0m18:16:03.057984 [info ] [Thread-3 (]: 30 of 43 START test unique_analytics_companies_company_id ...................... [RUN]
[0m18:16:03.059983 [debug] [Thread-1 (]: Finished running node snapshot.hubspot_analytics.snap_deals_stage
[0m18:16:03.060980 [debug] [Thread-3 (]: Re-using an available connection from the pool (formerly test.hubspot_analytics.unique_analytics_meetings_meeting_id.ef69a9ac15, now test.hubspot_analytics.unique_analytics_companies_company_id.fba523d9ad)
[0m18:16:03.061980 [debug] [Thread-1 (]: Began running node test.hubspot_analytics.not_null_analytics_deals_deal_id.a861617566
[0m18:16:03.063929 [debug] [Thread-4 (]: Using duckdb connection "test.hubspot_analytics.not_null_analytics_companies_company_id.785e1236e3"
[0m18:16:03.063929 [debug] [Thread-3 (]: Began compiling node test.hubspot_analytics.unique_analytics_companies_company_id.fba523d9ad
[0m18:16:03.063929 [info ] [Thread-1 (]: 31 of 43 START test not_null_analytics_deals_deal_id ........................... [RUN]
[0m18:16:03.063929 [debug] [Thread-4 (]: On test.hubspot_analytics.not_null_analytics_companies_company_id.785e1236e3: BEGIN
[0m18:16:03.087526 [debug] [Thread-3 (]: Writing injected SQL for node "test.hubspot_analytics.unique_analytics_companies_company_id.fba523d9ad"
[0m18:16:03.089524 [debug] [Thread-1 (]: Re-using an available connection from the pool (formerly snapshot.hubspot_analytics.snap_deals_stage, now test.hubspot_analytics.not_null_analytics_deals_deal_id.a861617566)
[0m18:16:03.091523 [debug] [Thread-4 (]: Opening a new connection, currently in state closed
[0m18:16:03.094991 [debug] [Thread-1 (]: Began compiling node test.hubspot_analytics.not_null_analytics_deals_deal_id.a861617566
[0m18:16:03.098474 [debug] [Thread-4 (]: SQL status: OK in 0.006 seconds
[0m18:16:03.111843 [debug] [Thread-1 (]: Writing injected SQL for node "test.hubspot_analytics.not_null_analytics_deals_deal_id.a861617566"
[0m18:16:03.111843 [debug] [Thread-3 (]: Began executing node test.hubspot_analytics.unique_analytics_companies_company_id.fba523d9ad
[0m18:16:03.111843 [debug] [Thread-4 (]: Using duckdb connection "test.hubspot_analytics.not_null_analytics_companies_company_id.785e1236e3"
[0m18:16:03.119766 [debug] [Thread-3 (]: Writing runtime sql for node "test.hubspot_analytics.unique_analytics_companies_company_id.fba523d9ad"
[0m18:16:03.122505 [debug] [Thread-4 (]: On test.hubspot_analytics.not_null_analytics_companies_company_id.785e1236e3: /* {"app": "dbt", "dbt_version": "1.12.0", "profile_name": "hubspot_analytics", "target_name": "dev", "node_id": "test.hubspot_analytics.not_null_analytics_companies_company_id.785e1236e3"} */

    
    select
      count(*) as failures,
      count(*) != 0 as should_warn,
      count(*) != 0 as should_error
    from (
      
    
  
    
    



select company_id
from "analytics"."main_gold"."analytics_companies"
where company_id is null



  
  
      
    ) dbt_internal_test
[0m18:16:03.126023 [debug] [Thread-4 (]: SQL status: OK in 0.001 seconds
[0m18:16:03.128020 [debug] [Thread-1 (]: Began executing node test.hubspot_analytics.not_null_analytics_deals_deal_id.a861617566
[0m18:16:03.131018 [debug] [Thread-4 (]: On test.hubspot_analytics.not_null_analytics_companies_company_id.785e1236e3: ROLLBACK
[0m18:16:03.132021 [debug] [Thread-3 (]: Using duckdb connection "test.hubspot_analytics.unique_analytics_companies_company_id.fba523d9ad"
[0m18:16:03.136110 [debug] [Thread-1 (]: Writing runtime sql for node "test.hubspot_analytics.not_null_analytics_deals_deal_id.a861617566"
[0m18:16:03.138107 [debug] [Thread-4 (]: Failed to rollback 'test.hubspot_analytics.not_null_analytics_companies_company_id.785e1236e3'
[0m18:16:03.140107 [debug] [Thread-3 (]: On test.hubspot_analytics.unique_analytics_companies_company_id.fba523d9ad: BEGIN
[0m18:16:03.143109 [debug] [Thread-4 (]: On test.hubspot_analytics.not_null_analytics_companies_company_id.785e1236e3: Close
[0m18:16:03.145106 [debug] [Thread-3 (]: Opening a new connection, currently in state closed
[0m18:16:03.147619 [info ] [Thread-4 (]: 29 of 43 PASS not_null_analytics_companies_company_id .......................... [[32mPASS[0m in 0.14s]
[0m18:16:03.149866 [debug] [Thread-1 (]: Using duckdb connection "test.hubspot_analytics.not_null_analytics_deals_deal_id.a861617566"
[0m18:16:03.150867 [debug] [Thread-3 (]: SQL status: OK in 0.007 seconds
[0m18:16:03.153477 [debug] [Thread-4 (]: Finished running node test.hubspot_analytics.not_null_analytics_companies_company_id.785e1236e3
[0m18:16:03.153477 [debug] [Thread-1 (]: On test.hubspot_analytics.not_null_analytics_deals_deal_id.a861617566: BEGIN
[0m18:16:03.156854 [debug] [Thread-3 (]: Using duckdb connection "test.hubspot_analytics.unique_analytics_companies_company_id.fba523d9ad"
[0m18:16:03.158868 [debug] [Thread-4 (]: Began running node test.hubspot_analytics.unique_analytics_deals_deal_id.6ff2924740
[0m18:16:03.160850 [debug] [Thread-1 (]: Opening a new connection, currently in state closed
[0m18:16:03.163479 [debug] [Thread-3 (]: On test.hubspot_analytics.unique_analytics_companies_company_id.fba523d9ad: /* {"app": "dbt", "dbt_version": "1.12.0", "profile_name": "hubspot_analytics", "target_name": "dev", "node_id": "test.hubspot_analytics.unique_analytics_companies_company_id.fba523d9ad"} */

    
    select
      count(*) as failures,
      count(*) != 0 as should_warn,
      count(*) != 0 as should_error
    from (
      
    
  
    
    

select
    company_id as unique_field,
    count(*) as n_records

from "analytics"."main_gold"."analytics_companies"
where company_id is not null
group by company_id
having count(*) > 1



  
  
      
    ) dbt_internal_test
[0m18:16:03.165958 [info ] [Thread-4 (]: 32 of 43 START test unique_analytics_deals_deal_id ............................. [RUN]
[0m18:16:03.167836 [debug] [Thread-1 (]: SQL status: OK in 0.007 seconds
[0m18:16:03.172549 [debug] [Thread-4 (]: Re-using an available connection from the pool (formerly test.hubspot_analytics.not_null_analytics_companies_company_id.785e1236e3, now test.hubspot_analytics.unique_analytics_deals_deal_id.6ff2924740)
[0m18:16:03.174054 [debug] [Thread-1 (]: Using duckdb connection "test.hubspot_analytics.not_null_analytics_deals_deal_id.a861617566"
[0m18:16:03.177204 [debug] [Thread-3 (]: SQL status: OK in 0.006 seconds
[0m18:16:03.177204 [debug] [Thread-4 (]: Began compiling node test.hubspot_analytics.unique_analytics_deals_deal_id.6ff2924740
[0m18:16:03.177204 [debug] [Thread-1 (]: On test.hubspot_analytics.not_null_analytics_deals_deal_id.a861617566: /* {"app": "dbt", "dbt_version": "1.12.0", "profile_name": "hubspot_analytics", "target_name": "dev", "node_id": "test.hubspot_analytics.not_null_analytics_deals_deal_id.a861617566"} */

    
    select
      count(*) as failures,
      count(*) != 0 as should_warn,
      count(*) != 0 as should_error
    from (
      
    
  
    
    



select deal_id
from "analytics"."main_gold"."analytics_deals"
where deal_id is null



  
  
      
    ) dbt_internal_test
[0m18:16:03.177204 [debug] [Thread-3 (]: On test.hubspot_analytics.unique_analytics_companies_company_id.fba523d9ad: ROLLBACK
[0m18:16:03.193932 [debug] [Thread-4 (]: Writing injected SQL for node "test.hubspot_analytics.unique_analytics_deals_deal_id.6ff2924740"
[0m18:16:03.202200 [debug] [Thread-1 (]: SQL status: OK in 0.002 seconds
[0m18:16:03.203723 [debug] [Thread-3 (]: Failed to rollback 'test.hubspot_analytics.unique_analytics_companies_company_id.fba523d9ad'
[0m18:16:03.207631 [debug] [Thread-1 (]: On test.hubspot_analytics.not_null_analytics_deals_deal_id.a861617566: ROLLBACK
[0m18:16:03.210340 [debug] [Thread-3 (]: On test.hubspot_analytics.unique_analytics_companies_company_id.fba523d9ad: Close
[0m18:16:03.210340 [debug] [Thread-1 (]: Failed to rollback 'test.hubspot_analytics.not_null_analytics_deals_deal_id.a861617566'
[0m18:16:03.210340 [debug] [Thread-4 (]: Began executing node test.hubspot_analytics.unique_analytics_deals_deal_id.6ff2924740
[0m18:16:03.210340 [info ] [Thread-3 (]: 30 of 43 PASS unique_analytics_companies_company_id ............................ [[32mPASS[0m in 0.15s]
[0m18:16:03.210340 [debug] [Thread-1 (]: On test.hubspot_analytics.not_null_analytics_deals_deal_id.a861617566: Close
[0m18:16:03.221519 [debug] [Thread-4 (]: Writing runtime sql for node "test.hubspot_analytics.unique_analytics_deals_deal_id.6ff2924740"
[0m18:16:03.224523 [debug] [Thread-3 (]: Finished running node test.hubspot_analytics.unique_analytics_companies_company_id.fba523d9ad
[0m18:16:03.226523 [info ] [Thread-1 (]: 31 of 43 PASS not_null_analytics_deals_deal_id ................................. [[32mPASS[0m in 0.14s]
[0m18:16:03.229108 [debug] [Thread-3 (]: Began running node model.hubspot_analytics.fct_activities
[0m18:16:03.231743 [debug] [Thread-1 (]: Finished running node test.hubspot_analytics.not_null_analytics_deals_deal_id.a861617566
[0m18:16:03.236252 [debug] [Thread-1 (]: Began running node model.hubspot_analytics.analytics_deal_stage_hist
[0m18:16:03.233838 [info ] [Thread-3 (]: 33 of 43 START sql table model main_gold.fct_activities ........................ [RUN]
[0m18:16:03.237270 [debug] [Thread-4 (]: Using duckdb connection "test.hubspot_analytics.unique_analytics_deals_deal_id.6ff2924740"
[0m18:16:03.239474 [info ] [Thread-1 (]: 34 of 43 START sql table model main_gold.analytics_deal_stage_hist ............. [RUN]
[0m18:16:03.242251 [debug] [Thread-3 (]: Re-using an available connection from the pool (formerly test.hubspot_analytics.unique_analytics_companies_company_id.fba523d9ad, now model.hubspot_analytics.fct_activities)
[0m18:16:03.245286 [debug] [Thread-4 (]: On test.hubspot_analytics.unique_analytics_deals_deal_id.6ff2924740: BEGIN
[0m18:16:03.247300 [debug] [Thread-1 (]: Re-using an available connection from the pool (formerly test.hubspot_analytics.not_null_analytics_deals_deal_id.a861617566, now model.hubspot_analytics.analytics_deal_stage_hist)
[0m18:16:03.249300 [debug] [Thread-3 (]: Began compiling node model.hubspot_analytics.fct_activities
[0m18:16:03.250302 [debug] [Thread-4 (]: Opening a new connection, currently in state closed
[0m18:16:03.252200 [debug] [Thread-1 (]: Began compiling node model.hubspot_analytics.analytics_deal_stage_hist
[0m18:16:03.256168 [debug] [Thread-3 (]: Writing injected SQL for node "model.hubspot_analytics.fct_activities"
[0m18:16:03.256168 [debug] [Thread-4 (]: SQL status: OK in 0.014 seconds
[0m18:16:03.267931 [debug] [Thread-1 (]: Writing injected SQL for node "model.hubspot_analytics.analytics_deal_stage_hist"
[0m18:16:03.271542 [debug] [Thread-4 (]: Using duckdb connection "test.hubspot_analytics.unique_analytics_deals_deal_id.6ff2924740"
[0m18:16:03.275228 [debug] [Thread-4 (]: On test.hubspot_analytics.unique_analytics_deals_deal_id.6ff2924740: /* {"app": "dbt", "dbt_version": "1.12.0", "profile_name": "hubspot_analytics", "target_name": "dev", "node_id": "test.hubspot_analytics.unique_analytics_deals_deal_id.6ff2924740"} */

    
    select
      count(*) as failures,
      count(*) != 0 as should_warn,
      count(*) != 0 as should_error
    from (
      
    
  
    
    

select
    deal_id as unique_field,
    count(*) as n_records

from "analytics"."main_gold"."analytics_deals"
where deal_id is not null
group by deal_id
having count(*) > 1



  
  
      
    ) dbt_internal_test
[0m18:16:03.280920 [debug] [Thread-3 (]: Began executing node model.hubspot_analytics.fct_activities
[0m18:16:03.280920 [debug] [Thread-4 (]: SQL status: OK in 0.005 seconds
[0m18:16:03.283130 [debug] [Thread-1 (]: Began executing node model.hubspot_analytics.analytics_deal_stage_hist
[0m18:16:03.291824 [debug] [Thread-3 (]: Writing runtime sql for node "model.hubspot_analytics.fct_activities"
[0m18:16:03.293915 [debug] [Thread-4 (]: On test.hubspot_analytics.unique_analytics_deals_deal_id.6ff2924740: ROLLBACK
[0m18:16:03.303309 [debug] [Thread-1 (]: Writing runtime sql for node "model.hubspot_analytics.analytics_deal_stage_hist"
[0m18:16:03.306090 [debug] [Thread-4 (]: Failed to rollback 'test.hubspot_analytics.unique_analytics_deals_deal_id.6ff2924740'
[0m18:16:03.309322 [debug] [Thread-4 (]: On test.hubspot_analytics.unique_analytics_deals_deal_id.6ff2924740: Close
[0m18:16:03.312284 [info ] [Thread-4 (]: 32 of 43 PASS unique_analytics_deals_deal_id ................................... [[32mPASS[0m in 0.14s]
[0m18:16:03.315105 [debug] [Thread-4 (]: Finished running node test.hubspot_analytics.unique_analytics_deals_deal_id.6ff2924740
[0m18:16:03.316125 [debug] [Thread-3 (]: Using duckdb connection "model.hubspot_analytics.fct_activities"
[0m18:16:03.317124 [debug] [Thread-1 (]: Using duckdb connection "model.hubspot_analytics.analytics_deal_stage_hist"
[0m18:16:03.320122 [debug] [Thread-3 (]: On model.hubspot_analytics.fct_activities: BEGIN
[0m18:16:03.322121 [debug] [Thread-1 (]: On model.hubspot_analytics.analytics_deal_stage_hist: BEGIN
[0m18:16:03.324459 [debug] [Thread-3 (]: Opening a new connection, currently in state closed
[0m18:16:03.326455 [debug] [Thread-1 (]: Opening a new connection, currently in state closed
[0m18:16:03.328839 [debug] [Thread-3 (]: SQL status: OK in 0.004 seconds
[0m18:16:03.331109 [debug] [Thread-1 (]: SQL status: OK in 0.005 seconds
[0m18:16:03.333250 [debug] [Thread-3 (]: Using duckdb connection "model.hubspot_analytics.fct_activities"
[0m18:16:03.335254 [debug] [Thread-1 (]: Using duckdb connection "model.hubspot_analytics.analytics_deal_stage_hist"
[0m18:16:03.337249 [debug] [Thread-3 (]: On model.hubspot_analytics.fct_activities: /* {"app": "dbt", "dbt_version": "1.12.0", "profile_name": "hubspot_analytics", "target_name": "dev", "node_id": "model.hubspot_analytics.fct_activities"} */

  
    
    

    create  table
      "analytics"."main_gold"."fct_activities__dbt_tmp"
  
    as (
      

-- Calls + meetings unificados e atribuídos a contato, negócio e empresa.
-- Grão: 1 linha por atividade (activity_id + engagement_type).
-- Uma atividade pode ter vários contatos/deals associados; escolhemos o
-- menor id para manter o grão — a relação completa vive nas assoc_*.

with atividades as (

    select
        call_id                     as activity_id,
        'CALL'                      as engagement_type,
        owner_id,
        title,
        occurred_at,
        disposition                 as outcome,
        duration_ms,
        cast(null as timestamp)     as starts_at,
        cast(null as timestamp)     as ends_at,
        _loaded_at
    from "analytics"."main_gold"."analytics_calls"

    union all

    select
        meeting_id,
        'MEETING',
        owner_id,
        title,
        occurred_at,
        outcome,
        cast(null as integer),
        starts_at,
        ends_at,
        _loaded_at
    from "analytics"."main_gold"."analytics_meetings"

),

contato as (
    select activity_id, engagement_type, min(contact_id) as contact_id
    from "analytics"."main_gold"."assoc_activity_contact"
    group by 1, 2
),

negocio as (
    select activity_id, engagement_type, min(deal_id) as deal_id
    from "analytics"."main_gold"."assoc_activity_deal"
    group by 1, 2
),

empresa as (
    select activity_id, engagement_type, min(company_id) as company_id
    from "analytics"."main_gold"."assoc_activity_company"
    group by 1, 2
),

-- empresa herdada do deal quando a atividade não tem associação direta
empresa_do_deal as (
    select deal_id, min(company_id) as company_id
    from "analytics"."main_gold"."assoc_deal_company"
    group by 1
)

select
    a.activity_id,
    a.engagement_type,
    c.contact_id,
    n.deal_id,
    coalesce(e.company_id, ed.company_id)       as company_id,
    (e.company_id is null and ed.company_id is not null) as empresa_herdada_do_deal,
    a.owner_id,
    a.title,
    a.occurred_at,
    cast(a.occurred_at as date)                 as occurred_data,
    a.outcome,
    a.duration_ms,
    round(a.duration_ms / 60000.0, 2)           as duracao_min,
    a.starts_at,
    a.ends_at,
    -- atividade de qualificação: contato sem negócio associado
    (n.deal_id is null and c.contact_id is not null) as sem_negocio,
    a._loaded_at
from atividades a
left join contato c
       on a.activity_id = c.activity_id and a.engagement_type = c.engagement_type
left join negocio n
       on a.activity_id = n.activity_id and a.engagement_type = n.engagement_type
left join empresa e
       on a.activity_id = e.activity_id and a.engagement_type = e.engagement_type
left join empresa_do_deal ed
       on n.deal_id = ed.deal_id
    );
  
  
[0m18:16:03.340299 [debug] [Thread-1 (]: On model.hubspot_analytics.analytics_deal_stage_hist: /* {"app": "dbt", "dbt_version": "1.12.0", "profile_name": "hubspot_analytics", "target_name": "dev", "node_id": "model.hubspot_analytics.analytics_deal_stage_hist"} */

  
    
    

    create  table
      "analytics"."main_gold"."analytics_deal_stage_hist__dbt_tmp"
  
    as (
      

-- Materializa o snapshot SCD2 no formato analítico:
-- 1 linha por período em que o deal ficou num estágio.
select
    deal_id,
    pipeline_id,
    stage_id,
    dbt_valid_from                                   as valid_from,
    dbt_valid_to                                     as valid_to,
    (dbt_valid_to is null)                           as is_current,
    round(
        date_diff('minute', dbt_valid_from,
                  coalesce(dbt_valid_to, now())) / 60.0, 2
    )                                                as duration_hours
from "analytics"."snapshots"."snap_deals_stage"
    );
  
  
[0m18:16:03.413985 [debug] [Thread-1 (]: SQL status: OK in 0.070 seconds
[0m18:16:03.423017 [debug] [Thread-1 (]: Using duckdb connection "model.hubspot_analytics.analytics_deal_stage_hist"
[0m18:16:03.425070 [debug] [Thread-1 (]: On model.hubspot_analytics.analytics_deal_stage_hist: /* {"app": "dbt", "dbt_version": "1.12.0", "profile_name": "hubspot_analytics", "target_name": "dev", "node_id": "model.hubspot_analytics.analytics_deal_stage_hist"} */
alter table "analytics"."main_gold"."analytics_deal_stage_hist__dbt_tmp" rename to "analytics_deal_stage_hist"
[0m18:16:03.428866 [debug] [Thread-1 (]: SQL status: OK in 0.003 seconds
[0m18:16:03.433371 [debug] [Thread-3 (]: DuckDB adapter: duckdb error: Conversion Error: Could not convert string 'COMPLETED' to INT128 when casting from source column outcome

LINE 41:         outcome,
                 ^
[0m18:16:03.436921 [debug] [Thread-1 (]: On model.hubspot_analytics.analytics_deal_stage_hist: COMMIT
[0m18:16:03.441282 [debug] [Thread-3 (]: DuckDB adapter: Error running SQL: /* {"app": "dbt", "dbt_version": "1.12.0", "profile_name": "hubspot_analytics", "target_name": "dev", "node_id": "model.hubspot_analytics.fct_activities"} */

  
    
    

    create  table
      "analytics"."main_gold"."fct_activities__dbt_tmp"
  
    as (
      

-- Calls + meetings unificados e atribuídos a contato, negócio e empresa.
-- Grão: 1 linha por atividade (activity_id + engagement_type).
-- Uma atividade pode ter vários contatos/deals associados; escolhemos o
-- menor id para manter o grão — a relação completa vive nas assoc_*.

with atividades as (

    select
        call_id                     as activity_id,
        'CALL'                      as engagement_type,
        owner_id,
        title,
        occurred_at,
        disposition                 as outcome,
        duration_ms,
        cast(null as timestamp)     as starts_at,
        cast(null as timestamp)     as ends_at,
        _loaded_at
    from "analytics"."main_gold"."analytics_calls"

    union all

    select
        meeting_id,
        'MEETING',
        owner_id,
        title,
        occurred_at,
        outcome,
        cast(null as integer),
        starts_at,
        ends_at,
        _loaded_at
    from "analytics"."main_gold"."analytics_meetings"

),

contato as (
    select activity_id, engagement_type, min(contact_id) as contact_id
    from "analytics"."main_gold"."assoc_activity_contact"
    group by 1, 2
),

negocio as (
    select activity_id, engagement_type, min(deal_id) as deal_id
    from "analytics"."main_gold"."assoc_activity_deal"
    group by 1, 2
),

empresa as (
    select activity_id, engagement_type, min(company_id) as company_id
    from "analytics"."main_gold"."assoc_activity_company"
    group by 1, 2
),

-- empresa herdada do deal quando a atividade não tem associação direta
empresa_do_deal as (
    select deal_id, min(company_id) as company_id
    from "analytics"."main_gold"."assoc_deal_company"
    group by 1
)

select
    a.activity_id,
    a.engagement_type,
    c.contact_id,
    n.deal_id,
    coalesce(e.company_id, ed.company_id)       as company_id,
    (e.company_id is null and ed.company_id is not null) as empresa_herdada_do_deal,
    a.owner_id,
    a.title,
    a.occurred_at,
    cast(a.occurred_at as date)                 as occurred_data,
    a.outcome,
    a.duration_ms,
    round(a.duration_ms / 60000.0, 2)           as duracao_min,
    a.starts_at,
    a.ends_at,
    -- atividade de qualificação: contato sem negócio associado
    (n.deal_id is null and c.contact_id is not null) as sem_negocio,
    a._loaded_at
from atividades a
left join contato c
       on a.activity_id = c.activity_id and a.engagement_type = c.engagement_type
left join negocio n
       on a.activity_id = n.activity_id and a.engagement_type = n.engagement_type
left join empresa e
       on a.activity_id = e.activity_id and a.engagement_type = e.engagement_type
left join empresa_do_deal ed
       on n.deal_id = ed.deal_id
    );
  
  
[0m18:16:03.443959 [debug] [Thread-1 (]: Using duckdb connection "model.hubspot_analytics.analytics_deal_stage_hist"
[0m18:16:03.443959 [debug] [Thread-3 (]: DuckDB adapter: Rolling back transaction.
[0m18:16:03.448605 [debug] [Thread-1 (]: On model.hubspot_analytics.analytics_deal_stage_hist: COMMIT
[0m18:16:03.451253 [debug] [Thread-3 (]: On model.hubspot_analytics.fct_activities: ROLLBACK
[0m18:16:03.461557 [debug] [Thread-3 (]: Failed to rollback 'model.hubspot_analytics.fct_activities'
[0m18:16:03.463573 [debug] [Thread-3 (]: On model.hubspot_analytics.fct_activities: Close
[0m18:16:03.475373 [debug] [Thread-1 (]: SQL status: OK in 0.020 seconds
[0m18:16:03.482098 [debug] [Thread-1 (]: Using duckdb connection "model.hubspot_analytics.analytics_deal_stage_hist"
[0m18:16:03.485635 [debug] [Thread-1 (]: On model.hubspot_analytics.analytics_deal_stage_hist: /* {"app": "dbt", "dbt_version": "1.12.0", "profile_name": "hubspot_analytics", "target_name": "dev", "node_id": "model.hubspot_analytics.analytics_deal_stage_hist"} */

      drop table if exists "analytics"."main_gold"."analytics_deal_stage_hist__dbt_backup" cascade
    
[0m18:16:03.489675 [debug] [Thread-1 (]: SQL status: OK in 0.001 seconds
[0m18:16:03.495739 [debug] [Thread-1 (]: On model.hubspot_analytics.analytics_deal_stage_hist: Close
[0m18:16:03.498414 [debug] [Thread-1 (]: Sending event: {'category': 'dbt', 'action': 'run_model', 'label': '9f9b278d-e069-4f8d-a4ee-5b46e5674af4', 'context': [<snowplow_tracker.self_describing_json.SelfDescribingJson object at 0x0000024D695014D0>]}
[0m18:16:03.517791 [debug] [Thread-3 (]: Runtime Error in model fct_activities (models\gold\fct_activities.sql)
  Conversion Error: Could not convert string 'COMPLETED' to INT128 when casting from source column outcome
  
  LINE 41:         outcome,
                   ^
[0m18:16:03.522981 [debug] [Thread-3 (]: Sending event: {'category': 'dbt', 'action': 'run_model', 'label': '9f9b278d-e069-4f8d-a4ee-5b46e5674af4', 'context': [<snowplow_tracker.self_describing_json.SelfDescribingJson object at 0x0000024D67AE6350>]}
[0m18:16:03.767071 [debug] [Thread-2 (]: SQL status: OK in 1.360 seconds
[0m18:16:03.771037 [debug] [Thread-2 (]: On model.hubspot_analytics.analytics_contacts: COMMIT
[0m18:16:03.773563 [debug] [Thread-2 (]: Using duckdb connection "model.hubspot_analytics.analytics_contacts"
[0m18:16:03.773563 [debug] [Thread-2 (]: On model.hubspot_analytics.analytics_contacts: COMMIT
[0m18:16:04.029253 [debug] [Thread-2 (]: SQL status: OK in 0.257 seconds
[0m18:16:04.036355 [debug] [Thread-2 (]: On model.hubspot_analytics.analytics_contacts: Close
[0m18:16:04.038477 [debug] [Thread-2 (]: Sending event: {'category': 'dbt', 'action': 'run_model', 'label': '9f9b278d-e069-4f8d-a4ee-5b46e5674af4', 'context': [<snowplow_tracker.self_describing_json.SelfDescribingJson object at 0x0000024D697B5E50>]}
[0m18:16:05.287739 [debug] [Thread-1 (]: An error was encountered while trying to send an event
[0m18:16:05.287739 [error] [Thread-3 (]: 33 of 43 ERROR creating sql table model main_gold.fct_activities ............... [[31mERROR[0m in 0.28s]
[0m18:16:05.287739 [info ] [Thread-2 (]: 24 of 43 OK created sql incremental model main_gold.analytics_contacts ......... [[32mOK[0m in 1.68s]
[0m18:16:05.287739 [info ] [Thread-1 (]: 34 of 43 OK created sql table model main_gold.analytics_deal_stage_hist ........ [[32mOK[0m in 0.25s]
[0m18:16:05.287739 [debug] [Thread-3 (]: Finished running node model.hubspot_analytics.fct_activities
[0m18:16:05.287739 [debug] [Thread-2 (]: Finished running node model.hubspot_analytics.analytics_contacts
[0m18:16:05.287739 [debug] [Thread-1 (]: Finished running node model.hubspot_analytics.analytics_deal_stage_hist
[0m18:16:05.287739 [debug] [Thread-7 (]: Marking all children of 'model.hubspot_analytics.fct_activities' to be skipped because of status 'error'.  Reason: Runtime Error in model fct_activities (models\gold\fct_activities.sql)
  Conversion Error: Could not convert string 'COMPLETED' to INT128 when casting from source column outcome
  
  LINE 41:         outcome,
                   ^.
[0m18:16:05.287739 [debug] [Thread-4 (]: Began running node test.hubspot_analytics.not_null_analytics_contacts_contact_id.f2dce458df
[0m18:16:05.301088 [debug] [Thread-3 (]: Began running node test.hubspot_analytics.unique_analytics_contacts_contact_id.938fe705fa
[0m18:16:05.302102 [debug] [Thread-2 (]: Began running node test.hubspot_analytics.not_null_analytics_deal_stage_hist_deal_id.44cddf0661
[0m18:16:05.303130 [debug] [Thread-1 (]: Began running node test.hubspot_analytics.accepted_values_fct_activities_engagement_type__CALL__MEETING.b33a8b5eee
[0m18:16:05.304183 [info ] [Thread-4 (]: 35 of 43 START test not_null_analytics_contacts_contact_id ..................... [RUN]
[0m18:16:05.305403 [info ] [Thread-3 (]: 36 of 43 START test unique_analytics_contacts_contact_id ....................... [RUN]
[0m18:16:05.307344 [info ] [Thread-2 (]: 37 of 43 START test not_null_analytics_deal_stage_hist_deal_id ................. [RUN]
[0m18:16:05.309396 [info ] [Thread-1 (]: 38 of 43 SKIP test accepted_values_fct_activities_engagement_type__CALL__MEETING  [[33mSKIP[0m]
[0m18:16:05.310657 [debug] [Thread-4 (]: Re-using an available connection from the pool (formerly test.hubspot_analytics.unique_analytics_deals_deal_id.6ff2924740, now test.hubspot_analytics.not_null_analytics_contacts_contact_id.f2dce458df)
[0m18:16:05.314288 [debug] [Thread-3 (]: Re-using an available connection from the pool (formerly model.hubspot_analytics.fct_activities, now test.hubspot_analytics.unique_analytics_contacts_contact_id.938fe705fa)
[0m18:16:05.314822 [debug] [Thread-2 (]: Re-using an available connection from the pool (formerly model.hubspot_analytics.analytics_contacts, now test.hubspot_analytics.not_null_analytics_deal_stage_hist_deal_id.44cddf0661)
[0m18:16:05.318555 [debug] [Thread-1 (]: Finished running node test.hubspot_analytics.accepted_values_fct_activities_engagement_type__CALL__MEETING.b33a8b5eee
[0m18:16:05.320554 [debug] [Thread-4 (]: Began compiling node test.hubspot_analytics.not_null_analytics_contacts_contact_id.f2dce458df
[0m18:16:05.322583 [debug] [Thread-3 (]: Began compiling node test.hubspot_analytics.unique_analytics_contacts_contact_id.938fe705fa
[0m18:16:05.324598 [debug] [Thread-2 (]: Began compiling node test.hubspot_analytics.not_null_analytics_deal_stage_hist_deal_id.44cddf0661
[0m18:16:05.325597 [debug] [Thread-1 (]: Began running node test.hubspot_analytics.not_null_fct_activities_activity_id.6a27bce2a5
[0m18:16:05.327520 [debug] [Thread-7 (]: Marking all children of 'test.hubspot_analytics.accepted_values_fct_activities_engagement_type__CALL__MEETING.b33a8b5eee' to be skipped because of status 'skipped'. 
[0m18:16:05.339930 [debug] [Thread-4 (]: Writing injected SQL for node "test.hubspot_analytics.not_null_analytics_contacts_contact_id.f2dce458df"
[0m18:16:05.339930 [debug] [Thread-3 (]: Writing injected SQL for node "test.hubspot_analytics.unique_analytics_contacts_contact_id.938fe705fa"
[0m18:16:05.358537 [debug] [Thread-2 (]: Writing injected SQL for node "test.hubspot_analytics.not_null_analytics_deal_stage_hist_deal_id.44cddf0661"
[0m18:16:05.359578 [info ] [Thread-1 (]: 39 of 43 SKIP test not_null_fct_activities_activity_id ......................... [[33mSKIP[0m]
[0m18:16:05.364116 [debug] [Thread-1 (]: Finished running node test.hubspot_analytics.not_null_fct_activities_activity_id.6a27bce2a5
[0m18:16:05.365113 [debug] [Thread-7 (]: Marking all children of 'test.hubspot_analytics.not_null_fct_activities_activity_id.6a27bce2a5' to be skipped because of status 'skipped'. 
[0m18:16:05.367116 [debug] [Thread-4 (]: Began executing node test.hubspot_analytics.not_null_analytics_contacts_contact_id.f2dce458df
[0m18:16:05.369768 [debug] [Thread-4 (]: Writing runtime sql for node "test.hubspot_analytics.not_null_analytics_contacts_contact_id.f2dce458df"
[0m18:16:05.371082 [debug] [Thread-2 (]: Began executing node test.hubspot_analytics.not_null_analytics_deal_stage_hist_deal_id.44cddf0661
[0m18:16:05.372445 [debug] [Thread-3 (]: Began executing node test.hubspot_analytics.unique_analytics_contacts_contact_id.938fe705fa
[0m18:16:05.376667 [debug] [Thread-2 (]: Writing runtime sql for node "test.hubspot_analytics.not_null_analytics_deal_stage_hist_deal_id.44cddf0661"
[0m18:16:05.376667 [debug] [Thread-3 (]: Writing runtime sql for node "test.hubspot_analytics.unique_analytics_contacts_contact_id.938fe705fa"
[0m18:16:05.376667 [debug] [Thread-2 (]: Using duckdb connection "test.hubspot_analytics.not_null_analytics_deal_stage_hist_deal_id.44cddf0661"
[0m18:16:05.384318 [debug] [Thread-4 (]: Using duckdb connection "test.hubspot_analytics.not_null_analytics_contacts_contact_id.f2dce458df"
[0m18:16:05.386337 [debug] [Thread-2 (]: On test.hubspot_analytics.not_null_analytics_deal_stage_hist_deal_id.44cddf0661: BEGIN
[0m18:16:05.387335 [debug] [Thread-3 (]: Using duckdb connection "test.hubspot_analytics.unique_analytics_contacts_contact_id.938fe705fa"
[0m18:16:05.388567 [debug] [Thread-4 (]: On test.hubspot_analytics.not_null_analytics_contacts_contact_id.f2dce458df: BEGIN
[0m18:16:05.391012 [debug] [Thread-2 (]: Opening a new connection, currently in state closed
[0m18:16:05.391012 [debug] [Thread-3 (]: On test.hubspot_analytics.unique_analytics_contacts_contact_id.938fe705fa: BEGIN
[0m18:16:05.392901 [debug] [Thread-4 (]: Opening a new connection, currently in state closed
[0m18:16:05.392901 [debug] [Thread-2 (]: SQL status: OK in 0.003 seconds
[0m18:16:05.394920 [debug] [Thread-3 (]: Opening a new connection, currently in state closed
[0m18:16:05.394920 [debug] [Thread-4 (]: SQL status: OK in 0.003 seconds
[0m18:16:05.396920 [debug] [Thread-2 (]: Using duckdb connection "test.hubspot_analytics.not_null_analytics_deal_stage_hist_deal_id.44cddf0661"
[0m18:16:05.396920 [debug] [Thread-3 (]: SQL status: OK in 0.003 seconds
[0m18:16:05.398933 [debug] [Thread-4 (]: Using duckdb connection "test.hubspot_analytics.not_null_analytics_contacts_contact_id.f2dce458df"
[0m18:16:05.398933 [debug] [Thread-2 (]: On test.hubspot_analytics.not_null_analytics_deal_stage_hist_deal_id.44cddf0661: /* {"app": "dbt", "dbt_version": "1.12.0", "profile_name": "hubspot_analytics", "target_name": "dev", "node_id": "test.hubspot_analytics.not_null_analytics_deal_stage_hist_deal_id.44cddf0661"} */

    
    select
      count(*) as failures,
      count(*) != 0 as should_warn,
      count(*) != 0 as should_error
    from (
      
    
  
    
    



select deal_id
from "analytics"."main_gold"."analytics_deal_stage_hist"
where deal_id is null



  
  
      
    ) dbt_internal_test
[0m18:16:05.398933 [debug] [Thread-3 (]: Using duckdb connection "test.hubspot_analytics.unique_analytics_contacts_contact_id.938fe705fa"
[0m18:16:05.402004 [debug] [Thread-4 (]: On test.hubspot_analytics.not_null_analytics_contacts_contact_id.f2dce458df: /* {"app": "dbt", "dbt_version": "1.12.0", "profile_name": "hubspot_analytics", "target_name": "dev", "node_id": "test.hubspot_analytics.not_null_analytics_contacts_contact_id.f2dce458df"} */

    
    select
      count(*) as failures,
      count(*) != 0 as should_warn,
      count(*) != 0 as should_error
    from (
      
    
  
    
    



select contact_id
from "analytics"."main_gold"."analytics_contacts"
where contact_id is null



  
  
      
    ) dbt_internal_test
[0m18:16:05.404004 [debug] [Thread-3 (]: On test.hubspot_analytics.unique_analytics_contacts_contact_id.938fe705fa: /* {"app": "dbt", "dbt_version": "1.12.0", "profile_name": "hubspot_analytics", "target_name": "dev", "node_id": "test.hubspot_analytics.unique_analytics_contacts_contact_id.938fe705fa"} */

    
    select
      count(*) as failures,
      count(*) != 0 as should_warn,
      count(*) != 0 as should_error
    from (
      
    
  
    
    

select
    contact_id as unique_field,
    count(*) as n_records

from "analytics"."main_gold"."analytics_contacts"
where contact_id is not null
group by contact_id
having count(*) > 1



  
  
      
    ) dbt_internal_test
[0m18:16:05.405188 [debug] [Thread-2 (]: SQL status: OK in 0.002 seconds
[0m18:16:05.407564 [debug] [Thread-4 (]: SQL status: OK in 0.001 seconds
[0m18:16:05.410565 [debug] [Thread-2 (]: On test.hubspot_analytics.not_null_analytics_deal_stage_hist_deal_id.44cddf0661: ROLLBACK
[0m18:16:05.413565 [debug] [Thread-4 (]: On test.hubspot_analytics.not_null_analytics_contacts_contact_id.f2dce458df: ROLLBACK
[0m18:16:05.414563 [debug] [Thread-3 (]: SQL status: OK in 0.006 seconds
[0m18:16:05.415574 [debug] [Thread-2 (]: Failed to rollback 'test.hubspot_analytics.not_null_analytics_deal_stage_hist_deal_id.44cddf0661'
[0m18:16:05.415574 [debug] [Thread-4 (]: Failed to rollback 'test.hubspot_analytics.not_null_analytics_contacts_contact_id.f2dce458df'
[0m18:16:05.418066 [debug] [Thread-3 (]: On test.hubspot_analytics.unique_analytics_contacts_contact_id.938fe705fa: ROLLBACK
[0m18:16:05.419071 [debug] [Thread-2 (]: On test.hubspot_analytics.not_null_analytics_deal_stage_hist_deal_id.44cddf0661: Close
[0m18:16:05.421301 [debug] [Thread-4 (]: On test.hubspot_analytics.not_null_analytics_contacts_contact_id.f2dce458df: Close
[0m18:16:05.421301 [debug] [Thread-3 (]: Failed to rollback 'test.hubspot_analytics.unique_analytics_contacts_contact_id.938fe705fa'
[0m18:16:05.422782 [info ] [Thread-2 (]: 37 of 43 PASS not_null_analytics_deal_stage_hist_deal_id ....................... [[32mPASS[0m in 0.11s]
[0m18:16:05.424853 [info ] [Thread-4 (]: 35 of 43 PASS not_null_analytics_contacts_contact_id ........................... [[32mPASS[0m in 0.11s]
[0m18:16:05.425863 [debug] [Thread-3 (]: On test.hubspot_analytics.unique_analytics_contacts_contact_id.938fe705fa: Close
[0m18:16:05.425863 [debug] [Thread-2 (]: Finished running node test.hubspot_analytics.not_null_analytics_deal_stage_hist_deal_id.44cddf0661
[0m18:16:05.427250 [debug] [Thread-4 (]: Finished running node test.hubspot_analytics.not_null_analytics_contacts_contact_id.f2dce458df
[0m18:16:05.429284 [info ] [Thread-3 (]: 36 of 43 PASS unique_analytics_contacts_contact_id ............................. [[32mPASS[0m in 0.11s]
[0m18:16:05.431613 [debug] [Thread-3 (]: Finished running node test.hubspot_analytics.unique_analytics_contacts_contact_id.938fe705fa
[0m18:16:05.433616 [debug] [Thread-1 (]: Began running node model.hubspot_analytics.mart_entradas
[0m18:16:05.435928 [info ] [Thread-1 (]: 40 of 43 START sql table model main_gold.mart_entradas ......................... [RUN]
[0m18:16:05.437144 [debug] [Thread-1 (]: Re-using an available connection from the pool (formerly model.hubspot_analytics.analytics_deal_stage_hist, now model.hubspot_analytics.mart_entradas)
[0m18:16:05.438442 [debug] [Thread-1 (]: Began compiling node model.hubspot_analytics.mart_entradas
[0m18:16:05.443000 [debug] [Thread-1 (]: Writing injected SQL for node "model.hubspot_analytics.mart_entradas"
[0m18:16:05.448081 [debug] [Thread-1 (]: Began executing node model.hubspot_analytics.mart_entradas
[0m18:16:05.454002 [debug] [Thread-1 (]: Writing runtime sql for node "model.hubspot_analytics.mart_entradas"
[0m18:16:05.459540 [debug] [Thread-1 (]: Using duckdb connection "model.hubspot_analytics.mart_entradas"
[0m18:16:05.460801 [debug] [Thread-1 (]: On model.hubspot_analytics.mart_entradas: BEGIN
[0m18:16:05.460801 [debug] [Thread-1 (]: Opening a new connection, currently in state closed
[0m18:16:05.462207 [debug] [Thread-1 (]: SQL status: OK in 0.002 seconds
[0m18:16:05.464309 [debug] [Thread-1 (]: Using duckdb connection "model.hubspot_analytics.mart_entradas"
[0m18:16:05.466327 [debug] [Thread-1 (]: On model.hubspot_analytics.mart_entradas: /* {"app": "dbt", "dbt_version": "1.12.0", "profile_name": "hubspot_analytics", "target_name": "dev", "node_id": "model.hubspot_analytics.mart_entradas"} */

  
    
    

    create  table
      "analytics"."main_gold"."mart_entradas__dbt_tmp"
  
    as (
      

-- Mapa de entradas: quem entrou no CRM, quando e por qual origem.
-- Projeção do hub (analytics_contacts) no formato que o BI consome:
-- 1 linha por contato, com granularidade de data pronta para coorte.

with contatos as (

    select * from "analytics"."main_gold"."analytics_contacts"

),

importacoes as (

    -- Importação em lote cria muitos contatos no mesmo minuto, o que
    -- gera um pico artificial na coorte. Detectamos pelo volume por
    -- minuto de criação para o BI poder filtrar.
    select date_trunc('minute', created_at) as minuto_criacao
    from contatos
    group by 1
    having count(*) >= 20

)

select
    c.contact_id,
    c.email,
    coalesce(c.first_name, '') || ' ' || coalesce(c.last_name, '') as nome,
    c.owner_id,
    c.lifecycle_stage,

    -- quando entrou
    c.created_at                                as entrada_em,
    cast(c.created_at as date)                  as entrada_data,
    strftime(c.created_at, '%Y-%m')             as mes_entrada,
    strftime(c.created_at, '%Y-W%W')            as semana_entrada,

    -- de onde veio (first-touch)
    coalesce(c.original_source, c.origem_analytics, 'DESCONHECIDA') as origem,
    c.origem_detalhe_1                          as origem_detalhe,
    c.origem_detalhe_2                          as origem_detalhe_2,
    c.primeira_url                              as primeira_url,

    -- last-touch (o que trouxe de volta)
    c.latest_source                             as origem_recente,
    c.latest_source_at                          as origem_recente_em,

    -- campanha (utm_* dependem de propriedade custom no portal)
    c.utm_source,
    c.utm_medium,
    c.utm_campaign,
    c.utm_content,
    c.utm_term,
    coalesce(
        c.utm_campaign,
        c.origem_detalhe_1
    )                                           as campanha,

    -- rastreio de mídia paga
    (c.gclid is not null and c.gclid <> '')     as veio_google_ads,
    (c.fbclid is not null and c.fbclid <> '')   as veio_meta_ads,

    -- como o registro nasceu (formulário, importação, integração...)
    c.criacao_origem_label                      as criacao_origem,

    -- ruído de coorte: importações em lote
    (i.minuto_criacao is not null
     or upper(coalesce(c.original_source, '')) = 'OFFLINE')
                                                as is_importacao,

    c._loaded_at

from contatos c
left join importacoes i
       on date_trunc('minute', c.created_at) = i.minuto_criacao
    );
  
  
[0m18:16:05.589124 [debug] [Thread-1 (]: SQL status: OK in 0.123 seconds
[0m18:16:05.589124 [debug] [Thread-1 (]: Using duckdb connection "model.hubspot_analytics.mart_entradas"
[0m18:16:05.589124 [debug] [Thread-1 (]: On model.hubspot_analytics.mart_entradas: /* {"app": "dbt", "dbt_version": "1.12.0", "profile_name": "hubspot_analytics", "target_name": "dev", "node_id": "model.hubspot_analytics.mart_entradas"} */
alter table "analytics"."main_gold"."mart_entradas__dbt_tmp" rename to "mart_entradas"
[0m18:16:05.596595 [debug] [Thread-1 (]: SQL status: OK in 0.001 seconds
[0m18:16:05.599904 [debug] [Thread-1 (]: On model.hubspot_analytics.mart_entradas: COMMIT
[0m18:16:05.602040 [debug] [Thread-1 (]: Using duckdb connection "model.hubspot_analytics.mart_entradas"
[0m18:16:05.603002 [debug] [Thread-1 (]: On model.hubspot_analytics.mart_entradas: COMMIT
[0m18:16:06.459927 [debug] [Thread-1 (]: SQL status: OK in 0.857 seconds
[0m18:16:06.459927 [debug] [Thread-1 (]: Using duckdb connection "model.hubspot_analytics.mart_entradas"
[0m18:16:06.466116 [debug] [Thread-1 (]: On model.hubspot_analytics.mart_entradas: /* {"app": "dbt", "dbt_version": "1.12.0", "profile_name": "hubspot_analytics", "target_name": "dev", "node_id": "model.hubspot_analytics.mart_entradas"} */

      drop table if exists "analytics"."main_gold"."mart_entradas__dbt_backup" cascade
    
[0m18:16:06.468609 [debug] [Thread-1 (]: SQL status: OK in 0.001 seconds
[0m18:16:06.469366 [debug] [Thread-1 (]: On model.hubspot_analytics.mart_entradas: Close
[0m18:16:06.469366 [debug] [Thread-1 (]: Sending event: {'category': 'dbt', 'action': 'run_model', 'label': '9f9b278d-e069-4f8d-a4ee-5b46e5674af4', 'context': [<snowplow_tracker.self_describing_json.SelfDescribingJson object at 0x0000024D632BE710>]}
[0m18:16:06.469366 [info ] [Thread-1 (]: 40 of 43 OK created sql table model main_gold.mart_entradas .................... [[32mOK[0m in 1.03s]
[0m18:16:06.475277 [debug] [Thread-1 (]: Finished running node model.hubspot_analytics.mart_entradas
[0m18:16:06.476857 [debug] [Thread-4 (]: Began running node test.hubspot_analytics.not_null_mart_entradas_contact_id.4578c293aa
[0m18:16:06.476857 [debug] [Thread-3 (]: Began running node test.hubspot_analytics.not_null_mart_entradas_mes_entrada.fd115ad520
[0m18:16:06.476857 [debug] [Thread-2 (]: Began running node test.hubspot_analytics.unique_mart_entradas_contact_id.d1b86c342a
[0m18:16:06.476857 [info ] [Thread-4 (]: 41 of 43 START test not_null_mart_entradas_contact_id .......................... [RUN]
[0m18:16:06.476857 [info ] [Thread-3 (]: 42 of 43 START test not_null_mart_entradas_mes_entrada ......................... [RUN]
[0m18:16:06.483350 [info ] [Thread-2 (]: 43 of 43 START test unique_mart_entradas_contact_id ............................ [RUN]
[0m18:16:06.485829 [debug] [Thread-4 (]: Re-using an available connection from the pool (formerly test.hubspot_analytics.not_null_analytics_contacts_contact_id.f2dce458df, now test.hubspot_analytics.not_null_mart_entradas_contact_id.4578c293aa)
[0m18:16:06.487002 [debug] [Thread-3 (]: Re-using an available connection from the pool (formerly test.hubspot_analytics.unique_analytics_contacts_contact_id.938fe705fa, now test.hubspot_analytics.not_null_mart_entradas_mes_entrada.fd115ad520)
[0m18:16:06.489114 [debug] [Thread-2 (]: Re-using an available connection from the pool (formerly test.hubspot_analytics.not_null_analytics_deal_stage_hist_deal_id.44cddf0661, now test.hubspot_analytics.unique_mart_entradas_contact_id.d1b86c342a)
[0m18:16:06.491366 [debug] [Thread-4 (]: Began compiling node test.hubspot_analytics.not_null_mart_entradas_contact_id.4578c293aa
[0m18:16:06.492914 [debug] [Thread-3 (]: Began compiling node test.hubspot_analytics.not_null_mart_entradas_mes_entrada.fd115ad520
[0m18:16:06.493912 [debug] [Thread-2 (]: Began compiling node test.hubspot_analytics.unique_mart_entradas_contact_id.d1b86c342a
[0m18:16:06.507882 [debug] [Thread-4 (]: Writing injected SQL for node "test.hubspot_analytics.not_null_mart_entradas_contact_id.4578c293aa"
[0m18:16:06.517615 [debug] [Thread-3 (]: Writing injected SQL for node "test.hubspot_analytics.not_null_mart_entradas_mes_entrada.fd115ad520"
[0m18:16:06.525850 [debug] [Thread-2 (]: Writing injected SQL for node "test.hubspot_analytics.unique_mart_entradas_contact_id.d1b86c342a"
[0m18:16:06.540611 [debug] [Thread-4 (]: Began executing node test.hubspot_analytics.not_null_mart_entradas_contact_id.4578c293aa
[0m18:16:06.541519 [debug] [Thread-3 (]: Began executing node test.hubspot_analytics.not_null_mart_entradas_mes_entrada.fd115ad520
[0m18:16:06.544581 [debug] [Thread-4 (]: Writing runtime sql for node "test.hubspot_analytics.not_null_mart_entradas_contact_id.4578c293aa"
[0m18:16:06.544581 [debug] [Thread-2 (]: Began executing node test.hubspot_analytics.unique_mart_entradas_contact_id.d1b86c342a
[0m18:16:06.548240 [debug] [Thread-3 (]: Writing runtime sql for node "test.hubspot_analytics.not_null_mart_entradas_mes_entrada.fd115ad520"
[0m18:16:06.553998 [debug] [Thread-2 (]: Writing runtime sql for node "test.hubspot_analytics.unique_mart_entradas_contact_id.d1b86c342a"
[0m18:16:06.556041 [debug] [Thread-4 (]: Using duckdb connection "test.hubspot_analytics.not_null_mart_entradas_contact_id.4578c293aa"
[0m18:16:06.558272 [debug] [Thread-4 (]: On test.hubspot_analytics.not_null_mart_entradas_contact_id.4578c293aa: BEGIN
[0m18:16:06.559273 [debug] [Thread-3 (]: Using duckdb connection "test.hubspot_analytics.not_null_mart_entradas_mes_entrada.fd115ad520"
[0m18:16:06.560576 [debug] [Thread-4 (]: Opening a new connection, currently in state closed
[0m18:16:06.561593 [debug] [Thread-2 (]: Using duckdb connection "test.hubspot_analytics.unique_mart_entradas_contact_id.d1b86c342a"
[0m18:16:06.562613 [debug] [Thread-3 (]: On test.hubspot_analytics.not_null_mart_entradas_mes_entrada.fd115ad520: BEGIN
[0m18:16:06.564819 [debug] [Thread-4 (]: SQL status: OK in 0.004 seconds
[0m18:16:06.566060 [debug] [Thread-2 (]: On test.hubspot_analytics.unique_mart_entradas_contact_id.d1b86c342a: BEGIN
[0m18:16:06.568111 [debug] [Thread-3 (]: Opening a new connection, currently in state closed
[0m18:16:06.569129 [debug] [Thread-4 (]: Using duckdb connection "test.hubspot_analytics.not_null_mart_entradas_contact_id.4578c293aa"
[0m18:16:06.570130 [debug] [Thread-2 (]: Opening a new connection, currently in state closed
[0m18:16:06.572131 [debug] [Thread-3 (]: SQL status: OK in 0.005 seconds
[0m18:16:06.573156 [debug] [Thread-4 (]: On test.hubspot_analytics.not_null_mart_entradas_contact_id.4578c293aa: /* {"app": "dbt", "dbt_version": "1.12.0", "profile_name": "hubspot_analytics", "target_name": "dev", "node_id": "test.hubspot_analytics.not_null_mart_entradas_contact_id.4578c293aa"} */

    
    select
      count(*) as failures,
      count(*) != 0 as should_warn,
      count(*) != 0 as should_error
    from (
      
    
  
    
    



select contact_id
from "analytics"."main_gold"."mart_entradas"
where contact_id is null



  
  
      
    ) dbt_internal_test
[0m18:16:06.575130 [debug] [Thread-2 (]: SQL status: OK in 0.005 seconds
[0m18:16:06.576136 [debug] [Thread-3 (]: Using duckdb connection "test.hubspot_analytics.not_null_mart_entradas_mes_entrada.fd115ad520"
[0m18:16:06.578705 [debug] [Thread-2 (]: Using duckdb connection "test.hubspot_analytics.unique_mart_entradas_contact_id.d1b86c342a"
[0m18:16:06.579719 [debug] [Thread-4 (]: SQL status: OK in 0.001 seconds
[0m18:16:06.579719 [debug] [Thread-3 (]: On test.hubspot_analytics.not_null_mart_entradas_mes_entrada.fd115ad520: /* {"app": "dbt", "dbt_version": "1.12.0", "profile_name": "hubspot_analytics", "target_name": "dev", "node_id": "test.hubspot_analytics.not_null_mart_entradas_mes_entrada.fd115ad520"} */

    
    select
      count(*) as failures,
      count(*) != 0 as should_warn,
      count(*) != 0 as should_error
    from (
      
    
  
    
    



select mes_entrada
from "analytics"."main_gold"."mart_entradas"
where mes_entrada is null



  
  
      
    ) dbt_internal_test
[0m18:16:06.581720 [debug] [Thread-2 (]: On test.hubspot_analytics.unique_mart_entradas_contact_id.d1b86c342a: /* {"app": "dbt", "dbt_version": "1.12.0", "profile_name": "hubspot_analytics", "target_name": "dev", "node_id": "test.hubspot_analytics.unique_mart_entradas_contact_id.d1b86c342a"} */

    
    select
      count(*) as failures,
      count(*) != 0 as should_warn,
      count(*) != 0 as should_error
    from (
      
    
  
    
    

select
    contact_id as unique_field,
    count(*) as n_records

from "analytics"."main_gold"."mart_entradas"
where contact_id is not null
group by contact_id
having count(*) > 1



  
  
      
    ) dbt_internal_test
[0m18:16:06.586322 [debug] [Thread-4 (]: On test.hubspot_analytics.not_null_mart_entradas_contact_id.4578c293aa: ROLLBACK
[0m18:16:06.587034 [debug] [Thread-3 (]: SQL status: OK in 0.001 seconds
[0m18:16:06.591856 [debug] [Thread-4 (]: Failed to rollback 'test.hubspot_analytics.not_null_mart_entradas_contact_id.4578c293aa'
[0m18:16:06.594063 [debug] [Thread-3 (]: On test.hubspot_analytics.not_null_mart_entradas_mes_entrada.fd115ad520: ROLLBACK
[0m18:16:06.595479 [debug] [Thread-2 (]: SQL status: OK in 0.006 seconds
[0m18:16:06.595479 [debug] [Thread-4 (]: On test.hubspot_analytics.not_null_mart_entradas_contact_id.4578c293aa: Close
[0m18:16:06.595479 [debug] [Thread-3 (]: Failed to rollback 'test.hubspot_analytics.not_null_mart_entradas_mes_entrada.fd115ad520'
[0m18:16:06.602012 [debug] [Thread-2 (]: On test.hubspot_analytics.unique_mart_entradas_contact_id.d1b86c342a: ROLLBACK
[0m18:16:06.603443 [info ] [Thread-4 (]: 41 of 43 PASS not_null_mart_entradas_contact_id ................................ [[32mPASS[0m in 0.12s]
[0m18:16:06.603443 [debug] [Thread-3 (]: On test.hubspot_analytics.not_null_mart_entradas_mes_entrada.fd115ad520: Close
[0m18:16:06.606411 [debug] [Thread-2 (]: Failed to rollback 'test.hubspot_analytics.unique_mart_entradas_contact_id.d1b86c342a'
[0m18:16:06.606411 [debug] [Thread-4 (]: Finished running node test.hubspot_analytics.not_null_mart_entradas_contact_id.4578c293aa
[0m18:16:06.610444 [info ] [Thread-3 (]: 42 of 43 PASS not_null_mart_entradas_mes_entrada ............................... [[32mPASS[0m in 0.12s]
[0m18:16:06.610444 [debug] [Thread-2 (]: On test.hubspot_analytics.unique_mart_entradas_contact_id.d1b86c342a: Close
[0m18:16:06.615217 [debug] [Thread-3 (]: Finished running node test.hubspot_analytics.not_null_mart_entradas_mes_entrada.fd115ad520
[0m18:16:06.618317 [info ] [Thread-2 (]: 43 of 43 PASS unique_mart_entradas_contact_id .................................. [[32mPASS[0m in 0.13s]
[0m18:16:06.621314 [debug] [Thread-2 (]: Finished running node test.hubspot_analytics.unique_mart_entradas_contact_id.d1b86c342a
[0m18:16:06.623811 [debug] [MainThread]: Using duckdb connection "master"
[0m18:16:06.623811 [debug] [MainThread]: On master: BEGIN
[0m18:16:06.623811 [debug] [MainThread]: Opening a new connection, currently in state closed
[0m18:16:06.623811 [debug] [MainThread]: SQL status: OK in 0.001 seconds
[0m18:16:06.623811 [debug] [MainThread]: On master: COMMIT
[0m18:16:06.623811 [debug] [MainThread]: Using duckdb connection "master"
[0m18:16:06.623811 [debug] [MainThread]: On master: COMMIT
[0m18:16:06.636052 [debug] [MainThread]: SQL status: OK in 0.001 seconds
[0m18:16:06.638385 [debug] [MainThread]: On master: Close
[0m18:16:06.640311 [debug] [MainThread]: Connection 'master' was properly closed.
[0m18:16:06.642309 [debug] [MainThread]: Connection 'create_analytics_main_gold' was properly closed.
[0m18:16:06.643310 [debug] [MainThread]: Connection 'create_analytics_main_staging' was properly closed.
[0m18:16:06.644310 [debug] [MainThread]: Connection 'create_analytics_snapshots' was properly closed.
[0m18:16:06.646410 [debug] [MainThread]: Connection 'list_analytics_main_gold' was properly closed.
[0m18:16:06.646410 [debug] [MainThread]: Connection 'list_analytics_snapshots' was properly closed.
[0m18:16:06.646410 [debug] [MainThread]: Connection 'list_analytics_main_staging' was properly closed.
[0m18:16:06.649201 [debug] [MainThread]: Connection 'model.hubspot_analytics.mart_entradas' was properly closed.
[0m18:16:06.650462 [debug] [MainThread]: Connection 'test.hubspot_analytics.unique_mart_entradas_contact_id.d1b86c342a' was properly closed.
[0m18:16:06.652442 [debug] [MainThread]: Connection 'test.hubspot_analytics.not_null_mart_entradas_mes_entrada.fd115ad520' was properly closed.
[0m18:16:06.653868 [debug] [MainThread]: Connection 'test.hubspot_analytics.not_null_mart_entradas_contact_id.4578c293aa' was properly closed.
[0m18:16:06.655571 [info ] [MainThread]: 
[0m18:16:06.657263 [info ] [MainThread]: Finished running 5 incremental models, 1 snapshot, 8 table models, 16 data tests, 13 view models in 0 hours 0 minutes and 6.98 seconds (6.98s).
[0m18:16:06.663321 [debug] [MainThread]: Command end result
[0m18:16:06.759784 [debug] [MainThread]: Wrote artifact WritableManifest to dbt\target\manifest.json
[0m18:16:06.771781 [debug] [MainThread]: Wrote artifact SemanticManifest to dbt\target\semantic_manifest.json
[0m18:16:06.782323 [debug] [MainThread]: Wrote artifact OsiDocument to dbt\target\osi_document.json
[0m18:16:06.803720 [debug] [MainThread]: Wrote artifact RunExecutionResult to dbt\target\run_results.json
[0m18:16:06.804708 [info ] [MainThread]: 
[0m18:16:06.806671 [info ] [MainThread]: [31mCompleted with 1 error, 0 partial successes, and 0 warnings:[0m
[0m18:16:06.809696 [info ] [MainThread]: 
[0m18:16:06.811694 [error] [MainThread]: [[31mERROR[0m]: in model fct_activities (models\gold\fct_activities.sql)
[0m18:16:06.815106 [error] [MainThread]:   Runtime Error in model fct_activities (models\gold\fct_activities.sql)
  Conversion Error: Could not convert string 'COMPLETED' to INT128 when casting from source column outcome
  
  LINE 41:         outcome,
                   ^
[0m18:16:06.817659 [info ] [MainThread]: 
[0m18:16:06.821386 [info ] [MainThread]:   compiled code at target\compiled\hubspot_analytics\models\gold\fct_activities.sql
[0m18:16:06.825808 [info ] [MainThread]: 
[0m18:16:06.828796 [info ] [MainThread]: Done. PASS=40 WARN=0 ERROR=1 SKIP=2 NO-OP=0 REUSED=0 TOTAL=43
[0m18:16:06.834346 [debug] [MainThread]: Command `python -m dbt.cli.main build` failed at 18:16:06.834346 after 8.88 seconds
[0m18:16:06.841947 [debug] [MainThread]: Sending event: {'category': 'dbt', 'action': 'invocation', 'label': 'end', 'context': [<snowplow_tracker.self_describing_json.SelfDescribingJson object at 0x0000024D67F3B3D0>, <snowplow_tracker.self_describing_json.SelfDescribingJson object at 0x0000024D652C6F90>, <snowplow_tracker.self_describing_json.SelfDescribingJson object at 0x0000024D652C7E10>]}
[0m18:16:06.843976 [debug] [MainThread]: Flushing usage events
[0m18:16:08.093594 [debug] [MainThread]: An error was encountered while trying to flush usage events
[0m18:18:29.889217 [debug] [MainThread]: Sending event: {'category': 'dbt', 'action': 'invocation', 'label': 'start', 'context': [<snowplow_tracker.self_describing_json.SelfDescribingJson object at 0x000001A6040AA750>, <snowplow_tracker.self_describing_json.SelfDescribingJson object at 0x000001A6040FF450>, <snowplow_tracker.self_describing_json.SelfDescribingJson object at 0x000001A6040FEA90>]}


============================== 18:18:29.902783 | 50196a9f-9b03-4380-a8d4-54b219fe9af3 ==============================
[0m18:18:29.902783 [info ] [MainThread]: Running with dbt=1.12.0
[0m18:18:29.905780 [debug] [MainThread]: running dbt with arguments {'static_parser': 'True', 'no_print': 'None', 'maximum_seed_size_mib': '1', 'target_path': 'None', 'warn_error_options': 'WarnErrorOptionsV2(error=[], warn=[], silence=[])', 'version_check': 'True', 'printer_width': '80', 'write_json': 'True', 'empty': 'False', 'log_cache_events': 'False', 'introspect': 'True', 'cache_selected_only': 'False', 'fail_fast': 'False', 'debug': 'False', 'log_format': 'default', 'partial_parse': 'True', 'send_anonymous_usage_stats': 'True', 'quiet': 'False', 'warn_error': 'None', 'profiles_dir': 'dbt', 'use_colors': 'True', 'hints_enabled': 'True', 'invocation_command': 'dbt build --select tag:hubspot --project-dir dbt --profiles-dir dbt', 'use_experimental_parser': 'False', 'indirect_selection': 'eager', 'log_path': 'dbt\\logs'}
[0m18:18:30.793377 [debug] [MainThread]: Sending event: {'category': 'dbt', 'action': 'project_id', 'label': '50196a9f-9b03-4380-a8d4-54b219fe9af3', 'context': [<snowplow_tracker.self_describing_json.SelfDescribingJson object at 0x000001A6040ABE50>]}
[0m18:18:30.929058 [debug] [MainThread]: Sending event: {'category': 'dbt', 'action': 'adapter_info', 'label': '50196a9f-9b03-4380-a8d4-54b219fe9af3', 'context': [<snowplow_tracker.self_describing_json.SelfDescribingJson object at 0x000001A67F245150>]}
[0m18:18:30.934064 [info ] [MainThread]: Registered adapter: duckdb=1.10.1
[0m18:18:31.502313 [debug] [MainThread]: checksum: f7871d785e789ede5920da78766f82ab7589d2c2d733ba0f7c005d573ada217d, vars: {}, profile: hubspot_analytics, target: dev, version: 1.12.0
[0m18:18:31.750211 [debug] [MainThread]: Partial parsing enabled: 0 files deleted, 0 files added, 1 files changed.
[0m18:18:31.752255 [debug] [MainThread]: Partial parsing: updated file: hubspot_analytics://models\gold\fct_activities.sql
[0m18:18:32.587278 [warn ] [MainThread]: [[33mWARNING[0m][MissingArgumentsPropertyInGenericTestDeprecation]: Deprecated
functionality
Found top-level arguments to test `accepted_values` defined on 'fct_activities'
in package 'hubspot_analytics' (models\gold\schema.yml). Arguments to generic
tests should be nested under the `arguments` property.
[0m18:18:32.589256 [debug] [MainThread]: Sending event: {'category': 'dbt', 'action': 'deprecation', 'label': '50196a9f-9b03-4380-a8d4-54b219fe9af3', 'property_': 'warn', 'context': [<snowplow_tracker.self_describing_json.SelfDescribingJson object at 0x000001A605B84710>]}
[0m18:18:32.731984 [debug] [MainThread]: Sending event: {'category': 'dbt', 'action': 'load_project', 'label': '50196a9f-9b03-4380-a8d4-54b219fe9af3', 'context': [<snowplow_tracker.self_describing_json.SelfDescribingJson object at 0x000001A60486F310>]}
[0m18:18:32.879938 [debug] [MainThread]: Wrote artifact WritableManifest to dbt\target\manifest.json
[0m18:18:32.888939 [debug] [MainThread]: Wrote artifact SemanticManifest to dbt\target\semantic_manifest.json
[0m18:18:32.939389 [debug] [MainThread]: Wrote artifact OsiDocument to dbt\target\osi_document.json
[0m18:18:33.022500 [debug] [MainThread]: Sending event: {'category': 'dbt', 'action': 'resource_counts', 'label': '50196a9f-9b03-4380-a8d4-54b219fe9af3', 'context': [<snowplow_tracker.self_describing_json.SelfDescribingJson object at 0x000001A605F6FD10>]}
[0m18:18:33.022500 [info ] [MainThread]: Found 26 models, 1 snapshot, 16 data tests, 487 macros
[0m18:18:33.028893 [info ] [MainThread]: 
[0m18:18:33.029891 [info ] [MainThread]: Concurrency: 4 threads (target='dev')
[0m18:18:33.030893 [info ] [MainThread]: 
[0m18:18:33.032896 [debug] [MainThread]: Acquiring new duckdb connection 'master'
[0m18:18:33.049435 [debug] [ThreadPool]: Acquiring new duckdb connection 'list_analytics'
[0m18:18:33.051433 [debug] [ThreadPool]: Acquiring new duckdb connection 'list_analytics'
[0m18:18:33.066175 [debug] [ThreadPool]: Acquiring new duckdb connection 'list_analytics'
[0m18:18:33.322137 [debug] [ThreadPool]: Using duckdb connection "list_analytics"
[0m18:18:33.323143 [debug] [ThreadPool]: Using duckdb connection "list_analytics"
[0m18:18:33.323143 [debug] [ThreadPool]: Using duckdb connection "list_analytics"
[0m18:18:33.323143 [debug] [ThreadPool]: On list_analytics: /* {"app": "dbt", "dbt_version": "1.12.0", "profile_name": "hubspot_analytics", "target_name": "dev", "connection_name": "list_analytics"} */

    
    select schema_name
    from system.information_schema.schemata
    
    where lower(catalog_name) = '"analytics"'
    
  
  
[0m18:18:33.326170 [debug] [ThreadPool]: On list_analytics: /* {"app": "dbt", "dbt_version": "1.12.0", "profile_name": "hubspot_analytics", "target_name": "dev", "connection_name": "list_analytics"} */

    
    select schema_name
    from system.information_schema.schemata
    
    where lower(catalog_name) = '"analytics"'
    
  
  
[0m18:18:33.327179 [debug] [ThreadPool]: On list_analytics: /* {"app": "dbt", "dbt_version": "1.12.0", "profile_name": "hubspot_analytics", "target_name": "dev", "connection_name": "list_analytics"} */

    
    select schema_name
    from system.information_schema.schemata
    
    where lower(catalog_name) = '"analytics"'
    
  
  
[0m18:18:33.328182 [debug] [ThreadPool]: Opening a new connection, currently in state init
[0m18:18:33.329181 [debug] [ThreadPool]: Opening a new connection, currently in state init
[0m18:18:33.330186 [debug] [ThreadPool]: Opening a new connection, currently in state init
[0m18:18:33.371631 [debug] [ThreadPool]: SQL status: OK in 0.042 seconds
[0m18:18:33.372633 [debug] [ThreadPool]: SQL status: OK in 0.043 seconds
[0m18:18:33.372633 [debug] [ThreadPool]: SQL status: OK in 0.045 seconds
[0m18:18:33.373639 [debug] [ThreadPool]: On list_analytics: Close
[0m18:18:33.376446 [debug] [ThreadPool]: On list_analytics: Close
[0m18:18:33.379626 [debug] [ThreadPool]: On list_analytics: Close
[0m18:18:33.381627 [debug] [ThreadPool]: Re-using an available connection from the pool (formerly list_analytics, now create_analytics_snapshots)
[0m18:18:33.382631 [debug] [ThreadPool]: Re-using an available connection from the pool (formerly list_analytics, now create_analytics_main_staging)
[0m18:18:33.382631 [debug] [ThreadPool]: Re-using an available connection from the pool (formerly list_analytics, now create_analytics_main_gold)
[0m18:18:33.383627 [debug] [ThreadPool]: Creating schema "database: "analytics"
schema: "snapshots"
"
[0m18:18:33.384624 [debug] [ThreadPool]: Creating schema "database: "analytics"
schema: "main_staging"
"
[0m18:18:33.385621 [debug] [ThreadPool]: Creating schema "database: "analytics"
schema: "main_gold"
"
[0m18:18:33.393812 [debug] [ThreadPool]: Using duckdb connection "create_analytics_snapshots"
[0m18:18:33.395811 [debug] [ThreadPool]: Using duckdb connection "create_analytics_main_staging"
[0m18:18:33.397806 [debug] [ThreadPool]: Using duckdb connection "create_analytics_main_gold"
[0m18:18:33.398805 [debug] [ThreadPool]: On create_analytics_snapshots: /* {"app": "dbt", "dbt_version": "1.12.0", "profile_name": "hubspot_analytics", "target_name": "dev", "connection_name": "create_analytics_snapshots"} */

    
        select type from duckdb_databases()
        where lower(database_name)='analytics'
        and type='sqlite'
    
  
[0m18:18:33.399810 [debug] [ThreadPool]: On create_analytics_main_staging: /* {"app": "dbt", "dbt_version": "1.12.0", "profile_name": "hubspot_analytics", "target_name": "dev", "connection_name": "create_analytics_main_staging"} */

    
        select type from duckdb_databases()
        where lower(database_name)='analytics'
        and type='sqlite'
    
  
[0m18:18:33.400805 [debug] [ThreadPool]: On create_analytics_main_gold: /* {"app": "dbt", "dbt_version": "1.12.0", "profile_name": "hubspot_analytics", "target_name": "dev", "connection_name": "create_analytics_main_gold"} */

    
        select type from duckdb_databases()
        where lower(database_name)='analytics'
        and type='sqlite'
    
  
[0m18:18:33.401807 [debug] [ThreadPool]: Opening a new connection, currently in state closed
[0m18:18:33.402807 [debug] [ThreadPool]: Opening a new connection, currently in state closed
[0m18:18:33.402807 [debug] [ThreadPool]: Opening a new connection, currently in state closed
[0m18:18:33.404811 [debug] [ThreadPool]: SQL status: OK in 0.003 seconds
[0m18:18:33.405808 [debug] [ThreadPool]: SQL status: OK in 0.003 seconds
[0m18:18:33.407808 [debug] [ThreadPool]: Using duckdb connection "create_analytics_snapshots"
[0m18:18:33.409433 [debug] [ThreadPool]: SQL status: OK in 0.006 seconds
[0m18:18:33.411685 [debug] [ThreadPool]: Using duckdb connection "create_analytics_main_staging"
[0m18:18:33.412655 [debug] [ThreadPool]: On create_analytics_snapshots: BEGIN
[0m18:18:33.414656 [debug] [ThreadPool]: Using duckdb connection "create_analytics_main_gold"
[0m18:18:33.414656 [debug] [ThreadPool]: On create_analytics_main_staging: BEGIN
[0m18:18:33.416657 [debug] [ThreadPool]: SQL status: OK in 0.000 seconds
[0m18:18:33.416657 [debug] [ThreadPool]: On create_analytics_main_gold: BEGIN
[0m18:18:33.417654 [debug] [ThreadPool]: SQL status: OK in 0.000 seconds
[0m18:18:33.418662 [debug] [ThreadPool]: Using duckdb connection "create_analytics_snapshots"
[0m18:18:33.419657 [debug] [ThreadPool]: SQL status: OK in 0.000 seconds
[0m18:18:33.420655 [debug] [ThreadPool]: Using duckdb connection "create_analytics_main_staging"
[0m18:18:33.421656 [debug] [ThreadPool]: On create_analytics_snapshots: /* {"app": "dbt", "dbt_version": "1.12.0", "profile_name": "hubspot_analytics", "target_name": "dev", "connection_name": "create_analytics_snapshots"} */

    
    
        create schema if not exists "analytics"."snapshots"
    
[0m18:18:33.421656 [debug] [ThreadPool]: Using duckdb connection "create_analytics_main_gold"
[0m18:18:33.422656 [debug] [ThreadPool]: On create_analytics_main_staging: /* {"app": "dbt", "dbt_version": "1.12.0", "profile_name": "hubspot_analytics", "target_name": "dev", "connection_name": "create_analytics_main_staging"} */

    
    
        create schema if not exists "analytics"."main_staging"
    
[0m18:18:33.423656 [debug] [ThreadPool]: On create_analytics_main_gold: /* {"app": "dbt", "dbt_version": "1.12.0", "profile_name": "hubspot_analytics", "target_name": "dev", "connection_name": "create_analytics_main_gold"} */

    
    
        create schema if not exists "analytics"."main_gold"
    
[0m18:18:33.424772 [debug] [ThreadPool]: SQL status: OK in 0.001 seconds
[0m18:18:33.427782 [debug] [ThreadPool]: SQL status: OK in 0.001 seconds
[0m18:18:33.428783 [debug] [ThreadPool]: SQL status: OK in 0.001 seconds
[0m18:18:33.430778 [debug] [ThreadPool]: On create_analytics_snapshots: COMMIT
[0m18:18:33.431782 [debug] [ThreadPool]: On create_analytics_main_staging: COMMIT
[0m18:18:33.432780 [debug] [ThreadPool]: On create_analytics_main_gold: COMMIT
[0m18:18:33.433783 [debug] [ThreadPool]: Using duckdb connection "create_analytics_snapshots"
[0m18:18:33.434793 [debug] [ThreadPool]: Using duckdb connection "create_analytics_main_staging"
[0m18:18:33.435797 [debug] [ThreadPool]: Using duckdb connection "create_analytics_main_gold"
[0m18:18:33.435797 [debug] [ThreadPool]: On create_analytics_snapshots: COMMIT
[0m18:18:33.436792 [debug] [ThreadPool]: On create_analytics_main_staging: COMMIT
[0m18:18:33.437790 [debug] [ThreadPool]: On create_analytics_main_gold: COMMIT
[0m18:18:33.438790 [debug] [ThreadPool]: SQL status: OK in 0.000 seconds
[0m18:18:33.439792 [debug] [ThreadPool]: SQL status: OK in 0.000 seconds
[0m18:18:33.441616 [debug] [ThreadPool]: SQL status: OK in 0.001 seconds
[0m18:18:33.443628 [debug] [ThreadPool]: On create_analytics_snapshots: Close
[0m18:18:33.445626 [debug] [ThreadPool]: On create_analytics_main_staging: Close
[0m18:18:33.446625 [debug] [ThreadPool]: On create_analytics_main_gold: Close
[0m18:18:33.452660 [debug] [ThreadPool]: Acquiring new duckdb connection 'list_analytics_snapshots'
[0m18:18:33.453661 [debug] [ThreadPool]: Acquiring new duckdb connection 'list_analytics_main_staging'
[0m18:18:33.460266 [debug] [ThreadPool]: Using duckdb connection "list_analytics_snapshots"
[0m18:18:33.461260 [debug] [ThreadPool]: Acquiring new duckdb connection 'list_analytics_main_gold'
[0m18:18:33.463263 [debug] [ThreadPool]: Using duckdb connection "list_analytics_main_staging"
[0m18:18:33.464265 [debug] [ThreadPool]: On list_analytics_snapshots: BEGIN
[0m18:18:33.467266 [debug] [ThreadPool]: Using duckdb connection "list_analytics_main_gold"
[0m18:18:33.468265 [debug] [ThreadPool]: On list_analytics_main_staging: BEGIN
[0m18:18:33.469262 [debug] [ThreadPool]: Opening a new connection, currently in state init
[0m18:18:33.470261 [debug] [ThreadPool]: On list_analytics_main_gold: BEGIN
[0m18:18:33.471262 [debug] [ThreadPool]: Opening a new connection, currently in state init
[0m18:18:33.472264 [debug] [ThreadPool]: SQL status: OK in 0.003 seconds
[0m18:18:33.472264 [debug] [ThreadPool]: Opening a new connection, currently in state init
[0m18:18:33.472264 [debug] [ThreadPool]: SQL status: OK in 0.004 seconds
[0m18:18:33.476110 [debug] [ThreadPool]: Using duckdb connection "list_analytics_snapshots"
[0m18:18:33.479121 [debug] [ThreadPool]: SQL status: OK in 0.006 seconds
[0m18:18:33.480121 [debug] [ThreadPool]: Using duckdb connection "list_analytics_main_staging"
[0m18:18:33.481121 [debug] [ThreadPool]: On list_analytics_snapshots: /* {"app": "dbt", "dbt_version": "1.12.0", "profile_name": "hubspot_analytics", "target_name": "dev", "connection_name": "list_analytics_snapshots"} */
select
      'analytics' as database,
      table_name as name,
      table_schema as schema,
      CASE table_type
        WHEN 'BASE TABLE' THEN 'table'
        WHEN 'VIEW' THEN 'view'
        WHEN 'LOCAL TEMPORARY' THEN 'table'
        END as type
    from system.information_schema.tables
    where lower(table_schema) = 'snapshots'
    and lower(table_catalog) = 'analytics'
  
[0m18:18:33.483123 [debug] [ThreadPool]: Using duckdb connection "list_analytics_main_gold"
[0m18:18:33.484120 [debug] [ThreadPool]: On list_analytics_main_staging: /* {"app": "dbt", "dbt_version": "1.12.0", "profile_name": "hubspot_analytics", "target_name": "dev", "connection_name": "list_analytics_main_staging"} */
select
      'analytics' as database,
      table_name as name,
      table_schema as schema,
      CASE table_type
        WHEN 'BASE TABLE' THEN 'table'
        WHEN 'VIEW' THEN 'view'
        WHEN 'LOCAL TEMPORARY' THEN 'table'
        END as type
    from system.information_schema.tables
    where lower(table_schema) = 'main_staging'
    and lower(table_catalog) = 'analytics'
  
[0m18:18:33.485119 [debug] [ThreadPool]: On list_analytics_main_gold: /* {"app": "dbt", "dbt_version": "1.12.0", "profile_name": "hubspot_analytics", "target_name": "dev", "connection_name": "list_analytics_main_gold"} */
select
      'analytics' as database,
      table_name as name,
      table_schema as schema,
      CASE table_type
        WHEN 'BASE TABLE' THEN 'table'
        WHEN 'VIEW' THEN 'view'
        WHEN 'LOCAL TEMPORARY' THEN 'table'
        END as type
    from system.information_schema.tables
    where lower(table_schema) = 'main_gold'
    and lower(table_catalog) = 'analytics'
  
[0m18:18:33.514200 [debug] [ThreadPool]: SQL status: OK in 0.027 seconds
[0m18:18:33.515203 [debug] [ThreadPool]: SQL status: OK in 0.030 seconds
[0m18:18:33.515203 [debug] [ThreadPool]: SQL status: OK in 0.028 seconds
[0m18:18:33.517204 [debug] [ThreadPool]: On list_analytics_main_staging: ROLLBACK
[0m18:18:33.519201 [debug] [ThreadPool]: On list_analytics_snapshots: ROLLBACK
[0m18:18:33.521203 [debug] [ThreadPool]: On list_analytics_main_gold: ROLLBACK
[0m18:18:33.523204 [debug] [ThreadPool]: Failed to rollback 'list_analytics_main_staging'
[0m18:18:33.524897 [debug] [ThreadPool]: Failed to rollback 'list_analytics_snapshots'
[0m18:18:33.526911 [debug] [ThreadPool]: Failed to rollback 'list_analytics_main_gold'
[0m18:18:33.527912 [debug] [ThreadPool]: On list_analytics_main_staging: Close
[0m18:18:33.528909 [debug] [ThreadPool]: On list_analytics_snapshots: Close
[0m18:18:33.529911 [debug] [ThreadPool]: On list_analytics_main_gold: Close
[0m18:18:33.538918 [debug] [MainThread]: Sending event: {'category': 'dbt', 'action': 'runnable_timing', 'label': '50196a9f-9b03-4380-a8d4-54b219fe9af3', 'context': [<snowplow_tracker.self_describing_json.SelfDescribingJson object at 0x000001A605AEFD50>]}
[0m18:18:33.539918 [debug] [MainThread]: Using duckdb connection "master"
[0m18:18:33.540917 [debug] [MainThread]: On master: BEGIN
[0m18:18:33.542606 [debug] [MainThread]: Opening a new connection, currently in state init
[0m18:18:33.544607 [debug] [MainThread]: SQL status: OK in 0.002 seconds
[0m18:18:33.545605 [debug] [MainThread]: On master: COMMIT
[0m18:18:33.546607 [debug] [MainThread]: Using duckdb connection "master"
[0m18:18:33.547608 [debug] [MainThread]: On master: COMMIT
[0m18:18:33.549116 [debug] [MainThread]: SQL status: OK in 0.000 seconds
[0m18:18:33.550127 [debug] [MainThread]: On master: Close
[0m18:18:33.558131 [debug] [Thread-1 (]: Began running node model.hubspot_analytics.stg_assoc__calls_companies
[0m18:18:33.559141 [debug] [Thread-2 (]: Began running node model.hubspot_analytics.stg_assoc__calls_contacts
[0m18:18:33.560140 [debug] [Thread-3 (]: Began running node model.hubspot_analytics.stg_assoc__calls_deals
[0m18:18:33.561140 [debug] [Thread-4 (]: Began running node model.hubspot_analytics.stg_assoc__deals_companies
[0m18:18:33.562142 [info ] [Thread-1 (]: 1 of 43 START sql view model main_staging.stg_assoc__calls_companies ........... [RUN]
[0m18:18:33.563140 [info ] [Thread-2 (]: 2 of 43 START sql view model main_staging.stg_assoc__calls_contacts ............ [RUN]
[0m18:18:33.565156 [info ] [Thread-3 (]: 3 of 43 START sql view model main_staging.stg_assoc__calls_deals ............... [RUN]
[0m18:18:33.566141 [info ] [Thread-4 (]: 4 of 43 START sql view model main_staging.stg_assoc__deals_companies ........... [RUN]
[0m18:18:33.567139 [debug] [Thread-1 (]: Acquiring new duckdb connection 'model.hubspot_analytics.stg_assoc__calls_companies'
[0m18:18:33.569142 [debug] [Thread-2 (]: Acquiring new duckdb connection 'model.hubspot_analytics.stg_assoc__calls_contacts'
[0m18:18:33.571140 [debug] [Thread-3 (]: Acquiring new duckdb connection 'model.hubspot_analytics.stg_assoc__calls_deals'
[0m18:18:33.573140 [debug] [Thread-4 (]: Acquiring new duckdb connection 'model.hubspot_analytics.stg_assoc__deals_companies'
[0m18:18:33.576888 [debug] [Thread-1 (]: Began compiling node model.hubspot_analytics.stg_assoc__calls_companies
[0m18:18:33.579342 [debug] [Thread-2 (]: Began compiling node model.hubspot_analytics.stg_assoc__calls_contacts
[0m18:18:33.580339 [debug] [Thread-3 (]: Began compiling node model.hubspot_analytics.stg_assoc__calls_deals
[0m18:18:33.581340 [debug] [Thread-4 (]: Began compiling node model.hubspot_analytics.stg_assoc__deals_companies
[0m18:18:33.589341 [debug] [Thread-1 (]: Writing injected SQL for node "model.hubspot_analytics.stg_assoc__calls_companies"
[0m18:18:33.595922 [debug] [Thread-2 (]: Writing injected SQL for node "model.hubspot_analytics.stg_assoc__calls_contacts"
[0m18:18:33.599930 [debug] [Thread-3 (]: Writing injected SQL for node "model.hubspot_analytics.stg_assoc__calls_deals"
[0m18:18:33.602924 [debug] [Thread-4 (]: Writing injected SQL for node "model.hubspot_analytics.stg_assoc__deals_companies"
[0m18:18:33.610345 [debug] [Thread-1 (]: Began executing node model.hubspot_analytics.stg_assoc__calls_companies
[0m18:18:33.611345 [debug] [Thread-2 (]: Began executing node model.hubspot_analytics.stg_assoc__calls_contacts
[0m18:18:33.624813 [debug] [Thread-3 (]: Began executing node model.hubspot_analytics.stg_assoc__calls_deals
[0m18:18:33.625928 [debug] [Thread-4 (]: Began executing node model.hubspot_analytics.stg_assoc__deals_companies
[0m18:18:33.648449 [debug] [Thread-1 (]: Writing runtime sql for node "model.hubspot_analytics.stg_assoc__calls_companies"
[0m18:18:33.652455 [debug] [Thread-2 (]: Writing runtime sql for node "model.hubspot_analytics.stg_assoc__calls_contacts"
[0m18:18:33.655461 [debug] [Thread-3 (]: Writing runtime sql for node "model.hubspot_analytics.stg_assoc__calls_deals"
[0m18:18:33.662179 [debug] [Thread-4 (]: Writing runtime sql for node "model.hubspot_analytics.stg_assoc__deals_companies"
[0m18:18:33.669176 [debug] [Thread-1 (]: Using duckdb connection "model.hubspot_analytics.stg_assoc__calls_companies"
[0m18:18:33.670183 [debug] [Thread-1 (]: On model.hubspot_analytics.stg_assoc__calls_companies: BEGIN
[0m18:18:33.671181 [debug] [Thread-2 (]: Using duckdb connection "model.hubspot_analytics.stg_assoc__calls_contacts"
[0m18:18:33.672181 [debug] [Thread-1 (]: Opening a new connection, currently in state init
[0m18:18:33.673181 [debug] [Thread-2 (]: On model.hubspot_analytics.stg_assoc__calls_contacts: BEGIN
[0m18:18:33.673181 [debug] [Thread-3 (]: Using duckdb connection "model.hubspot_analytics.stg_assoc__calls_deals"
[0m18:18:33.674836 [debug] [Thread-1 (]: SQL status: OK in 0.003 seconds
[0m18:18:33.676849 [debug] [Thread-4 (]: Using duckdb connection "model.hubspot_analytics.stg_assoc__deals_companies"
[0m18:18:33.677846 [debug] [Thread-2 (]: Opening a new connection, currently in state init
[0m18:18:33.678844 [debug] [Thread-3 (]: On model.hubspot_analytics.stg_assoc__calls_deals: BEGIN
[0m18:18:33.679850 [debug] [Thread-1 (]: Using duckdb connection "model.hubspot_analytics.stg_assoc__calls_companies"
[0m18:18:33.680844 [debug] [Thread-4 (]: On model.hubspot_analytics.stg_assoc__deals_companies: BEGIN
[0m18:18:33.681847 [debug] [Thread-2 (]: SQL status: OK in 0.004 seconds
[0m18:18:33.681847 [debug] [Thread-3 (]: Opening a new connection, currently in state init
[0m18:18:33.682847 [debug] [Thread-1 (]: On model.hubspot_analytics.stg_assoc__calls_companies: /* {"app": "dbt", "dbt_version": "1.12.0", "profile_name": "hubspot_analytics", "target_name": "dev", "node_id": "model.hubspot_analytics.stg_assoc__calls_companies"} */

  
  create view "analytics"."main_staging"."stg_assoc__calls_companies__dbt_tmp" as (
    


with raw as (

    select *
    from read_json_auto(
        'data/raw/hubspot/assoc_calls_companies/*.jsonl',
        union_by_name = true
    )

),

dedup as (

    select *,
           row_number() over (
               partition by from_id, to_id order by load_ts desc
           ) as _rn
    from raw

)

select
    cast(from_id as bigint)         as from_id,
    cast(to_id as bigint)           as to_id,
    cast(type as varchar)           as assoc_type,
    try_cast(load_ts as timestamp)  as _loaded_at
from dedup
where _rn = 1


  );

[0m18:18:33.683847 [debug] [Thread-4 (]: Opening a new connection, currently in state init
[0m18:18:33.684846 [debug] [Thread-2 (]: Using duckdb connection "model.hubspot_analytics.stg_assoc__calls_contacts"
[0m18:18:33.685845 [debug] [Thread-3 (]: SQL status: OK in 0.004 seconds
[0m18:18:33.687845 [debug] [Thread-4 (]: SQL status: OK in 0.004 seconds
[0m18:18:33.688846 [debug] [Thread-2 (]: On model.hubspot_analytics.stg_assoc__calls_contacts: /* {"app": "dbt", "dbt_version": "1.12.0", "profile_name": "hubspot_analytics", "target_name": "dev", "node_id": "model.hubspot_analytics.stg_assoc__calls_contacts"} */

  
  create view "analytics"."main_staging"."stg_assoc__calls_contacts__dbt_tmp" as (
    


with raw as (

    select *
    from read_json_auto(
        'data/raw/hubspot/assoc_calls_contacts/*.jsonl',
        union_by_name = true
    )

),

dedup as (

    select *,
           row_number() over (
               partition by from_id, to_id order by load_ts desc
           ) as _rn
    from raw

)

select
    cast(from_id as bigint)         as from_id,
    cast(to_id as bigint)           as to_id,
    cast(type as varchar)           as assoc_type,
    try_cast(load_ts as timestamp)  as _loaded_at
from dedup
where _rn = 1


  );

[0m18:18:33.689848 [debug] [Thread-3 (]: Using duckdb connection "model.hubspot_analytics.stg_assoc__calls_deals"
[0m18:18:33.691535 [debug] [Thread-4 (]: Using duckdb connection "model.hubspot_analytics.stg_assoc__deals_companies"
[0m18:18:33.694547 [debug] [Thread-3 (]: On model.hubspot_analytics.stg_assoc__calls_deals: /* {"app": "dbt", "dbt_version": "1.12.0", "profile_name": "hubspot_analytics", "target_name": "dev", "node_id": "model.hubspot_analytics.stg_assoc__calls_deals"} */

  
  create view "analytics"."main_staging"."stg_assoc__calls_deals__dbt_tmp" as (
    


with raw as (

    select *
    from read_json_auto(
        'data/raw/hubspot/assoc_calls_deals/*.jsonl',
        union_by_name = true
    )

),

dedup as (

    select *,
           row_number() over (
               partition by from_id, to_id order by load_ts desc
           ) as _rn
    from raw

)

select
    cast(from_id as bigint)         as from_id,
    cast(to_id as bigint)           as to_id,
    cast(type as varchar)           as assoc_type,
    try_cast(load_ts as timestamp)  as _loaded_at
from dedup
where _rn = 1


  );

[0m18:18:33.695546 [debug] [Thread-4 (]: On model.hubspot_analytics.stg_assoc__deals_companies: /* {"app": "dbt", "dbt_version": "1.12.0", "profile_name": "hubspot_analytics", "target_name": "dev", "node_id": "model.hubspot_analytics.stg_assoc__deals_companies"} */

  
  create view "analytics"."main_staging"."stg_assoc__deals_companies__dbt_tmp" as (
    


with raw as (

    select *
    from read_json_auto(
        'data/raw/hubspot/assoc_deals_companies/*.jsonl',
        union_by_name = true
    )

),

dedup as (

    select *,
           row_number() over (
               partition by from_id, to_id order by load_ts desc
           ) as _rn
    from raw

)

select
    cast(from_id as bigint)         as from_id,
    cast(to_id as bigint)           as to_id,
    cast(type as varchar)           as assoc_type,
    try_cast(load_ts as timestamp)  as _loaded_at
from dedup
where _rn = 1


  );

[0m18:18:33.731875 [debug] [Thread-1 (]: SQL status: OK in 0.045 seconds
[0m18:18:33.746595 [debug] [Thread-1 (]: Using duckdb connection "model.hubspot_analytics.stg_assoc__calls_companies"
[0m18:18:33.747592 [debug] [Thread-2 (]: SQL status: OK in 0.055 seconds
[0m18:18:33.748592 [debug] [Thread-3 (]: SQL status: OK in 0.052 seconds
[0m18:18:33.749950 [debug] [Thread-1 (]: On model.hubspot_analytics.stg_assoc__calls_companies: /* {"app": "dbt", "dbt_version": "1.12.0", "profile_name": "hubspot_analytics", "target_name": "dev", "node_id": "model.hubspot_analytics.stg_assoc__calls_companies"} */
alter view "analytics"."main_staging"."stg_assoc__calls_companies" rename to "stg_assoc__calls_companies__dbt_backup"
[0m18:18:33.753949 [debug] [Thread-2 (]: Using duckdb connection "model.hubspot_analytics.stg_assoc__calls_contacts"
[0m18:18:33.754946 [debug] [Thread-4 (]: SQL status: OK in 0.057 seconds
[0m18:18:33.755949 [debug] [Thread-3 (]: Using duckdb connection "model.hubspot_analytics.stg_assoc__calls_deals"
[0m18:18:33.760199 [debug] [Thread-1 (]: SQL status: OK in 0.001 seconds
[0m18:18:33.761205 [debug] [Thread-2 (]: On model.hubspot_analytics.stg_assoc__calls_contacts: /* {"app": "dbt", "dbt_version": "1.12.0", "profile_name": "hubspot_analytics", "target_name": "dev", "node_id": "model.hubspot_analytics.stg_assoc__calls_contacts"} */
alter view "analytics"."main_staging"."stg_assoc__calls_contacts" rename to "stg_assoc__calls_contacts__dbt_backup"
[0m18:18:33.767199 [debug] [Thread-4 (]: Using duckdb connection "model.hubspot_analytics.stg_assoc__deals_companies"
[0m18:18:33.768198 [debug] [Thread-3 (]: On model.hubspot_analytics.stg_assoc__calls_deals: /* {"app": "dbt", "dbt_version": "1.12.0", "profile_name": "hubspot_analytics", "target_name": "dev", "node_id": "model.hubspot_analytics.stg_assoc__calls_deals"} */
alter view "analytics"."main_staging"."stg_assoc__calls_deals" rename to "stg_assoc__calls_deals__dbt_backup"
[0m18:18:33.771203 [debug] [Thread-1 (]: Using duckdb connection "model.hubspot_analytics.stg_assoc__calls_companies"
[0m18:18:33.772196 [debug] [Thread-2 (]: SQL status: OK in 0.001 seconds
[0m18:18:33.772196 [debug] [Thread-4 (]: On model.hubspot_analytics.stg_assoc__deals_companies: /* {"app": "dbt", "dbt_version": "1.12.0", "profile_name": "hubspot_analytics", "target_name": "dev", "node_id": "model.hubspot_analytics.stg_assoc__deals_companies"} */
alter view "analytics"."main_staging"."stg_assoc__deals_companies" rename to "stg_assoc__deals_companies__dbt_backup"
[0m18:18:33.774860 [debug] [Thread-3 (]: SQL status: OK in 0.001 seconds
[0m18:18:33.775874 [debug] [Thread-1 (]: On model.hubspot_analytics.stg_assoc__calls_companies: /* {"app": "dbt", "dbt_version": "1.12.0", "profile_name": "hubspot_analytics", "target_name": "dev", "node_id": "model.hubspot_analytics.stg_assoc__calls_companies"} */
alter view "analytics"."main_staging"."stg_assoc__calls_companies__dbt_tmp" rename to "stg_assoc__calls_companies"
[0m18:18:33.780873 [debug] [Thread-2 (]: Using duckdb connection "model.hubspot_analytics.stg_assoc__calls_contacts"
[0m18:18:33.781872 [debug] [Thread-4 (]: SQL status: OK in 0.001 seconds
[0m18:18:33.784873 [debug] [Thread-3 (]: Using duckdb connection "model.hubspot_analytics.stg_assoc__calls_deals"
[0m18:18:33.786870 [debug] [Thread-2 (]: On model.hubspot_analytics.stg_assoc__calls_contacts: /* {"app": "dbt", "dbt_version": "1.12.0", "profile_name": "hubspot_analytics", "target_name": "dev", "node_id": "model.hubspot_analytics.stg_assoc__calls_contacts"} */
alter view "analytics"."main_staging"."stg_assoc__calls_contacts__dbt_tmp" rename to "stg_assoc__calls_contacts"
[0m18:18:33.787875 [debug] [Thread-1 (]: SQL status: OK in 0.001 seconds
[0m18:18:33.788870 [debug] [Thread-4 (]: Using duckdb connection "model.hubspot_analytics.stg_assoc__deals_companies"
[0m18:18:33.791522 [debug] [Thread-3 (]: On model.hubspot_analytics.stg_assoc__calls_deals: /* {"app": "dbt", "dbt_version": "1.12.0", "profile_name": "hubspot_analytics", "target_name": "dev", "node_id": "model.hubspot_analytics.stg_assoc__calls_deals"} */
alter view "analytics"."main_staging"."stg_assoc__calls_deals__dbt_tmp" rename to "stg_assoc__calls_deals"
[0m18:18:33.810206 [debug] [Thread-1 (]: On model.hubspot_analytics.stg_assoc__calls_companies: COMMIT
[0m18:18:33.811208 [debug] [Thread-2 (]: SQL status: OK in 0.018 seconds
[0m18:18:33.812206 [debug] [Thread-4 (]: On model.hubspot_analytics.stg_assoc__deals_companies: /* {"app": "dbt", "dbt_version": "1.12.0", "profile_name": "hubspot_analytics", "target_name": "dev", "node_id": "model.hubspot_analytics.stg_assoc__deals_companies"} */
alter view "analytics"."main_staging"."stg_assoc__deals_companies__dbt_tmp" rename to "stg_assoc__deals_companies"
[0m18:18:33.814205 [debug] [Thread-1 (]: Using duckdb connection "model.hubspot_analytics.stg_assoc__calls_companies"
[0m18:18:33.815205 [debug] [Thread-3 (]: SQL status: OK in 0.001 seconds
[0m18:18:33.817207 [debug] [Thread-2 (]: On model.hubspot_analytics.stg_assoc__calls_contacts: COMMIT
[0m18:18:33.818204 [debug] [Thread-4 (]: SQL status: OK in 0.000 seconds
[0m18:18:33.819205 [debug] [Thread-1 (]: On model.hubspot_analytics.stg_assoc__calls_companies: COMMIT
[0m18:18:33.821205 [debug] [Thread-3 (]: On model.hubspot_analytics.stg_assoc__calls_deals: COMMIT
[0m18:18:33.822202 [debug] [Thread-2 (]: Using duckdb connection "model.hubspot_analytics.stg_assoc__calls_contacts"
[0m18:18:33.822202 [debug] [Thread-4 (]: On model.hubspot_analytics.stg_assoc__deals_companies: COMMIT
[0m18:18:33.827268 [debug] [Thread-3 (]: Using duckdb connection "model.hubspot_analytics.stg_assoc__calls_deals"
[0m18:18:33.828269 [debug] [Thread-2 (]: On model.hubspot_analytics.stg_assoc__calls_contacts: COMMIT
[0m18:18:33.830265 [debug] [Thread-4 (]: Using duckdb connection "model.hubspot_analytics.stg_assoc__deals_companies"
[0m18:18:33.830265 [debug] [Thread-3 (]: On model.hubspot_analytics.stg_assoc__calls_deals: COMMIT
[0m18:18:33.832264 [debug] [Thread-4 (]: On model.hubspot_analytics.stg_assoc__deals_companies: COMMIT
[0m18:18:33.854577 [debug] [Thread-1 (]: SQL status: OK in 0.029 seconds
[0m18:18:33.864239 [debug] [Thread-1 (]: Using duckdb connection "model.hubspot_analytics.stg_assoc__calls_companies"
[0m18:18:33.865239 [debug] [Thread-2 (]: SQL status: OK in 0.034 seconds
[0m18:18:33.866239 [debug] [Thread-3 (]: SQL status: OK in 0.033 seconds
[0m18:18:33.867267 [debug] [Thread-4 (]: SQL status: OK in 0.034 seconds
[0m18:18:33.868240 [debug] [Thread-1 (]: On model.hubspot_analytics.stg_assoc__calls_companies: /* {"app": "dbt", "dbt_version": "1.12.0", "profile_name": "hubspot_analytics", "target_name": "dev", "node_id": "model.hubspot_analytics.stg_assoc__calls_companies"} */

      drop view if exists "analytics"."main_staging"."stg_assoc__calls_companies__dbt_backup" cascade
    
[0m18:18:33.871240 [debug] [Thread-2 (]: Using duckdb connection "model.hubspot_analytics.stg_assoc__calls_contacts"
[0m18:18:33.872239 [debug] [Thread-3 (]: Using duckdb connection "model.hubspot_analytics.stg_assoc__calls_deals"
[0m18:18:33.878873 [debug] [Thread-4 (]: Using duckdb connection "model.hubspot_analytics.stg_assoc__deals_companies"
[0m18:18:33.880873 [debug] [Thread-2 (]: On model.hubspot_analytics.stg_assoc__calls_contacts: /* {"app": "dbt", "dbt_version": "1.12.0", "profile_name": "hubspot_analytics", "target_name": "dev", "node_id": "model.hubspot_analytics.stg_assoc__calls_contacts"} */

      drop view if exists "analytics"."main_staging"."stg_assoc__calls_contacts__dbt_backup" cascade
    
[0m18:18:33.881874 [debug] [Thread-3 (]: On model.hubspot_analytics.stg_assoc__calls_deals: /* {"app": "dbt", "dbt_version": "1.12.0", "profile_name": "hubspot_analytics", "target_name": "dev", "node_id": "model.hubspot_analytics.stg_assoc__calls_deals"} */

      drop view if exists "analytics"."main_staging"."stg_assoc__calls_deals__dbt_backup" cascade
    
[0m18:18:33.882872 [debug] [Thread-4 (]: On model.hubspot_analytics.stg_assoc__deals_companies: /* {"app": "dbt", "dbt_version": "1.12.0", "profile_name": "hubspot_analytics", "target_name": "dev", "node_id": "model.hubspot_analytics.stg_assoc__deals_companies"} */

      drop view if exists "analytics"."main_staging"."stg_assoc__deals_companies__dbt_backup" cascade
    
[0m18:18:33.883872 [debug] [Thread-1 (]: SQL status: OK in 0.004 seconds
[0m18:18:33.888874 [debug] [Thread-1 (]: On model.hubspot_analytics.stg_assoc__calls_companies: Close
[0m18:18:33.888874 [debug] [Thread-2 (]: SQL status: OK in 0.005 seconds
[0m18:18:33.894535 [debug] [Thread-2 (]: On model.hubspot_analytics.stg_assoc__calls_contacts: Close
[0m18:18:33.895533 [debug] [Thread-3 (]: SQL status: OK in 0.010 seconds
[0m18:18:33.898539 [debug] [Thread-3 (]: On model.hubspot_analytics.stg_assoc__calls_deals: Close
[0m18:18:33.898539 [debug] [Thread-1 (]: Sending event: {'category': 'dbt', 'action': 'run_model', 'label': '50196a9f-9b03-4380-a8d4-54b219fe9af3', 'context': [<snowplow_tracker.self_describing_json.SelfDescribingJson object at 0x000001A605F6BA90>]}
[0m18:18:33.899532 [debug] [Thread-2 (]: Sending event: {'category': 'dbt', 'action': 'run_model', 'label': '50196a9f-9b03-4380-a8d4-54b219fe9af3', 'context': [<snowplow_tracker.self_describing_json.SelfDescribingJson object at 0x000001A606152D50>]}
[0m18:18:33.899532 [debug] [Thread-4 (]: SQL status: OK in 0.014 seconds
[0m18:18:33.900532 [debug] [Thread-3 (]: Sending event: {'category': 'dbt', 'action': 'run_model', 'label': '50196a9f-9b03-4380-a8d4-54b219fe9af3', 'context': [<snowplow_tracker.self_describing_json.SelfDescribingJson object at 0x000001A606152690>]}
[0m18:18:33.901531 [info ] [Thread-1 (]: 1 of 43 OK created sql view model main_staging.stg_assoc__calls_companies ...... [[32mOK[0m in 0.32s]
[0m18:18:33.903532 [info ] [Thread-2 (]: 2 of 43 OK created sql view model main_staging.stg_assoc__calls_contacts ....... [[32mOK[0m in 0.33s]
[0m18:18:33.905532 [debug] [Thread-4 (]: On model.hubspot_analytics.stg_assoc__deals_companies: Close
[0m18:18:33.907538 [info ] [Thread-3 (]: 3 of 43 OK created sql view model main_staging.stg_assoc__calls_deals .......... [[32mOK[0m in 0.33s]
[0m18:18:33.909202 [debug] [Thread-1 (]: Finished running node model.hubspot_analytics.stg_assoc__calls_companies
[0m18:18:33.912199 [debug] [Thread-2 (]: Finished running node model.hubspot_analytics.stg_assoc__calls_contacts
[0m18:18:33.914198 [debug] [Thread-4 (]: Sending event: {'category': 'dbt', 'action': 'run_model', 'label': '50196a9f-9b03-4380-a8d4-54b219fe9af3', 'context': [<snowplow_tracker.self_describing_json.SelfDescribingJson object at 0x000001A606153150>]}
[0m18:18:33.915198 [debug] [Thread-3 (]: Finished running node model.hubspot_analytics.stg_assoc__calls_deals
[0m18:18:33.917199 [debug] [Thread-1 (]: Began running node model.hubspot_analytics.stg_assoc__deals_contacts
[0m18:18:33.920204 [debug] [Thread-2 (]: Began running node model.hubspot_analytics.stg_assoc__meetings_companies
[0m18:18:33.921197 [info ] [Thread-4 (]: 4 of 43 OK created sql view model main_staging.stg_assoc__deals_companies ...... [[32mOK[0m in 0.34s]
[0m18:18:33.922199 [debug] [Thread-3 (]: Began running node model.hubspot_analytics.stg_assoc__meetings_contacts
[0m18:18:33.924079 [info ] [Thread-1 (]: 5 of 43 START sql view model main_staging.stg_assoc__deals_contacts ............ [RUN]
[0m18:18:33.926092 [info ] [Thread-2 (]: 6 of 43 START sql view model main_staging.stg_assoc__meetings_companies ........ [RUN]
[0m18:18:33.928091 [debug] [Thread-4 (]: Finished running node model.hubspot_analytics.stg_assoc__deals_companies
[0m18:18:33.930091 [info ] [Thread-3 (]: 7 of 43 START sql view model main_staging.stg_assoc__meetings_contacts ......... [RUN]
[0m18:18:33.932089 [debug] [Thread-1 (]: Re-using an available connection from the pool (formerly model.hubspot_analytics.stg_assoc__calls_companies, now model.hubspot_analytics.stg_assoc__deals_contacts)
[0m18:18:33.934109 [debug] [Thread-2 (]: Re-using an available connection from the pool (formerly model.hubspot_analytics.stg_assoc__calls_contacts, now model.hubspot_analytics.stg_assoc__meetings_companies)
[0m18:18:33.936105 [debug] [Thread-4 (]: Began running node model.hubspot_analytics.stg_assoc__meetings_deals
[0m18:18:33.937110 [debug] [Thread-3 (]: Re-using an available connection from the pool (formerly model.hubspot_analytics.stg_assoc__calls_deals, now model.hubspot_analytics.stg_assoc__meetings_contacts)
[0m18:18:33.938104 [debug] [Thread-1 (]: Began compiling node model.hubspot_analytics.stg_assoc__deals_contacts
[0m18:18:33.939103 [debug] [Thread-2 (]: Began compiling node model.hubspot_analytics.stg_assoc__meetings_companies
[0m18:18:33.940104 [info ] [Thread-4 (]: 8 of 43 START sql view model main_staging.stg_assoc__meetings_deals ............ [RUN]
[0m18:18:33.941481 [debug] [Thread-3 (]: Began compiling node model.hubspot_analytics.stg_assoc__meetings_contacts
[0m18:18:33.946493 [debug] [Thread-1 (]: Writing injected SQL for node "model.hubspot_analytics.stg_assoc__deals_contacts"
[0m18:18:33.950569 [debug] [Thread-2 (]: Writing injected SQL for node "model.hubspot_analytics.stg_assoc__meetings_companies"
[0m18:18:33.951564 [debug] [Thread-4 (]: Re-using an available connection from the pool (formerly model.hubspot_analytics.stg_assoc__deals_companies, now model.hubspot_analytics.stg_assoc__meetings_deals)
[0m18:18:33.955561 [debug] [Thread-3 (]: Writing injected SQL for node "model.hubspot_analytics.stg_assoc__meetings_contacts"
[0m18:18:33.958289 [debug] [Thread-4 (]: Began compiling node model.hubspot_analytics.stg_assoc__meetings_deals
[0m18:18:33.964286 [debug] [Thread-4 (]: Writing injected SQL for node "model.hubspot_analytics.stg_assoc__meetings_deals"
[0m18:18:33.965292 [debug] [Thread-1 (]: Began executing node model.hubspot_analytics.stg_assoc__deals_contacts
[0m18:18:33.966289 [debug] [Thread-2 (]: Began executing node model.hubspot_analytics.stg_assoc__meetings_companies
[0m18:18:33.972285 [debug] [Thread-1 (]: Writing runtime sql for node "model.hubspot_analytics.stg_assoc__deals_contacts"
[0m18:18:33.973285 [debug] [Thread-3 (]: Began executing node model.hubspot_analytics.stg_assoc__meetings_contacts
[0m18:18:33.979846 [debug] [Thread-2 (]: Writing runtime sql for node "model.hubspot_analytics.stg_assoc__meetings_companies"
[0m18:18:33.979846 [debug] [Thread-4 (]: Began executing node model.hubspot_analytics.stg_assoc__meetings_deals
[0m18:18:33.983835 [debug] [Thread-3 (]: Writing runtime sql for node "model.hubspot_analytics.stg_assoc__meetings_contacts"
[0m18:18:33.988834 [debug] [Thread-4 (]: Writing runtime sql for node "model.hubspot_analytics.stg_assoc__meetings_deals"
[0m18:18:33.988834 [debug] [Thread-1 (]: Using duckdb connection "model.hubspot_analytics.stg_assoc__deals_contacts"
[0m18:18:33.993496 [debug] [Thread-1 (]: On model.hubspot_analytics.stg_assoc__deals_contacts: BEGIN
[0m18:18:33.995495 [debug] [Thread-2 (]: Using duckdb connection "model.hubspot_analytics.stg_assoc__meetings_companies"
[0m18:18:33.995495 [debug] [Thread-1 (]: Opening a new connection, currently in state closed
[0m18:18:33.996494 [debug] [Thread-2 (]: On model.hubspot_analytics.stg_assoc__meetings_companies: BEGIN
[0m18:18:33.997495 [debug] [Thread-3 (]: Using duckdb connection "model.hubspot_analytics.stg_assoc__meetings_contacts"
[0m18:18:33.998494 [debug] [Thread-4 (]: Using duckdb connection "model.hubspot_analytics.stg_assoc__meetings_deals"
[0m18:18:33.999494 [debug] [Thread-1 (]: SQL status: OK in 0.004 seconds
[0m18:18:33.999494 [debug] [Thread-2 (]: Opening a new connection, currently in state closed
[0m18:18:34.000492 [debug] [Thread-3 (]: On model.hubspot_analytics.stg_assoc__meetings_contacts: BEGIN
[0m18:18:34.001492 [debug] [Thread-4 (]: On model.hubspot_analytics.stg_assoc__meetings_deals: BEGIN
[0m18:18:34.002494 [debug] [Thread-1 (]: Using duckdb connection "model.hubspot_analytics.stg_assoc__deals_contacts"
[0m18:18:34.003492 [debug] [Thread-2 (]: SQL status: OK in 0.004 seconds
[0m18:18:34.004494 [debug] [Thread-3 (]: Opening a new connection, currently in state closed
[0m18:18:34.005493 [debug] [Thread-4 (]: Opening a new connection, currently in state closed
[0m18:18:34.006494 [debug] [Thread-1 (]: On model.hubspot_analytics.stg_assoc__deals_contacts: /* {"app": "dbt", "dbt_version": "1.12.0", "profile_name": "hubspot_analytics", "target_name": "dev", "node_id": "model.hubspot_analytics.stg_assoc__deals_contacts"} */

  
  create view "analytics"."main_staging"."stg_assoc__deals_contacts__dbt_tmp" as (
    


with raw as (

    select *
    from read_json_auto(
        'data/raw/hubspot/assoc_deals_contacts/*.jsonl',
        union_by_name = true
    )

),

dedup as (

    select *,
           row_number() over (
               partition by from_id, to_id order by load_ts desc
           ) as _rn
    from raw

)

select
    cast(from_id as bigint)         as from_id,
    cast(to_id as bigint)           as to_id,
    cast(type as varchar)           as assoc_type,
    try_cast(load_ts as timestamp)  as _loaded_at
from dedup
where _rn = 1


  );

[0m18:18:34.006494 [debug] [Thread-2 (]: Using duckdb connection "model.hubspot_analytics.stg_assoc__meetings_companies"
[0m18:18:34.008494 [debug] [Thread-3 (]: SQL status: OK in 0.004 seconds
[0m18:18:34.010499 [debug] [Thread-4 (]: SQL status: OK in 0.005 seconds
[0m18:18:34.012500 [debug] [Thread-2 (]: On model.hubspot_analytics.stg_assoc__meetings_companies: /* {"app": "dbt", "dbt_version": "1.12.0", "profile_name": "hubspot_analytics", "target_name": "dev", "node_id": "model.hubspot_analytics.stg_assoc__meetings_companies"} */

  
  create view "analytics"."main_staging"."stg_assoc__meetings_companies__dbt_tmp" as (
    


with raw as (

    select *
    from read_json_auto(
        'data/raw/hubspot/assoc_meetings_companies/*.jsonl',
        union_by_name = true
    )

),

dedup as (

    select *,
           row_number() over (
               partition by from_id, to_id order by load_ts desc
           ) as _rn
    from raw

)

select
    cast(from_id as bigint)         as from_id,
    cast(to_id as bigint)           as to_id,
    cast(type as varchar)           as assoc_type,
    try_cast(load_ts as timestamp)  as _loaded_at
from dedup
where _rn = 1


  );

[0m18:18:34.013497 [debug] [Thread-3 (]: Using duckdb connection "model.hubspot_analytics.stg_assoc__meetings_contacts"
[0m18:18:34.014496 [debug] [Thread-4 (]: Using duckdb connection "model.hubspot_analytics.stg_assoc__meetings_deals"
[0m18:18:34.016494 [debug] [Thread-3 (]: On model.hubspot_analytics.stg_assoc__meetings_contacts: /* {"app": "dbt", "dbt_version": "1.12.0", "profile_name": "hubspot_analytics", "target_name": "dev", "node_id": "model.hubspot_analytics.stg_assoc__meetings_contacts"} */

  
  create view "analytics"."main_staging"."stg_assoc__meetings_contacts__dbt_tmp" as (
    


with raw as (

    select *
    from read_json_auto(
        'data/raw/hubspot/assoc_meetings_contacts/*.jsonl',
        union_by_name = true
    )

),

dedup as (

    select *,
           row_number() over (
               partition by from_id, to_id order by load_ts desc
           ) as _rn
    from raw

)

select
    cast(from_id as bigint)         as from_id,
    cast(to_id as bigint)           as to_id,
    cast(type as varchar)           as assoc_type,
    try_cast(load_ts as timestamp)  as _loaded_at
from dedup
where _rn = 1


  );

[0m18:18:34.018494 [debug] [Thread-4 (]: On model.hubspot_analytics.stg_assoc__meetings_deals: /* {"app": "dbt", "dbt_version": "1.12.0", "profile_name": "hubspot_analytics", "target_name": "dev", "node_id": "model.hubspot_analytics.stg_assoc__meetings_deals"} */

  
  create view "analytics"."main_staging"."stg_assoc__meetings_deals__dbt_tmp" as (
    


with raw as (

    select *
    from read_json_auto(
        'data/raw/hubspot/assoc_meetings_deals/*.jsonl',
        union_by_name = true
    )

),

dedup as (

    select *,
           row_number() over (
               partition by from_id, to_id order by load_ts desc
           ) as _rn
    from raw

)

select
    cast(from_id as bigint)         as from_id,
    cast(to_id as bigint)           as to_id,
    cast(type as varchar)           as assoc_type,
    try_cast(load_ts as timestamp)  as _loaded_at
from dedup
where _rn = 1


  );

[0m18:18:34.022494 [debug] [Thread-2 (]: SQL status: OK in 0.006 seconds
[0m18:18:34.027493 [debug] [Thread-2 (]: Using duckdb connection "model.hubspot_analytics.stg_assoc__meetings_companies"
[0m18:18:34.027493 [debug] [Thread-3 (]: SQL status: OK in 0.008 seconds
[0m18:18:34.028496 [debug] [Thread-4 (]: SQL status: OK in 0.008 seconds
[0m18:18:34.029492 [debug] [Thread-2 (]: On model.hubspot_analytics.stg_assoc__meetings_companies: /* {"app": "dbt", "dbt_version": "1.12.0", "profile_name": "hubspot_analytics", "target_name": "dev", "node_id": "model.hubspot_analytics.stg_assoc__meetings_companies"} */
alter view "analytics"."main_staging"."stg_assoc__meetings_companies" rename to "stg_assoc__meetings_companies__dbt_backup"
[0m18:18:34.033495 [debug] [Thread-3 (]: Using duckdb connection "model.hubspot_analytics.stg_assoc__meetings_contacts"
[0m18:18:34.037505 [debug] [Thread-4 (]: Using duckdb connection "model.hubspot_analytics.stg_assoc__meetings_deals"
[0m18:18:34.039504 [debug] [Thread-2 (]: SQL status: OK in 0.000 seconds
[0m18:18:34.040506 [debug] [Thread-3 (]: On model.hubspot_analytics.stg_assoc__meetings_contacts: /* {"app": "dbt", "dbt_version": "1.12.0", "profile_name": "hubspot_analytics", "target_name": "dev", "node_id": "model.hubspot_analytics.stg_assoc__meetings_contacts"} */
alter view "analytics"."main_staging"."stg_assoc__meetings_contacts" rename to "stg_assoc__meetings_contacts__dbt_backup"
[0m18:18:34.042570 [debug] [Thread-4 (]: On model.hubspot_analytics.stg_assoc__meetings_deals: /* {"app": "dbt", "dbt_version": "1.12.0", "profile_name": "hubspot_analytics", "target_name": "dev", "node_id": "model.hubspot_analytics.stg_assoc__meetings_deals"} */
alter view "analytics"."main_staging"."stg_assoc__meetings_deals" rename to "stg_assoc__meetings_deals__dbt_backup"
[0m18:18:34.046568 [debug] [Thread-2 (]: Using duckdb connection "model.hubspot_analytics.stg_assoc__meetings_companies"
[0m18:18:34.049636 [debug] [Thread-3 (]: SQL status: OK in 0.001 seconds
[0m18:18:34.050637 [debug] [Thread-4 (]: SQL status: OK in 0.001 seconds
[0m18:18:34.050637 [debug] [Thread-2 (]: On model.hubspot_analytics.stg_assoc__meetings_companies: /* {"app": "dbt", "dbt_version": "1.12.0", "profile_name": "hubspot_analytics", "target_name": "dev", "node_id": "model.hubspot_analytics.stg_assoc__meetings_companies"} */
alter view "analytics"."main_staging"."stg_assoc__meetings_companies__dbt_tmp" rename to "stg_assoc__meetings_companies"
[0m18:18:34.053636 [debug] [Thread-3 (]: Using duckdb connection "model.hubspot_analytics.stg_assoc__meetings_contacts"
[0m18:18:34.054640 [debug] [Thread-1 (]: SQL status: OK in 0.043 seconds
[0m18:18:34.057636 [debug] [Thread-4 (]: Using duckdb connection "model.hubspot_analytics.stg_assoc__meetings_deals"
[0m18:18:34.059454 [debug] [Thread-2 (]: SQL status: OK in 0.001 seconds
[0m18:18:34.060691 [debug] [Thread-3 (]: On model.hubspot_analytics.stg_assoc__meetings_contacts: /* {"app": "dbt", "dbt_version": "1.12.0", "profile_name": "hubspot_analytics", "target_name": "dev", "node_id": "model.hubspot_analytics.stg_assoc__meetings_contacts"} */
alter view "analytics"."main_staging"."stg_assoc__meetings_contacts__dbt_tmp" rename to "stg_assoc__meetings_contacts"
[0m18:18:34.063690 [debug] [Thread-1 (]: Using duckdb connection "model.hubspot_analytics.stg_assoc__deals_contacts"
[0m18:18:34.064703 [debug] [Thread-4 (]: On model.hubspot_analytics.stg_assoc__meetings_deals: /* {"app": "dbt", "dbt_version": "1.12.0", "profile_name": "hubspot_analytics", "target_name": "dev", "node_id": "model.hubspot_analytics.stg_assoc__meetings_deals"} */
alter view "analytics"."main_staging"."stg_assoc__meetings_deals__dbt_tmp" rename to "stg_assoc__meetings_deals"
[0m18:18:34.068691 [debug] [Thread-2 (]: On model.hubspot_analytics.stg_assoc__meetings_companies: COMMIT
[0m18:18:34.070690 [debug] [Thread-1 (]: On model.hubspot_analytics.stg_assoc__deals_contacts: /* {"app": "dbt", "dbt_version": "1.12.0", "profile_name": "hubspot_analytics", "target_name": "dev", "node_id": "model.hubspot_analytics.stg_assoc__deals_contacts"} */
alter view "analytics"."main_staging"."stg_assoc__deals_contacts" rename to "stg_assoc__deals_contacts__dbt_backup"
[0m18:18:34.070690 [debug] [Thread-3 (]: SQL status: OK in 0.001 seconds
[0m18:18:34.071690 [debug] [Thread-4 (]: SQL status: OK in 0.000 seconds
[0m18:18:34.072690 [debug] [Thread-2 (]: Using duckdb connection "model.hubspot_analytics.stg_assoc__meetings_companies"
[0m18:18:34.075860 [debug] [Thread-3 (]: On model.hubspot_analytics.stg_assoc__meetings_contacts: COMMIT
[0m18:18:34.076826 [debug] [Thread-1 (]: SQL status: OK in 0.003 seconds
[0m18:18:34.078826 [debug] [Thread-4 (]: On model.hubspot_analytics.stg_assoc__meetings_deals: COMMIT
[0m18:18:34.079826 [debug] [Thread-2 (]: On model.hubspot_analytics.stg_assoc__meetings_companies: COMMIT
[0m18:18:34.080858 [debug] [Thread-3 (]: Using duckdb connection "model.hubspot_analytics.stg_assoc__meetings_contacts"
[0m18:18:34.083839 [debug] [Thread-1 (]: Using duckdb connection "model.hubspot_analytics.stg_assoc__deals_contacts"
[0m18:18:34.084826 [debug] [Thread-4 (]: Using duckdb connection "model.hubspot_analytics.stg_assoc__meetings_deals"
[0m18:18:34.086827 [debug] [Thread-3 (]: On model.hubspot_analytics.stg_assoc__meetings_contacts: COMMIT
[0m18:18:34.087825 [debug] [Thread-1 (]: On model.hubspot_analytics.stg_assoc__deals_contacts: /* {"app": "dbt", "dbt_version": "1.12.0", "profile_name": "hubspot_analytics", "target_name": "dev", "node_id": "model.hubspot_analytics.stg_assoc__deals_contacts"} */
alter view "analytics"."main_staging"."stg_assoc__deals_contacts__dbt_tmp" rename to "stg_assoc__deals_contacts"
[0m18:18:34.088823 [debug] [Thread-4 (]: On model.hubspot_analytics.stg_assoc__meetings_deals: COMMIT
[0m18:18:34.088823 [debug] [Thread-1 (]: SQL status: OK in 0.001 seconds
[0m18:18:34.093521 [debug] [Thread-2 (]: SQL status: OK in 0.007 seconds
[0m18:18:34.095519 [debug] [Thread-1 (]: On model.hubspot_analytics.stg_assoc__deals_contacts: COMMIT
[0m18:18:34.095519 [debug] [Thread-3 (]: SQL status: OK in 0.006 seconds
[0m18:18:34.098537 [debug] [Thread-2 (]: Using duckdb connection "model.hubspot_analytics.stg_assoc__meetings_companies"
[0m18:18:34.099519 [debug] [Thread-4 (]: SQL status: OK in 0.007 seconds
[0m18:18:34.099519 [debug] [Thread-1 (]: Using duckdb connection "model.hubspot_analytics.stg_assoc__deals_contacts"
[0m18:18:34.102534 [debug] [Thread-3 (]: Using duckdb connection "model.hubspot_analytics.stg_assoc__meetings_contacts"
[0m18:18:34.103521 [debug] [Thread-2 (]: On model.hubspot_analytics.stg_assoc__meetings_companies: /* {"app": "dbt", "dbt_version": "1.12.0", "profile_name": "hubspot_analytics", "target_name": "dev", "node_id": "model.hubspot_analytics.stg_assoc__meetings_companies"} */

      drop view if exists "analytics"."main_staging"."stg_assoc__meetings_companies__dbt_backup" cascade
    
[0m18:18:34.105535 [debug] [Thread-4 (]: Using duckdb connection "model.hubspot_analytics.stg_assoc__meetings_deals"
[0m18:18:34.108125 [debug] [Thread-1 (]: On model.hubspot_analytics.stg_assoc__deals_contacts: COMMIT
[0m18:18:34.110136 [debug] [Thread-3 (]: On model.hubspot_analytics.stg_assoc__meetings_contacts: /* {"app": "dbt", "dbt_version": "1.12.0", "profile_name": "hubspot_analytics", "target_name": "dev", "node_id": "model.hubspot_analytics.stg_assoc__meetings_contacts"} */

      drop view if exists "analytics"."main_staging"."stg_assoc__meetings_contacts__dbt_backup" cascade
    
[0m18:18:34.112136 [debug] [Thread-4 (]: On model.hubspot_analytics.stg_assoc__meetings_deals: /* {"app": "dbt", "dbt_version": "1.12.0", "profile_name": "hubspot_analytics", "target_name": "dev", "node_id": "model.hubspot_analytics.stg_assoc__meetings_deals"} */

      drop view if exists "analytics"."main_staging"."stg_assoc__meetings_deals__dbt_backup" cascade
    
[0m18:18:34.113136 [debug] [Thread-2 (]: SQL status: OK in 0.002 seconds
[0m18:18:34.116139 [debug] [Thread-2 (]: On model.hubspot_analytics.stg_assoc__meetings_companies: Close
[0m18:18:34.117136 [debug] [Thread-1 (]: SQL status: OK in 0.003 seconds
[0m18:18:34.118136 [debug] [Thread-2 (]: Sending event: {'category': 'dbt', 'action': 'run_model', 'label': '50196a9f-9b03-4380-a8d4-54b219fe9af3', 'context': [<snowplow_tracker.self_describing_json.SelfDescribingJson object at 0x000001A606132E90>]}
[0m18:18:34.118136 [debug] [Thread-4 (]: SQL status: OK in 0.004 seconds
[0m18:18:34.121135 [debug] [Thread-1 (]: Using duckdb connection "model.hubspot_analytics.stg_assoc__deals_contacts"
[0m18:18:34.121135 [debug] [Thread-3 (]: SQL status: OK in 0.007 seconds
[0m18:18:34.122134 [info ] [Thread-2 (]: 6 of 43 OK created sql view model main_staging.stg_assoc__meetings_companies ... [[32mOK[0m in 0.18s]
[0m18:18:34.124809 [debug] [Thread-4 (]: On model.hubspot_analytics.stg_assoc__meetings_deals: Close
[0m18:18:34.126822 [debug] [Thread-1 (]: On model.hubspot_analytics.stg_assoc__deals_contacts: /* {"app": "dbt", "dbt_version": "1.12.0", "profile_name": "hubspot_analytics", "target_name": "dev", "node_id": "model.hubspot_analytics.stg_assoc__deals_contacts"} */

      drop view if exists "analytics"."main_staging"."stg_assoc__deals_contacts__dbt_backup" cascade
    
[0m18:18:34.129817 [debug] [Thread-3 (]: On model.hubspot_analytics.stg_assoc__meetings_contacts: Close
[0m18:18:34.130818 [debug] [Thread-2 (]: Finished running node model.hubspot_analytics.stg_assoc__meetings_companies
[0m18:18:34.131819 [debug] [Thread-4 (]: Sending event: {'category': 'dbt', 'action': 'run_model', 'label': '50196a9f-9b03-4380-a8d4-54b219fe9af3', 'context': [<snowplow_tracker.self_describing_json.SelfDescribingJson object at 0x000001A606227D10>]}
[0m18:18:34.133836 [debug] [Thread-3 (]: Sending event: {'category': 'dbt', 'action': 'run_model', 'label': '50196a9f-9b03-4380-a8d4-54b219fe9af3', 'context': [<snowplow_tracker.self_describing_json.SelfDescribingJson object at 0x000001A6041E0610>]}
[0m18:18:34.134829 [debug] [Thread-2 (]: Began running node model.hubspot_analytics.stg_hubspot__calls
[0m18:18:34.135830 [debug] [Thread-1 (]: SQL status: OK in 0.003 seconds
[0m18:18:34.136829 [info ] [Thread-4 (]: 8 of 43 OK created sql view model main_staging.stg_assoc__meetings_deals ....... [[32mOK[0m in 0.18s]
[0m18:18:34.137828 [info ] [Thread-3 (]: 7 of 43 OK created sql view model main_staging.stg_assoc__meetings_contacts .... [[32mOK[0m in 0.20s]
[0m18:18:34.138828 [info ] [Thread-2 (]: 9 of 43 START sql view model main_staging.stg_hubspot__calls ................... [RUN]
[0m18:18:34.142956 [debug] [Thread-1 (]: On model.hubspot_analytics.stg_assoc__deals_contacts: Close
[0m18:18:34.144959 [debug] [Thread-4 (]: Finished running node model.hubspot_analytics.stg_assoc__meetings_deals
[0m18:18:34.145957 [debug] [Thread-3 (]: Finished running node model.hubspot_analytics.stg_assoc__meetings_contacts
[0m18:18:34.146956 [debug] [Thread-2 (]: Re-using an available connection from the pool (formerly model.hubspot_analytics.stg_assoc__meetings_companies, now model.hubspot_analytics.stg_hubspot__calls)
[0m18:18:34.149475 [debug] [Thread-1 (]: Sending event: {'category': 'dbt', 'action': 'run_model', 'label': '50196a9f-9b03-4380-a8d4-54b219fe9af3', 'context': [<snowplow_tracker.self_describing_json.SelfDescribingJson object at 0x000001A605F703D0>]}
[0m18:18:34.150473 [debug] [Thread-4 (]: Began running node model.hubspot_analytics.stg_hubspot__companies
[0m18:18:34.151473 [debug] [Thread-3 (]: Began running node model.hubspot_analytics.stg_hubspot__contacts
[0m18:18:34.152476 [debug] [Thread-2 (]: Began compiling node model.hubspot_analytics.stg_hubspot__calls
[0m18:18:34.153473 [info ] [Thread-1 (]: 5 of 43 OK created sql view model main_staging.stg_assoc__deals_contacts ....... [[32mOK[0m in 0.22s]
[0m18:18:34.154474 [info ] [Thread-4 (]: 10 of 43 START sql view model main_staging.stg_hubspot__companies .............. [RUN]
[0m18:18:34.155475 [info ] [Thread-3 (]: 11 of 43 START sql view model main_staging.stg_hubspot__contacts ............... [RUN]
[0m18:18:34.160139 [debug] [Thread-2 (]: Writing injected SQL for node "model.hubspot_analytics.stg_hubspot__calls"
[0m18:18:34.163130 [debug] [Thread-1 (]: Finished running node model.hubspot_analytics.stg_assoc__deals_contacts
[0m18:18:34.165132 [debug] [Thread-4 (]: Re-using an available connection from the pool (formerly model.hubspot_analytics.stg_assoc__meetings_deals, now model.hubspot_analytics.stg_hubspot__companies)
[0m18:18:34.166131 [debug] [Thread-3 (]: Re-using an available connection from the pool (formerly model.hubspot_analytics.stg_assoc__meetings_contacts, now model.hubspot_analytics.stg_hubspot__contacts)
[0m18:18:34.169135 [debug] [Thread-1 (]: Began running node model.hubspot_analytics.stg_hubspot__deals
[0m18:18:34.170137 [debug] [Thread-4 (]: Began compiling node model.hubspot_analytics.stg_hubspot__companies
[0m18:18:34.172130 [debug] [Thread-3 (]: Began compiling node model.hubspot_analytics.stg_hubspot__contacts
[0m18:18:34.172130 [debug] [Thread-2 (]: Began executing node model.hubspot_analytics.stg_hubspot__calls
[0m18:18:34.174795 [info ] [Thread-1 (]: 12 of 43 START sql view model main_staging.stg_hubspot__deals .................. [RUN]
[0m18:18:34.181805 [debug] [Thread-4 (]: Writing injected SQL for node "model.hubspot_analytics.stg_hubspot__companies"
[0m18:18:34.188809 [debug] [Thread-3 (]: Writing injected SQL for node "model.hubspot_analytics.stg_hubspot__contacts"
[0m18:18:34.195403 [debug] [Thread-2 (]: Writing runtime sql for node "model.hubspot_analytics.stg_hubspot__calls"
[0m18:18:34.198407 [debug] [Thread-1 (]: Re-using an available connection from the pool (formerly model.hubspot_analytics.stg_assoc__deals_contacts, now model.hubspot_analytics.stg_hubspot__deals)
[0m18:18:34.202404 [debug] [Thread-1 (]: Began compiling node model.hubspot_analytics.stg_hubspot__deals
[0m18:18:34.206406 [debug] [Thread-1 (]: Writing injected SQL for node "model.hubspot_analytics.stg_hubspot__deals"
[0m18:18:34.211800 [debug] [Thread-2 (]: Using duckdb connection "model.hubspot_analytics.stg_hubspot__calls"
[0m18:18:34.213799 [debug] [Thread-4 (]: Began executing node model.hubspot_analytics.stg_hubspot__companies
[0m18:18:34.214800 [debug] [Thread-3 (]: Began executing node model.hubspot_analytics.stg_hubspot__contacts
[0m18:18:34.216799 [debug] [Thread-2 (]: On model.hubspot_analytics.stg_hubspot__calls: BEGIN
[0m18:18:34.223802 [debug] [Thread-1 (]: Began executing node model.hubspot_analytics.stg_hubspot__deals
[0m18:18:34.224799 [debug] [Thread-4 (]: Writing runtime sql for node "model.hubspot_analytics.stg_hubspot__companies"
[0m18:18:34.231801 [debug] [Thread-3 (]: Writing runtime sql for node "model.hubspot_analytics.stg_hubspot__contacts"
[0m18:18:34.231801 [debug] [Thread-2 (]: Opening a new connection, currently in state closed
[0m18:18:34.246510 [debug] [Thread-1 (]: Writing runtime sql for node "model.hubspot_analytics.stg_hubspot__deals"
[0m18:18:34.250028 [debug] [Thread-2 (]: SQL status: OK in 0.016 seconds
[0m18:18:34.253028 [debug] [Thread-2 (]: Using duckdb connection "model.hubspot_analytics.stg_hubspot__calls"
[0m18:18:34.254031 [debug] [Thread-4 (]: Using duckdb connection "model.hubspot_analytics.stg_hubspot__companies"
[0m18:18:34.255028 [debug] [Thread-2 (]: On model.hubspot_analytics.stg_hubspot__calls: /* {"app": "dbt", "dbt_version": "1.12.0", "profile_name": "hubspot_analytics", "target_name": "dev", "node_id": "model.hubspot_analytics.stg_hubspot__calls"} */

  
  create view "analytics"."main_staging"."stg_hubspot__calls__dbt_tmp" as (
    

with raw as (

    select *
    from read_json_auto(
        'data/raw/hubspot/calls/*.jsonl',
        union_by_name = true
    )

),

dedup as (

    select *,
           row_number() over (
               partition by id
               order by load_ts desc
           ) as _rn
    from raw

)

select
    cast(id as bigint)                                  as call_id,
    try_cast(hubspot_owner_id as bigint)                    as owner_id,
    hs_call_title                                       as title,
    hs_call_direction                                   as direction,
    hs_call_disposition                                 as disposition,
    hs_call_status                                      as status,
    try_cast(hs_call_duration as integer)               as duration_ms,
    try_cast(hs_timestamp as timestamp)                     as occurred_at,
    try_cast(hs_createdate as timestamp)                    as created_at,
    try_cast(hs_lastmodifieddate as timestamp)              as updated_at,
    try_cast(load_ts as timestamp)                          as _loaded_at
from dedup
where _rn = 1
  );

[0m18:18:34.256032 [debug] [Thread-3 (]: Using duckdb connection "model.hubspot_analytics.stg_hubspot__contacts"
[0m18:18:34.256032 [debug] [Thread-1 (]: Using duckdb connection "model.hubspot_analytics.stg_hubspot__deals"
[0m18:18:34.258133 [debug] [Thread-4 (]: On model.hubspot_analytics.stg_hubspot__companies: BEGIN
[0m18:18:34.262152 [debug] [Thread-3 (]: On model.hubspot_analytics.stg_hubspot__contacts: BEGIN
[0m18:18:34.264148 [debug] [Thread-1 (]: On model.hubspot_analytics.stg_hubspot__deals: BEGIN
[0m18:18:34.266148 [debug] [Thread-4 (]: Opening a new connection, currently in state closed
[0m18:18:34.268149 [debug] [Thread-3 (]: Opening a new connection, currently in state closed
[0m18:18:34.269146 [debug] [Thread-1 (]: Opening a new connection, currently in state closed
[0m18:18:34.272147 [debug] [Thread-4 (]: SQL status: OK in 0.006 seconds
[0m18:18:34.274146 [debug] [Thread-3 (]: SQL status: OK in 0.007 seconds
[0m18:18:34.276145 [debug] [Thread-1 (]: SQL status: OK in 0.007 seconds
[0m18:18:34.278144 [debug] [Thread-4 (]: Using duckdb connection "model.hubspot_analytics.stg_hubspot__companies"
[0m18:18:34.279141 [debug] [Thread-3 (]: Using duckdb connection "model.hubspot_analytics.stg_hubspot__contacts"
[0m18:18:34.280141 [debug] [Thread-1 (]: Using duckdb connection "model.hubspot_analytics.stg_hubspot__deals"
[0m18:18:34.282140 [debug] [Thread-4 (]: On model.hubspot_analytics.stg_hubspot__companies: /* {"app": "dbt", "dbt_version": "1.12.0", "profile_name": "hubspot_analytics", "target_name": "dev", "node_id": "model.hubspot_analytics.stg_hubspot__companies"} */

  
  create view "analytics"."main_staging"."stg_hubspot__companies__dbt_tmp" as (
    

with raw as (

    select *
    from read_json_auto(
        'data/raw/hubspot/companies/*.jsonl',
        union_by_name = true
    )

),

dedup as (

    select *,
           row_number() over (partition by id order by load_ts desc) as _rn
    from raw

)

select
    cast(id as bigint)                          as company_id,
    name                                        as company_name,
    domain,
    try_cast(hubspot_owner_id as bigint)        as owner_id,
    try_cast(createdate as timestamp)           as created_at,
    try_cast(hs_lastmodifieddate as timestamp)  as updated_at,
    try_cast(load_ts as timestamp)              as _loaded_at
from dedup
where _rn = 1
  );

[0m18:18:34.283141 [debug] [Thread-3 (]: On model.hubspot_analytics.stg_hubspot__contacts: /* {"app": "dbt", "dbt_version": "1.12.0", "profile_name": "hubspot_analytics", "target_name": "dev", "node_id": "model.hubspot_analytics.stg_hubspot__contacts"} */

  
  create view "analytics"."main_staging"."stg_hubspot__contacts__dbt_tmp" as (
    

with raw as (

    select *
    from read_json_auto(
        'data/raw/hubspot/contacts/*.jsonl',
        union_by_name = true
    )

),

dedup as (

    select *,
           row_number() over (
               partition by id
               order by load_ts desc
           ) as _rn
    from raw

)

select
    cast(id as bigint)                                  as contact_id,
    email,
    firstname                                           as first_name,
    lastname                                            as last_name,
    phone,
    lifecyclestage                                      as lifecycle_stage,
    hs_lead_status                                      as lead_status,
    try_cast(hubspot_owner_id as bigint)                    as owner_id,
    hs_analytics_source                                 as original_source,
    hs_latest_source                                    as latest_source,
    hs_analytics_source                                 as origem_analytics,
    hs_analytics_source_data_1                          as origem_detalhe_1,
    hs_analytics_source_data_2                          as origem_detalhe_2,
    hs_analytics_first_url                              as primeira_url,
    hs_analytics_last_url                               as ultima_url,
    hs_object_source_label                              as criacao_origem_label,
    hs_object_source_detail_1                           as criacao_detalhe_1,
    hs_object_source_detail_2                           as criacao_detalhe_2,
    hs_object_source_detail_3                           as criacao_detalhe_3,
    hs_clicked_linkedin_ad                              as clicou_linkedin_ad,
    hs_google_click_id                                  as gclid,
    hs_facebook_click_id                                as fbclid,
    utm_source,
    utm_medium,
    utm_campaign,
    utm_content,
    utm_term,
    try_cast(hs_latest_source_timestamp as timestamp)       as latest_source_at,
    try_cast(createdate as timestamp)                       as created_at,
    try_cast(lastmodifieddate as timestamp)                 as updated_at,
    try_cast(load_ts as timestamp)                          as _loaded_at
from dedup
where _rn = 1
  );

[0m18:18:34.284141 [debug] [Thread-1 (]: On model.hubspot_analytics.stg_hubspot__deals: /* {"app": "dbt", "dbt_version": "1.12.0", "profile_name": "hubspot_analytics", "target_name": "dev", "node_id": "model.hubspot_analytics.stg_hubspot__deals"} */

  
  create view "analytics"."main_staging"."stg_hubspot__deals__dbt_tmp" as (
    

with raw as (

    select *
    from read_json_auto(
        'data/raw/hubspot/deals/*.jsonl',
        union_by_name = true
    )

),

dedup as (

    select *,
           row_number() over (
               partition by id
               order by load_ts desc
           ) as _rn
    from raw

)

select
    cast(id as bigint)                                  as deal_id,
    dealname                                            as deal_name,
    pipeline                                            as pipeline_id,
    dealstage                                           as stage_id,
    try_cast(amount as decimal(15, 2))                  as amount,
    try_cast(hubspot_owner_id as bigint)                    as owner_id,
    dealtype                                            as deal_type,
    try_cast(createdate as timestamp)                       as created_at,
    try_cast(hs_lastmodifieddate as timestamp)              as updated_at,
    try_cast(closedate as timestamp)                        as close_date,
    try_cast(load_ts as timestamp)                          as _loaded_at
from dedup
where _rn = 1
  );

[0m18:18:34.528816 [debug] [Thread-2 (]: SQL status: OK in 0.269 seconds
[0m18:18:34.534829 [debug] [Thread-2 (]: Using duckdb connection "model.hubspot_analytics.stg_hubspot__calls"
[0m18:18:34.535829 [debug] [Thread-2 (]: On model.hubspot_analytics.stg_hubspot__calls: /* {"app": "dbt", "dbt_version": "1.12.0", "profile_name": "hubspot_analytics", "target_name": "dev", "node_id": "model.hubspot_analytics.stg_hubspot__calls"} */
alter view "analytics"."main_staging"."stg_hubspot__calls" rename to "stg_hubspot__calls__dbt_backup"
[0m18:18:34.537830 [debug] [Thread-2 (]: SQL status: OK in 0.001 seconds
[0m18:18:34.543523 [debug] [Thread-2 (]: Using duckdb connection "model.hubspot_analytics.stg_hubspot__calls"
[0m18:18:34.545522 [debug] [Thread-2 (]: On model.hubspot_analytics.stg_hubspot__calls: /* {"app": "dbt", "dbt_version": "1.12.0", "profile_name": "hubspot_analytics", "target_name": "dev", "node_id": "model.hubspot_analytics.stg_hubspot__calls"} */
alter view "analytics"."main_staging"."stg_hubspot__calls__dbt_tmp" rename to "stg_hubspot__calls"
[0m18:18:34.547518 [debug] [Thread-2 (]: SQL status: OK in 0.001 seconds
[0m18:18:34.552033 [debug] [Thread-2 (]: On model.hubspot_analytics.stg_hubspot__calls: COMMIT
[0m18:18:34.553033 [debug] [Thread-2 (]: Using duckdb connection "model.hubspot_analytics.stg_hubspot__calls"
[0m18:18:34.555034 [debug] [Thread-2 (]: On model.hubspot_analytics.stg_hubspot__calls: COMMIT
[0m18:18:34.574859 [debug] [Thread-2 (]: SQL status: OK in 0.019 seconds
[0m18:18:34.579869 [debug] [Thread-2 (]: Using duckdb connection "model.hubspot_analytics.stg_hubspot__calls"
[0m18:18:34.580869 [debug] [Thread-2 (]: On model.hubspot_analytics.stg_hubspot__calls: /* {"app": "dbt", "dbt_version": "1.12.0", "profile_name": "hubspot_analytics", "target_name": "dev", "node_id": "model.hubspot_analytics.stg_hubspot__calls"} */

      drop view if exists "analytics"."main_staging"."stg_hubspot__calls__dbt_backup" cascade
    
[0m18:18:34.586868 [debug] [Thread-2 (]: SQL status: OK in 0.005 seconds
[0m18:18:34.589867 [debug] [Thread-2 (]: On model.hubspot_analytics.stg_hubspot__calls: Close
[0m18:18:34.592553 [debug] [Thread-2 (]: Sending event: {'category': 'dbt', 'action': 'run_model', 'label': '50196a9f-9b03-4380-a8d4-54b219fe9af3', 'context': [<snowplow_tracker.self_describing_json.SelfDescribingJson object at 0x000001A60479CB90>]}
[0m18:18:34.594555 [info ] [Thread-2 (]: 9 of 43 OK created sql view model main_staging.stg_hubspot__calls .............. [[32mOK[0m in 0.44s]
[0m18:18:34.597546 [debug] [Thread-2 (]: Finished running node model.hubspot_analytics.stg_hubspot__calls
[0m18:18:34.598548 [debug] [Thread-2 (]: Began running node model.hubspot_analytics.stg_hubspot__meetings
[0m18:18:34.600550 [info ] [Thread-2 (]: 13 of 43 START sql view model main_staging.stg_hubspot__meetings ............... [RUN]
[0m18:18:34.602550 [debug] [Thread-2 (]: Re-using an available connection from the pool (formerly model.hubspot_analytics.stg_hubspot__calls, now model.hubspot_analytics.stg_hubspot__meetings)
[0m18:18:34.603552 [debug] [Thread-2 (]: Began compiling node model.hubspot_analytics.stg_hubspot__meetings
[0m18:18:34.608551 [debug] [Thread-2 (]: Writing injected SQL for node "model.hubspot_analytics.stg_hubspot__meetings"
[0m18:18:34.616547 [debug] [Thread-2 (]: Began executing node model.hubspot_analytics.stg_hubspot__meetings
[0m18:18:34.622547 [debug] [Thread-2 (]: Writing runtime sql for node "model.hubspot_analytics.stg_hubspot__meetings"
[0m18:18:34.624812 [debug] [Thread-4 (]: SQL status: OK in 0.339 seconds
[0m18:18:34.632820 [debug] [Thread-4 (]: Using duckdb connection "model.hubspot_analytics.stg_hubspot__companies"
[0m18:18:34.634826 [debug] [Thread-1 (]: SQL status: OK in 0.346 seconds
[0m18:18:34.635826 [debug] [Thread-4 (]: On model.hubspot_analytics.stg_hubspot__companies: /* {"app": "dbt", "dbt_version": "1.12.0", "profile_name": "hubspot_analytics", "target_name": "dev", "node_id": "model.hubspot_analytics.stg_hubspot__companies"} */
alter view "analytics"."main_staging"."stg_hubspot__companies" rename to "stg_hubspot__companies__dbt_backup"
[0m18:18:34.638831 [debug] [Thread-1 (]: Using duckdb connection "model.hubspot_analytics.stg_hubspot__deals"
[0m18:18:34.641505 [debug] [Thread-2 (]: Using duckdb connection "model.hubspot_analytics.stg_hubspot__meetings"
[0m18:18:34.644522 [debug] [Thread-4 (]: SQL status: OK in 0.001 seconds
[0m18:18:34.645518 [debug] [Thread-1 (]: On model.hubspot_analytics.stg_hubspot__deals: /* {"app": "dbt", "dbt_version": "1.12.0", "profile_name": "hubspot_analytics", "target_name": "dev", "node_id": "model.hubspot_analytics.stg_hubspot__deals"} */
alter view "analytics"."main_staging"."stg_hubspot__deals" rename to "stg_hubspot__deals__dbt_backup"
[0m18:18:34.647514 [debug] [Thread-2 (]: On model.hubspot_analytics.stg_hubspot__meetings: BEGIN
[0m18:18:34.651035 [debug] [Thread-4 (]: Using duckdb connection "model.hubspot_analytics.stg_hubspot__companies"
[0m18:18:34.653040 [debug] [Thread-1 (]: SQL status: OK in 0.001 seconds
[0m18:18:34.654033 [debug] [Thread-2 (]: Opening a new connection, currently in state closed
[0m18:18:34.655031 [debug] [Thread-4 (]: On model.hubspot_analytics.stg_hubspot__companies: /* {"app": "dbt", "dbt_version": "1.12.0", "profile_name": "hubspot_analytics", "target_name": "dev", "node_id": "model.hubspot_analytics.stg_hubspot__companies"} */
alter view "analytics"."main_staging"."stg_hubspot__companies__dbt_tmp" rename to "stg_hubspot__companies"
[0m18:18:34.660038 [debug] [Thread-1 (]: Using duckdb connection "model.hubspot_analytics.stg_hubspot__deals"
[0m18:18:34.662031 [debug] [Thread-2 (]: SQL status: OK in 0.009 seconds
[0m18:18:34.664030 [debug] [Thread-1 (]: On model.hubspot_analytics.stg_hubspot__deals: /* {"app": "dbt", "dbt_version": "1.12.0", "profile_name": "hubspot_analytics", "target_name": "dev", "node_id": "model.hubspot_analytics.stg_hubspot__deals"} */
alter view "analytics"."main_staging"."stg_hubspot__deals__dbt_tmp" rename to "stg_hubspot__deals"
[0m18:18:34.665030 [debug] [Thread-4 (]: SQL status: OK in 0.001 seconds
[0m18:18:34.666030 [debug] [Thread-2 (]: Using duckdb connection "model.hubspot_analytics.stg_hubspot__meetings"
[0m18:18:34.668030 [debug] [Thread-1 (]: SQL status: OK in 0.001 seconds
[0m18:18:34.671031 [debug] [Thread-4 (]: On model.hubspot_analytics.stg_hubspot__companies: COMMIT
[0m18:18:34.673031 [debug] [Thread-2 (]: On model.hubspot_analytics.stg_hubspot__meetings: /* {"app": "dbt", "dbt_version": "1.12.0", "profile_name": "hubspot_analytics", "target_name": "dev", "node_id": "model.hubspot_analytics.stg_hubspot__meetings"} */

  
  create view "analytics"."main_staging"."stg_hubspot__meetings__dbt_tmp" as (
    

with raw as (

    select *
    from read_json_auto(
        'data/raw/hubspot/meetings/*.jsonl',
        union_by_name = true
    )

),

dedup as (

    select *,
           row_number() over (
               partition by id
               order by load_ts desc
           ) as _rn
    from raw

)

select
    cast(id as bigint)                                  as meeting_id,
    try_cast(hubspot_owner_id as bigint)                    as owner_id,
    hs_meeting_title                                    as title,
    hs_meeting_outcome                                  as outcome,
    hs_meeting_location                                 as location,
    try_cast(hs_meeting_start_time as timestamp)            as starts_at,
    try_cast(hs_meeting_end_time as timestamp)              as ends_at,
    try_cast(hs_timestamp as timestamp)                     as occurred_at,
    try_cast(hs_createdate as timestamp)                    as created_at,
    try_cast(hs_lastmodifieddate as timestamp)              as updated_at,
    try_cast(load_ts as timestamp)                          as _loaded_at
from dedup
where _rn = 1
  );

[0m18:18:34.676035 [debug] [Thread-1 (]: On model.hubspot_analytics.stg_hubspot__deals: COMMIT
[0m18:18:34.678036 [debug] [Thread-4 (]: Using duckdb connection "model.hubspot_analytics.stg_hubspot__companies"
[0m18:18:34.680034 [debug] [Thread-1 (]: Using duckdb connection "model.hubspot_analytics.stg_hubspot__deals"
[0m18:18:34.682035 [debug] [Thread-4 (]: On model.hubspot_analytics.stg_hubspot__companies: COMMIT
[0m18:18:34.683037 [debug] [Thread-1 (]: On model.hubspot_analytics.stg_hubspot__deals: COMMIT
[0m18:18:34.694470 [debug] [Thread-4 (]: SQL status: OK in 0.010 seconds
[0m18:18:34.698472 [debug] [Thread-4 (]: Using duckdb connection "model.hubspot_analytics.stg_hubspot__companies"
[0m18:18:34.699471 [debug] [Thread-1 (]: SQL status: OK in 0.013 seconds
[0m18:18:34.700478 [debug] [Thread-4 (]: On model.hubspot_analytics.stg_hubspot__companies: /* {"app": "dbt", "dbt_version": "1.12.0", "profile_name": "hubspot_analytics", "target_name": "dev", "node_id": "model.hubspot_analytics.stg_hubspot__companies"} */

      drop view if exists "analytics"."main_staging"."stg_hubspot__companies__dbt_backup" cascade
    
[0m18:18:34.705470 [debug] [Thread-1 (]: Using duckdb connection "model.hubspot_analytics.stg_hubspot__deals"
[0m18:18:34.705470 [debug] [Thread-2 (]: SQL status: OK in 0.027 seconds
[0m18:18:34.709201 [debug] [Thread-1 (]: On model.hubspot_analytics.stg_hubspot__deals: /* {"app": "dbt", "dbt_version": "1.12.0", "profile_name": "hubspot_analytics", "target_name": "dev", "node_id": "model.hubspot_analytics.stg_hubspot__deals"} */

      drop view if exists "analytics"."main_staging"."stg_hubspot__deals__dbt_backup" cascade
    
[0m18:18:34.714198 [debug] [Thread-2 (]: Using duckdb connection "model.hubspot_analytics.stg_hubspot__meetings"
[0m18:18:34.715199 [debug] [Thread-4 (]: SQL status: OK in 0.007 seconds
[0m18:18:34.718197 [debug] [Thread-2 (]: On model.hubspot_analytics.stg_hubspot__meetings: /* {"app": "dbt", "dbt_version": "1.12.0", "profile_name": "hubspot_analytics", "target_name": "dev", "node_id": "model.hubspot_analytics.stg_hubspot__meetings"} */
alter view "analytics"."main_staging"."stg_hubspot__meetings" rename to "stg_hubspot__meetings__dbt_backup"
[0m18:18:34.721197 [debug] [Thread-4 (]: On model.hubspot_analytics.stg_hubspot__companies: Close
[0m18:18:34.722200 [debug] [Thread-2 (]: SQL status: OK in 0.001 seconds
[0m18:18:34.722200 [debug] [Thread-1 (]: SQL status: OK in 0.007 seconds
[0m18:18:34.724795 [debug] [Thread-4 (]: Sending event: {'category': 'dbt', 'action': 'run_model', 'label': '50196a9f-9b03-4380-a8d4-54b219fe9af3', 'context': [<snowplow_tracker.self_describing_json.SelfDescribingJson object at 0x000001A606247910>]}
[0m18:18:34.728804 [debug] [Thread-2 (]: Using duckdb connection "model.hubspot_analytics.stg_hubspot__meetings"
[0m18:18:34.731809 [debug] [Thread-1 (]: On model.hubspot_analytics.stg_hubspot__deals: Close
[0m18:18:34.732806 [info ] [Thread-4 (]: 10 of 43 OK created sql view model main_staging.stg_hubspot__companies ......... [[32mOK[0m in 0.56s]
[0m18:18:34.734818 [debug] [Thread-2 (]: On model.hubspot_analytics.stg_hubspot__meetings: /* {"app": "dbt", "dbt_version": "1.12.0", "profile_name": "hubspot_analytics", "target_name": "dev", "node_id": "model.hubspot_analytics.stg_hubspot__meetings"} */
alter view "analytics"."main_staging"."stg_hubspot__meetings__dbt_tmp" rename to "stg_hubspot__meetings"
[0m18:18:34.735816 [debug] [Thread-1 (]: Sending event: {'category': 'dbt', 'action': 'run_model', 'label': '50196a9f-9b03-4380-a8d4-54b219fe9af3', 'context': [<snowplow_tracker.self_describing_json.SelfDescribingJson object at 0x000001A606245410>]}
[0m18:18:34.737817 [debug] [Thread-4 (]: Finished running node model.hubspot_analytics.stg_hubspot__companies
[0m18:18:34.738818 [debug] [Thread-2 (]: SQL status: OK in 0.002 seconds
[0m18:18:34.738818 [info ] [Thread-1 (]: 12 of 43 OK created sql view model main_staging.stg_hubspot__deals ............. [[32mOK[0m in 0.54s]
[0m18:18:34.742398 [debug] [Thread-4 (]: Began running node model.hubspot_analytics.assoc_deal_company
[0m18:18:34.746395 [debug] [Thread-2 (]: On model.hubspot_analytics.stg_hubspot__meetings: COMMIT
[0m18:18:34.748908 [debug] [Thread-1 (]: Finished running node model.hubspot_analytics.stg_hubspot__deals
[0m18:18:34.750919 [info ] [Thread-4 (]: 14 of 43 START sql table model main_gold.assoc_deal_company .................... [RUN]
[0m18:18:34.752919 [debug] [Thread-2 (]: Using duckdb connection "model.hubspot_analytics.stg_hubspot__meetings"
[0m18:18:34.753919 [debug] [Thread-1 (]: Began running node model.hubspot_analytics.assoc_activity_company
[0m18:18:34.754921 [debug] [Thread-4 (]: Re-using an available connection from the pool (formerly model.hubspot_analytics.stg_hubspot__companies, now model.hubspot_analytics.assoc_deal_company)
[0m18:18:34.755919 [debug] [Thread-2 (]: On model.hubspot_analytics.stg_hubspot__meetings: COMMIT
[0m18:18:34.755919 [info ] [Thread-1 (]: 15 of 43 START sql table model main_gold.assoc_activity_company ................ [RUN]
[0m18:18:34.759683 [debug] [Thread-4 (]: Began compiling node model.hubspot_analytics.assoc_deal_company
[0m18:18:34.763090 [debug] [Thread-1 (]: Re-using an available connection from the pool (formerly model.hubspot_analytics.stg_hubspot__deals, now model.hubspot_analytics.assoc_activity_company)
[0m18:18:34.765102 [debug] [Thread-2 (]: SQL status: OK in 0.003 seconds
[0m18:18:34.770104 [debug] [Thread-4 (]: Writing injected SQL for node "model.hubspot_analytics.assoc_deal_company"
[0m18:18:34.772103 [debug] [Thread-1 (]: Began compiling node model.hubspot_analytics.assoc_activity_company
[0m18:18:34.775104 [debug] [Thread-2 (]: Using duckdb connection "model.hubspot_analytics.stg_hubspot__meetings"
[0m18:18:34.781806 [debug] [Thread-1 (]: Writing injected SQL for node "model.hubspot_analytics.assoc_activity_company"
[0m18:18:34.781806 [debug] [Thread-2 (]: On model.hubspot_analytics.stg_hubspot__meetings: /* {"app": "dbt", "dbt_version": "1.12.0", "profile_name": "hubspot_analytics", "target_name": "dev", "node_id": "model.hubspot_analytics.stg_hubspot__meetings"} */

      drop view if exists "analytics"."main_staging"."stg_hubspot__meetings__dbt_backup" cascade
    
[0m18:18:34.781806 [debug] [Thread-4 (]: Began executing node model.hubspot_analytics.assoc_deal_company
[0m18:18:34.781806 [debug] [Thread-2 (]: SQL status: OK in 0.003 seconds
[0m18:18:34.821114 [debug] [Thread-4 (]: Writing runtime sql for node "model.hubspot_analytics.assoc_deal_company"
[0m18:18:34.822114 [debug] [Thread-1 (]: Began executing node model.hubspot_analytics.assoc_activity_company
[0m18:18:34.826118 [debug] [Thread-2 (]: On model.hubspot_analytics.stg_hubspot__meetings: Close
[0m18:18:34.833118 [debug] [Thread-1 (]: Writing runtime sql for node "model.hubspot_analytics.assoc_activity_company"
[0m18:18:34.836130 [debug] [Thread-2 (]: Sending event: {'category': 'dbt', 'action': 'run_model', 'label': '50196a9f-9b03-4380-a8d4-54b219fe9af3', 'context': [<snowplow_tracker.self_describing_json.SelfDescribingJson object at 0x000001A605F6BB90>]}
[0m18:18:34.840132 [debug] [Thread-4 (]: Using duckdb connection "model.hubspot_analytics.assoc_deal_company"
[0m18:18:34.839129 [info ] [Thread-2 (]: 13 of 43 OK created sql view model main_staging.stg_hubspot__meetings .......... [[32mOK[0m in 0.23s]
[0m18:18:34.841130 [debug] [Thread-4 (]: On model.hubspot_analytics.assoc_deal_company: BEGIN
[0m18:18:34.843571 [debug] [Thread-2 (]: Finished running node model.hubspot_analytics.stg_hubspot__meetings
[0m18:18:34.845571 [debug] [Thread-4 (]: Opening a new connection, currently in state closed
[0m18:18:34.847567 [debug] [Thread-1 (]: Using duckdb connection "model.hubspot_analytics.assoc_activity_company"
[0m18:18:34.847567 [debug] [Thread-2 (]: Began running node model.hubspot_analytics.assoc_activity_deal
[0m18:18:34.851100 [debug] [Thread-4 (]: SQL status: OK in 0.005 seconds
[0m18:18:34.852103 [debug] [Thread-1 (]: On model.hubspot_analytics.assoc_activity_company: BEGIN
[0m18:18:34.854098 [info ] [Thread-2 (]: 16 of 43 START sql table model main_gold.assoc_activity_deal ................... [RUN]
[0m18:18:34.856097 [debug] [Thread-4 (]: Using duckdb connection "model.hubspot_analytics.assoc_deal_company"
[0m18:18:34.856097 [debug] [Thread-1 (]: Opening a new connection, currently in state closed
[0m18:18:34.860050 [debug] [Thread-2 (]: Re-using an available connection from the pool (formerly model.hubspot_analytics.stg_hubspot__meetings, now model.hubspot_analytics.assoc_activity_deal)
[0m18:18:34.862053 [debug] [Thread-4 (]: On model.hubspot_analytics.assoc_deal_company: /* {"app": "dbt", "dbt_version": "1.12.0", "profile_name": "hubspot_analytics", "target_name": "dev", "node_id": "model.hubspot_analytics.assoc_deal_company"} */

  
    
    

    create  table
      "analytics"."main_gold"."assoc_deal_company__dbt_tmp"
  
    as (
      

select
    from_id     as deal_id,
    to_id       as company_id,
    assoc_type,
    _loaded_at
from "analytics"."main_staging"."stg_assoc__deals_companies"
    );
  
  
[0m18:18:34.865054 [debug] [Thread-1 (]: SQL status: OK in 0.007 seconds
[0m18:18:34.867053 [debug] [Thread-2 (]: Began compiling node model.hubspot_analytics.assoc_activity_deal
[0m18:18:34.869054 [debug] [Thread-1 (]: Using duckdb connection "model.hubspot_analytics.assoc_activity_company"
[0m18:18:34.875923 [debug] [Thread-2 (]: Writing injected SQL for node "model.hubspot_analytics.assoc_activity_deal"
[0m18:18:34.877924 [debug] [Thread-1 (]: On model.hubspot_analytics.assoc_activity_company: /* {"app": "dbt", "dbt_version": "1.12.0", "profile_name": "hubspot_analytics", "target_name": "dev", "node_id": "model.hubspot_analytics.assoc_activity_company"} */

  
    
    

    create  table
      "analytics"."main_gold"."assoc_activity_company__dbt_tmp"
  
    as (
      

select 'CALL' as engagement_type, from_id as activity_id, to_id as company_id, assoc_type, _loaded_at
from "analytics"."main_staging"."stg_assoc__calls_companies"
union all
select 'MEETING', from_id, to_id, assoc_type, _loaded_at
from "analytics"."main_staging"."stg_assoc__meetings_companies"
    );
  
  
[0m18:18:34.886920 [debug] [Thread-2 (]: Began executing node model.hubspot_analytics.assoc_activity_deal
[0m18:18:34.897570 [debug] [Thread-2 (]: Writing runtime sql for node "model.hubspot_analytics.assoc_activity_deal"
[0m18:18:34.905568 [debug] [Thread-2 (]: Using duckdb connection "model.hubspot_analytics.assoc_activity_deal"
[0m18:18:34.907568 [debug] [Thread-2 (]: On model.hubspot_analytics.assoc_activity_deal: BEGIN
[0m18:18:34.910571 [debug] [Thread-2 (]: Opening a new connection, currently in state closed
[0m18:18:34.913572 [debug] [Thread-2 (]: SQL status: OK in 0.003 seconds
[0m18:18:34.915570 [debug] [Thread-2 (]: Using duckdb connection "model.hubspot_analytics.assoc_activity_deal"
[0m18:18:34.916566 [debug] [Thread-2 (]: On model.hubspot_analytics.assoc_activity_deal: /* {"app": "dbt", "dbt_version": "1.12.0", "profile_name": "hubspot_analytics", "target_name": "dev", "node_id": "model.hubspot_analytics.assoc_activity_deal"} */

  
    
    

    create  table
      "analytics"."main_gold"."assoc_activity_deal__dbt_tmp"
  
    as (
      

select 'CALL' as engagement_type, from_id as activity_id, to_id as deal_id, assoc_type, _loaded_at
from "analytics"."main_staging"."stg_assoc__calls_deals"
union all
select 'MEETING', from_id, to_id, assoc_type, _loaded_at
from "analytics"."main_staging"."stg_assoc__meetings_deals"
    );
  
  
[0m18:18:34.978827 [debug] [Thread-4 (]: SQL status: OK in 0.110 seconds
[0m18:18:34.991495 [debug] [Thread-4 (]: Using duckdb connection "model.hubspot_analytics.assoc_deal_company"
[0m18:18:34.994514 [debug] [Thread-4 (]: On model.hubspot_analytics.assoc_deal_company: /* {"app": "dbt", "dbt_version": "1.12.0", "profile_name": "hubspot_analytics", "target_name": "dev", "node_id": "model.hubspot_analytics.assoc_deal_company"} */

    SELECT index_name
    FROM duckdb_indexes()
    WHERE schema_name = 'main_gold'
      AND table_name = 'assoc_deal_company'
  
[0m18:18:34.996510 [debug] [Thread-1 (]: SQL status: OK in 0.116 seconds
[0m18:18:35.001519 [debug] [Thread-1 (]: Using duckdb connection "model.hubspot_analytics.assoc_activity_company"
[0m18:18:35.002518 [debug] [Thread-1 (]: On model.hubspot_analytics.assoc_activity_company: /* {"app": "dbt", "dbt_version": "1.12.0", "profile_name": "hubspot_analytics", "target_name": "dev", "node_id": "model.hubspot_analytics.assoc_activity_company"} */

    SELECT index_name
    FROM duckdb_indexes()
    WHERE schema_name = 'main_gold'
      AND table_name = 'assoc_activity_company'
  
[0m18:18:35.005513 [debug] [Thread-4 (]: SQL status: OK in 0.007 seconds
[0m18:18:35.005513 [debug] [Thread-1 (]: SQL status: OK in 0.003 seconds
[0m18:18:35.012230 [debug] [Thread-4 (]: Using duckdb connection "model.hubspot_analytics.assoc_deal_company"
[0m18:18:35.016232 [debug] [Thread-1 (]: Using duckdb connection "model.hubspot_analytics.assoc_activity_company"
[0m18:18:35.018230 [debug] [Thread-4 (]: On model.hubspot_analytics.assoc_deal_company: /* {"app": "dbt", "dbt_version": "1.12.0", "profile_name": "hubspot_analytics", "target_name": "dev", "node_id": "model.hubspot_analytics.assoc_deal_company"} */

    SELECT COUNT(*) as remaining_indexes
    FROM duckdb_indexes()
    WHERE schema_name = 'main_gold'
      AND table_name = 'assoc_deal_company'
  
[0m18:18:35.021231 [debug] [Thread-1 (]: On model.hubspot_analytics.assoc_activity_company: /* {"app": "dbt", "dbt_version": "1.12.0", "profile_name": "hubspot_analytics", "target_name": "dev", "node_id": "model.hubspot_analytics.assoc_activity_company"} */

    SELECT COUNT(*) as remaining_indexes
    FROM duckdb_indexes()
    WHERE schema_name = 'main_gold'
      AND table_name = 'assoc_activity_company'
  
[0m18:18:35.025835 [debug] [Thread-4 (]: SQL status: OK in 0.002 seconds
[0m18:18:35.028807 [debug] [Thread-1 (]: SQL status: OK in 0.002 seconds
[0m18:18:35.035819 [debug] [Thread-4 (]: Using duckdb connection "model.hubspot_analytics.assoc_deal_company"
[0m18:18:35.042496 [debug] [Thread-1 (]: Using duckdb connection "model.hubspot_analytics.assoc_activity_company"
[0m18:18:35.045479 [debug] [Thread-4 (]: On model.hubspot_analytics.assoc_deal_company: /* {"app": "dbt", "dbt_version": "1.12.0", "profile_name": "hubspot_analytics", "target_name": "dev", "node_id": "model.hubspot_analytics.assoc_deal_company"} */
alter table "analytics"."main_gold"."assoc_deal_company" rename to "assoc_deal_company__dbt_backup"
[0m18:18:35.047474 [debug] [Thread-1 (]: On model.hubspot_analytics.assoc_activity_company: /* {"app": "dbt", "dbt_version": "1.12.0", "profile_name": "hubspot_analytics", "target_name": "dev", "node_id": "model.hubspot_analytics.assoc_activity_company"} */
alter table "analytics"."main_gold"."assoc_activity_company" rename to "assoc_activity_company__dbt_backup"
[0m18:18:35.051003 [debug] [Thread-4 (]: SQL status: OK in 0.001 seconds
[0m18:18:35.054009 [debug] [Thread-1 (]: SQL status: OK in 0.001 seconds
[0m18:18:35.058126 [debug] [Thread-4 (]: Using duckdb connection "model.hubspot_analytics.assoc_deal_company"
[0m18:18:35.066151 [debug] [Thread-1 (]: Using duckdb connection "model.hubspot_analytics.assoc_activity_company"
[0m18:18:35.068141 [debug] [Thread-2 (]: SQL status: OK in 0.149 seconds
[0m18:18:35.069139 [debug] [Thread-4 (]: On model.hubspot_analytics.assoc_deal_company: /* {"app": "dbt", "dbt_version": "1.12.0", "profile_name": "hubspot_analytics", "target_name": "dev", "node_id": "model.hubspot_analytics.assoc_deal_company"} */
alter table "analytics"."main_gold"."assoc_deal_company__dbt_tmp" rename to "assoc_deal_company"
[0m18:18:35.071142 [debug] [Thread-1 (]: On model.hubspot_analytics.assoc_activity_company: /* {"app": "dbt", "dbt_version": "1.12.0", "profile_name": "hubspot_analytics", "target_name": "dev", "node_id": "model.hubspot_analytics.assoc_activity_company"} */
alter table "analytics"."main_gold"."assoc_activity_company__dbt_tmp" rename to "assoc_activity_company"
[0m18:18:35.074139 [debug] [Thread-2 (]: Using duckdb connection "model.hubspot_analytics.assoc_activity_deal"
[0m18:18:35.076144 [debug] [Thread-4 (]: SQL status: OK in 0.001 seconds
[0m18:18:35.079140 [debug] [Thread-1 (]: SQL status: OK in 0.001 seconds
[0m18:18:35.080147 [debug] [Thread-2 (]: On model.hubspot_analytics.assoc_activity_deal: /* {"app": "dbt", "dbt_version": "1.12.0", "profile_name": "hubspot_analytics", "target_name": "dev", "node_id": "model.hubspot_analytics.assoc_activity_deal"} */

    SELECT index_name
    FROM duckdb_indexes()
    WHERE schema_name = 'main_gold'
      AND table_name = 'assoc_activity_deal'
  
[0m18:18:35.089134 [debug] [Thread-4 (]: On model.hubspot_analytics.assoc_deal_company: COMMIT
[0m18:18:35.094434 [debug] [Thread-1 (]: On model.hubspot_analytics.assoc_activity_company: COMMIT
[0m18:18:35.097427 [debug] [Thread-4 (]: Using duckdb connection "model.hubspot_analytics.assoc_deal_company"
[0m18:18:35.098431 [debug] [Thread-2 (]: SQL status: OK in 0.002 seconds
[0m18:18:35.099428 [debug] [Thread-1 (]: Using duckdb connection "model.hubspot_analytics.assoc_activity_company"
[0m18:18:35.100425 [debug] [Thread-4 (]: On model.hubspot_analytics.assoc_deal_company: COMMIT
[0m18:18:35.102425 [debug] [Thread-2 (]: Using duckdb connection "model.hubspot_analytics.assoc_activity_deal"
[0m18:18:35.103425 [debug] [Thread-1 (]: On model.hubspot_analytics.assoc_activity_company: COMMIT
[0m18:18:35.116080 [debug] [Thread-2 (]: On model.hubspot_analytics.assoc_activity_deal: /* {"app": "dbt", "dbt_version": "1.12.0", "profile_name": "hubspot_analytics", "target_name": "dev", "node_id": "model.hubspot_analytics.assoc_activity_deal"} */

    SELECT COUNT(*) as remaining_indexes
    FROM duckdb_indexes()
    WHERE schema_name = 'main_gold'
      AND table_name = 'assoc_activity_deal'
  
[0m18:18:35.120079 [debug] [Thread-2 (]: SQL status: OK in 0.001 seconds
[0m18:18:35.126809 [debug] [Thread-2 (]: Using duckdb connection "model.hubspot_analytics.assoc_activity_deal"
[0m18:18:35.127810 [debug] [Thread-4 (]: SQL status: OK in 0.013 seconds
[0m18:18:35.128811 [debug] [Thread-2 (]: On model.hubspot_analytics.assoc_activity_deal: /* {"app": "dbt", "dbt_version": "1.12.0", "profile_name": "hubspot_analytics", "target_name": "dev", "node_id": "model.hubspot_analytics.assoc_activity_deal"} */
alter table "analytics"."main_gold"."assoc_activity_deal" rename to "assoc_activity_deal__dbt_backup"
[0m18:18:35.132809 [debug] [Thread-4 (]: Using duckdb connection "model.hubspot_analytics.assoc_deal_company"
[0m18:18:35.134817 [debug] [Thread-4 (]: On model.hubspot_analytics.assoc_deal_company: /* {"app": "dbt", "dbt_version": "1.12.0", "profile_name": "hubspot_analytics", "target_name": "dev", "node_id": "model.hubspot_analytics.assoc_deal_company"} */

      drop table if exists "analytics"."main_gold"."assoc_deal_company__dbt_backup" cascade
    
[0m18:18:35.135820 [debug] [Thread-1 (]: SQL status: OK in 0.018 seconds
[0m18:18:35.136820 [debug] [Thread-2 (]: SQL status: OK in 0.002 seconds
[0m18:18:35.140821 [debug] [Thread-1 (]: Using duckdb connection "model.hubspot_analytics.assoc_activity_company"
[0m18:18:35.141823 [debug] [Thread-4 (]: SQL status: OK in 0.005 seconds
[0m18:18:35.146815 [debug] [Thread-2 (]: Using duckdb connection "model.hubspot_analytics.assoc_activity_deal"
[0m18:18:35.147821 [debug] [Thread-1 (]: On model.hubspot_analytics.assoc_activity_company: /* {"app": "dbt", "dbt_version": "1.12.0", "profile_name": "hubspot_analytics", "target_name": "dev", "node_id": "model.hubspot_analytics.assoc_activity_company"} */

      drop table if exists "analytics"."main_gold"."assoc_activity_company__dbt_backup" cascade
    
[0m18:18:35.150336 [debug] [Thread-4 (]: On model.hubspot_analytics.assoc_deal_company: Close
[0m18:18:35.151338 [debug] [Thread-2 (]: On model.hubspot_analytics.assoc_activity_deal: /* {"app": "dbt", "dbt_version": "1.12.0", "profile_name": "hubspot_analytics", "target_name": "dev", "node_id": "model.hubspot_analytics.assoc_activity_deal"} */
alter table "analytics"."main_gold"."assoc_activity_deal__dbt_tmp" rename to "assoc_activity_deal"
[0m18:18:35.153343 [debug] [Thread-4 (]: Sending event: {'category': 'dbt', 'action': 'run_model', 'label': '50196a9f-9b03-4380-a8d4-54b219fe9af3', 'context': [<snowplow_tracker.self_describing_json.SelfDescribingJson object at 0x000001A606245650>]}
[0m18:18:35.155340 [debug] [Thread-2 (]: SQL status: OK in 0.001 seconds
[0m18:18:35.155340 [debug] [Thread-1 (]: SQL status: OK in 0.004 seconds
[0m18:18:35.158128 [info ] [Thread-4 (]: 14 of 43 OK created sql table model main_gold.assoc_deal_company ............... [[32mOK[0m in 0.40s]
[0m18:18:35.162140 [debug] [Thread-2 (]: On model.hubspot_analytics.assoc_activity_deal: COMMIT
[0m18:18:35.165145 [debug] [Thread-1 (]: On model.hubspot_analytics.assoc_activity_company: Close
[0m18:18:35.166142 [debug] [Thread-4 (]: Finished running node model.hubspot_analytics.assoc_deal_company
[0m18:18:35.167158 [debug] [Thread-2 (]: Using duckdb connection "model.hubspot_analytics.assoc_activity_deal"
[0m18:18:35.169138 [debug] [Thread-1 (]: Sending event: {'category': 'dbt', 'action': 'run_model', 'label': '50196a9f-9b03-4380-a8d4-54b219fe9af3', 'context': [<snowplow_tracker.self_describing_json.SelfDescribingJson object at 0x000001A60620F550>]}
[0m18:18:35.171141 [debug] [Thread-4 (]: Began running node model.hubspot_analytics.assoc_activity_contact
[0m18:18:35.173491 [debug] [Thread-2 (]: On model.hubspot_analytics.assoc_activity_deal: COMMIT
[0m18:18:35.175883 [info ] [Thread-1 (]: 15 of 43 OK created sql table model main_gold.assoc_activity_company ........... [[32mOK[0m in 0.41s]
[0m18:18:35.178885 [info ] [Thread-4 (]: 17 of 43 START sql table model main_gold.assoc_activity_contact ................ [RUN]
[0m18:18:35.182884 [debug] [Thread-1 (]: Finished running node model.hubspot_analytics.assoc_activity_company
[0m18:18:35.184885 [debug] [Thread-4 (]: Re-using an available connection from the pool (formerly model.hubspot_analytics.assoc_deal_company, now model.hubspot_analytics.assoc_activity_contact)
[0m18:18:35.185883 [debug] [Thread-1 (]: Began running node model.hubspot_analytics.assoc_deal_contact
[0m18:18:35.187883 [debug] [Thread-4 (]: Began compiling node model.hubspot_analytics.assoc_activity_contact
[0m18:18:35.197435 [debug] [Thread-4 (]: Writing injected SQL for node "model.hubspot_analytics.assoc_activity_contact"
[0m18:18:35.188892 [info ] [Thread-1 (]: 18 of 43 START sql table model main_gold.assoc_deal_contact .................... [RUN]
[0m18:18:35.198432 [debug] [Thread-2 (]: SQL status: OK in 0.017 seconds
[0m18:18:35.199440 [debug] [Thread-3 (]: SQL status: OK in 0.913 seconds
[0m18:18:35.201431 [debug] [Thread-1 (]: Re-using an available connection from the pool (formerly model.hubspot_analytics.assoc_activity_company, now model.hubspot_analytics.assoc_deal_contact)
[0m18:18:35.205430 [debug] [Thread-2 (]: Using duckdb connection "model.hubspot_analytics.assoc_activity_deal"
[0m18:18:35.209980 [debug] [Thread-3 (]: Using duckdb connection "model.hubspot_analytics.stg_hubspot__contacts"
[0m18:18:35.211993 [debug] [Thread-4 (]: Began executing node model.hubspot_analytics.assoc_activity_contact
[0m18:18:35.213993 [debug] [Thread-1 (]: Began compiling node model.hubspot_analytics.assoc_deal_contact
[0m18:18:35.216006 [debug] [Thread-2 (]: On model.hubspot_analytics.assoc_activity_deal: /* {"app": "dbt", "dbt_version": "1.12.0", "profile_name": "hubspot_analytics", "target_name": "dev", "node_id": "model.hubspot_analytics.assoc_activity_deal"} */

      drop table if exists "analytics"."main_gold"."assoc_activity_deal__dbt_backup" cascade
    
[0m18:18:35.217990 [debug] [Thread-3 (]: On model.hubspot_analytics.stg_hubspot__contacts: /* {"app": "dbt", "dbt_version": "1.12.0", "profile_name": "hubspot_analytics", "target_name": "dev", "node_id": "model.hubspot_analytics.stg_hubspot__contacts"} */
alter view "analytics"."main_staging"."stg_hubspot__contacts" rename to "stg_hubspot__contacts__dbt_backup"
[0m18:18:35.221989 [debug] [Thread-4 (]: Writing runtime sql for node "model.hubspot_analytics.assoc_activity_contact"
[0m18:18:35.227754 [debug] [Thread-1 (]: Writing injected SQL for node "model.hubspot_analytics.assoc_deal_contact"
[0m18:18:35.230750 [debug] [Thread-3 (]: SQL status: OK in 0.001 seconds
[0m18:18:35.233751 [debug] [Thread-2 (]: SQL status: OK in 0.004 seconds
[0m18:18:35.237761 [debug] [Thread-3 (]: Using duckdb connection "model.hubspot_analytics.stg_hubspot__contacts"
[0m18:18:35.238760 [debug] [Thread-2 (]: On model.hubspot_analytics.assoc_activity_deal: Close
[0m18:18:35.238760 [debug] [Thread-4 (]: Using duckdb connection "model.hubspot_analytics.assoc_activity_contact"
[0m18:18:35.243432 [debug] [Thread-3 (]: On model.hubspot_analytics.stg_hubspot__contacts: /* {"app": "dbt", "dbt_version": "1.12.0", "profile_name": "hubspot_analytics", "target_name": "dev", "node_id": "model.hubspot_analytics.stg_hubspot__contacts"} */
alter view "analytics"."main_staging"."stg_hubspot__contacts__dbt_tmp" rename to "stg_hubspot__contacts"
[0m18:18:35.244435 [debug] [Thread-1 (]: Began executing node model.hubspot_analytics.assoc_deal_contact
[0m18:18:35.246431 [debug] [Thread-2 (]: Sending event: {'category': 'dbt', 'action': 'run_model', 'label': '50196a9f-9b03-4380-a8d4-54b219fe9af3', 'context': [<snowplow_tracker.self_describing_json.SelfDescribingJson object at 0x000001A605F7AC10>]}
[0m18:18:35.247428 [debug] [Thread-4 (]: On model.hubspot_analytics.assoc_activity_contact: BEGIN
[0m18:18:35.251955 [debug] [Thread-1 (]: Writing runtime sql for node "model.hubspot_analytics.assoc_deal_contact"
[0m18:18:35.251955 [debug] [Thread-3 (]: SQL status: OK in 0.004 seconds
[0m18:18:35.253950 [info ] [Thread-2 (]: 16 of 43 OK created sql table model main_gold.assoc_activity_deal .............. [[32mOK[0m in 0.39s]
[0m18:18:35.254950 [debug] [Thread-4 (]: Opening a new connection, currently in state closed
[0m18:18:35.262460 [debug] [Thread-3 (]: On model.hubspot_analytics.stg_hubspot__contacts: COMMIT
[0m18:18:35.264459 [debug] [Thread-2 (]: Finished running node model.hubspot_analytics.assoc_activity_deal
[0m18:18:35.266461 [debug] [Thread-4 (]: SQL status: OK in 0.012 seconds
[0m18:18:35.268464 [debug] [Thread-3 (]: Using duckdb connection "model.hubspot_analytics.stg_hubspot__contacts"
[0m18:18:35.269457 [debug] [Thread-1 (]: Using duckdb connection "model.hubspot_analytics.assoc_deal_contact"
[0m18:18:35.270456 [debug] [Thread-2 (]: Began running node model.hubspot_analytics.analytics_calls
[0m18:18:35.271460 [debug] [Thread-4 (]: Using duckdb connection "model.hubspot_analytics.assoc_activity_contact"
[0m18:18:35.272458 [debug] [Thread-3 (]: On model.hubspot_analytics.stg_hubspot__contacts: COMMIT
[0m18:18:35.273462 [debug] [Thread-1 (]: On model.hubspot_analytics.assoc_deal_contact: BEGIN
[0m18:18:35.274734 [info ] [Thread-2 (]: 19 of 43 START sql incremental model main_gold.analytics_calls ................. [RUN]
[0m18:18:35.277757 [debug] [Thread-4 (]: On model.hubspot_analytics.assoc_activity_contact: /* {"app": "dbt", "dbt_version": "1.12.0", "profile_name": "hubspot_analytics", "target_name": "dev", "node_id": "model.hubspot_analytics.assoc_activity_contact"} */

  
    
    

    create  table
      "analytics"."main_gold"."assoc_activity_contact__dbt_tmp"
  
    as (
      

select 'CALL' as engagement_type, from_id as activity_id, to_id as contact_id, assoc_type, _loaded_at
from "analytics"."main_staging"."stg_assoc__calls_contacts"
union all
select 'MEETING', from_id, to_id, assoc_type, _loaded_at
from "analytics"."main_staging"."stg_assoc__meetings_contacts"
    );
  
  
[0m18:18:35.280748 [debug] [Thread-1 (]: Opening a new connection, currently in state closed
[0m18:18:35.281744 [debug] [Thread-2 (]: Re-using an available connection from the pool (formerly model.hubspot_analytics.assoc_activity_deal, now model.hubspot_analytics.analytics_calls)
[0m18:18:35.284747 [debug] [Thread-1 (]: SQL status: OK in 0.004 seconds
[0m18:18:35.285746 [debug] [Thread-3 (]: SQL status: OK in 0.006 seconds
[0m18:18:35.285746 [debug] [Thread-2 (]: Began compiling node model.hubspot_analytics.analytics_calls
[0m18:18:35.287745 [debug] [Thread-1 (]: Using duckdb connection "model.hubspot_analytics.assoc_deal_contact"
[0m18:18:35.288744 [debug] [Thread-3 (]: Using duckdb connection "model.hubspot_analytics.stg_hubspot__contacts"
[0m18:18:35.305645 [debug] [Thread-2 (]: Writing injected SQL for node "model.hubspot_analytics.analytics_calls"
[0m18:18:35.308174 [debug] [Thread-1 (]: On model.hubspot_analytics.assoc_deal_contact: /* {"app": "dbt", "dbt_version": "1.12.0", "profile_name": "hubspot_analytics", "target_name": "dev", "node_id": "model.hubspot_analytics.assoc_deal_contact"} */

  
    
    

    create  table
      "analytics"."main_gold"."assoc_deal_contact__dbt_tmp"
  
    as (
      

-- N:N deal <-> contato. is_primary alimenta o primary_contact_id do deal.
select
    from_id                                     as deal_id,
    to_id                                       as contact_id,
    assoc_type,
    coalesce(lower(assoc_type) like '%primary%', false) as is_primary,
    _loaded_at
from "analytics"."main_staging"."stg_assoc__deals_contacts"
    );
  
  
[0m18:18:35.312186 [debug] [Thread-3 (]: On model.hubspot_analytics.stg_hubspot__contacts: /* {"app": "dbt", "dbt_version": "1.12.0", "profile_name": "hubspot_analytics", "target_name": "dev", "node_id": "model.hubspot_analytics.stg_hubspot__contacts"} */

      drop view if exists "analytics"."main_staging"."stg_hubspot__contacts__dbt_backup" cascade
    
[0m18:18:35.320183 [debug] [Thread-3 (]: SQL status: OK in 0.005 seconds
[0m18:18:35.321186 [debug] [Thread-2 (]: Began executing node model.hubspot_analytics.analytics_calls
[0m18:18:35.324784 [debug] [Thread-3 (]: On model.hubspot_analytics.stg_hubspot__contacts: Close
[0m18:18:35.359016 [debug] [Thread-3 (]: Sending event: {'category': 'dbt', 'action': 'run_model', 'label': '50196a9f-9b03-4380-a8d4-54b219fe9af3', 'context': [<snowplow_tracker.self_describing_json.SelfDescribingJson object at 0x000001A604748390>]}
[0m18:18:35.387724 [debug] [Thread-4 (]: SQL status: OK in 0.105 seconds
[0m18:18:35.396490 [debug] [Thread-2 (]: Using duckdb connection "model.hubspot_analytics.analytics_calls"
[0m18:18:35.397491 [info ] [Thread-3 (]: 11 of 43 OK created sql view model main_staging.stg_hubspot__contacts .......... [[32mOK[0m in 1.19s]
[0m18:18:35.400490 [debug] [Thread-4 (]: Using duckdb connection "model.hubspot_analytics.assoc_activity_contact"
[0m18:18:35.403490 [debug] [Thread-2 (]: On model.hubspot_analytics.analytics_calls: /* {"app": "dbt", "dbt_version": "1.12.0", "profile_name": "hubspot_analytics", "target_name": "dev", "node_id": "model.hubspot_analytics.analytics_calls"} */

    
  
    
    

    create temporary table
      "analytics_calls__dbt_tmp20260802181835386721"
  
    as (
      

select
    call_id,
    owner_id,
    title,
    direction,
    disposition,
    status,
    duration_ms,
    occurred_at,
    created_at,
    updated_at,
    _loaded_at
from "analytics"."main_staging"."stg_hubspot__calls"


where updated_at > (select coalesce(max(updated_at), timestamp '1970-01-01') from "analytics"."main_gold"."analytics_calls")

    );
  
  
  
[0m18:18:35.404490 [debug] [Thread-3 (]: Finished running node model.hubspot_analytics.stg_hubspot__contacts
[0m18:18:35.405490 [debug] [Thread-4 (]: On model.hubspot_analytics.assoc_activity_contact: /* {"app": "dbt", "dbt_version": "1.12.0", "profile_name": "hubspot_analytics", "target_name": "dev", "node_id": "model.hubspot_analytics.assoc_activity_contact"} */

    SELECT index_name
    FROM duckdb_indexes()
    WHERE schema_name = 'main_gold'
      AND table_name = 'assoc_activity_contact'
  
[0m18:18:35.408122 [debug] [Thread-1 (]: SQL status: OK in 0.093 seconds
[0m18:18:35.409137 [debug] [Thread-2 (]: Opening a new connection, currently in state closed
[0m18:18:35.411133 [debug] [Thread-3 (]: Began running node model.hubspot_analytics.analytics_companies
[0m18:18:35.413134 [debug] [Thread-4 (]: SQL status: OK in 0.001 seconds
[0m18:18:35.415142 [debug] [Thread-1 (]: Using duckdb connection "model.hubspot_analytics.assoc_deal_contact"
[0m18:18:35.417135 [info ] [Thread-3 (]: 20 of 43 START sql incremental model main_gold.analytics_companies ............. [RUN]
[0m18:18:35.422134 [debug] [Thread-4 (]: Using duckdb connection "model.hubspot_analytics.assoc_activity_contact"
[0m18:18:35.423833 [debug] [Thread-1 (]: On model.hubspot_analytics.assoc_deal_contact: /* {"app": "dbt", "dbt_version": "1.12.0", "profile_name": "hubspot_analytics", "target_name": "dev", "node_id": "model.hubspot_analytics.assoc_deal_contact"} */

    SELECT index_name
    FROM duckdb_indexes()
    WHERE schema_name = 'main_gold'
      AND table_name = 'assoc_deal_contact'
  
[0m18:18:35.426824 [debug] [Thread-3 (]: Re-using an available connection from the pool (formerly model.hubspot_analytics.stg_hubspot__contacts, now model.hubspot_analytics.analytics_companies)
[0m18:18:35.429816 [debug] [Thread-4 (]: On model.hubspot_analytics.assoc_activity_contact: /* {"app": "dbt", "dbt_version": "1.12.0", "profile_name": "hubspot_analytics", "target_name": "dev", "node_id": "model.hubspot_analytics.assoc_activity_contact"} */

    SELECT COUNT(*) as remaining_indexes
    FROM duckdb_indexes()
    WHERE schema_name = 'main_gold'
      AND table_name = 'assoc_activity_contact'
  
[0m18:18:35.432817 [debug] [Thread-3 (]: Began compiling node model.hubspot_analytics.analytics_companies
[0m18:18:35.433817 [debug] [Thread-1 (]: SQL status: OK in 0.002 seconds
[0m18:18:35.438826 [debug] [Thread-3 (]: Writing injected SQL for node "model.hubspot_analytics.analytics_companies"
[0m18:18:35.438826 [debug] [Thread-4 (]: SQL status: OK in 0.005 seconds
[0m18:18:35.444363 [debug] [Thread-1 (]: Using duckdb connection "model.hubspot_analytics.assoc_deal_contact"
[0m18:18:35.452890 [debug] [Thread-4 (]: Using duckdb connection "model.hubspot_analytics.assoc_activity_contact"
[0m18:18:35.454887 [debug] [Thread-1 (]: On model.hubspot_analytics.assoc_deal_contact: /* {"app": "dbt", "dbt_version": "1.12.0", "profile_name": "hubspot_analytics", "target_name": "dev", "node_id": "model.hubspot_analytics.assoc_deal_contact"} */

    SELECT COUNT(*) as remaining_indexes
    FROM duckdb_indexes()
    WHERE schema_name = 'main_gold'
      AND table_name = 'assoc_deal_contact'
  
[0m18:18:35.455889 [debug] [Thread-4 (]: On model.hubspot_analytics.assoc_activity_contact: /* {"app": "dbt", "dbt_version": "1.12.0", "profile_name": "hubspot_analytics", "target_name": "dev", "node_id": "model.hubspot_analytics.assoc_activity_contact"} */
alter table "analytics"."main_gold"."assoc_activity_contact" rename to "assoc_activity_contact__dbt_backup"
[0m18:18:35.459253 [debug] [Thread-3 (]: Began executing node model.hubspot_analytics.analytics_companies
[0m18:18:35.460253 [debug] [Thread-1 (]: SQL status: OK in 0.003 seconds
[0m18:18:35.463256 [debug] [Thread-4 (]: SQL status: OK in 0.001 seconds
[0m18:18:35.468250 [debug] [Thread-3 (]: Using duckdb connection "model.hubspot_analytics.analytics_companies"
[0m18:18:35.472248 [debug] [Thread-1 (]: Using duckdb connection "model.hubspot_analytics.assoc_deal_contact"
[0m18:18:35.478824 [debug] [Thread-4 (]: Using duckdb connection "model.hubspot_analytics.assoc_activity_contact"
[0m18:18:35.479823 [debug] [Thread-3 (]: On model.hubspot_analytics.analytics_companies: /* {"app": "dbt", "dbt_version": "1.12.0", "profile_name": "hubspot_analytics", "target_name": "dev", "node_id": "model.hubspot_analytics.analytics_companies"} */

    
  
    
    

    create temporary table
      "analytics_companies__dbt_tmp20260802181835466252"
  
    as (
      

select
    company_id,
    company_name,
    domain,
    owner_id,
    created_at,
    updated_at,
    _loaded_at
from "analytics"."main_staging"."stg_hubspot__companies"


where updated_at > (select coalesce(max(updated_at), timestamp '1970-01-01') from "analytics"."main_gold"."analytics_companies")

    );
  
  
  
[0m18:18:35.480824 [debug] [Thread-1 (]: On model.hubspot_analytics.assoc_deal_contact: /* {"app": "dbt", "dbt_version": "1.12.0", "profile_name": "hubspot_analytics", "target_name": "dev", "node_id": "model.hubspot_analytics.assoc_deal_contact"} */
alter table "analytics"."main_gold"."assoc_deal_contact" rename to "assoc_deal_contact__dbt_backup"
[0m18:18:35.482822 [debug] [Thread-4 (]: On model.hubspot_analytics.assoc_activity_contact: /* {"app": "dbt", "dbt_version": "1.12.0", "profile_name": "hubspot_analytics", "target_name": "dev", "node_id": "model.hubspot_analytics.assoc_activity_contact"} */
alter table "analytics"."main_gold"."assoc_activity_contact__dbt_tmp" rename to "assoc_activity_contact"
[0m18:18:35.483823 [debug] [Thread-3 (]: Opening a new connection, currently in state closed
[0m18:18:35.485822 [debug] [Thread-1 (]: SQL status: OK in 0.001 seconds
[0m18:18:35.486821 [debug] [Thread-4 (]: SQL status: OK in 0.001 seconds
[0m18:18:35.493577 [debug] [Thread-1 (]: Using duckdb connection "model.hubspot_analytics.assoc_deal_contact"
[0m18:18:35.497579 [debug] [Thread-4 (]: On model.hubspot_analytics.assoc_activity_contact: COMMIT
[0m18:18:35.499576 [debug] [Thread-1 (]: On model.hubspot_analytics.assoc_deal_contact: /* {"app": "dbt", "dbt_version": "1.12.0", "profile_name": "hubspot_analytics", "target_name": "dev", "node_id": "model.hubspot_analytics.assoc_deal_contact"} */
alter table "analytics"."main_gold"."assoc_deal_contact__dbt_tmp" rename to "assoc_deal_contact"
[0m18:18:35.501575 [debug] [Thread-4 (]: Using duckdb connection "model.hubspot_analytics.assoc_activity_contact"
[0m18:18:35.504574 [debug] [Thread-1 (]: SQL status: OK in 0.001 seconds
[0m18:18:35.505575 [debug] [Thread-4 (]: On model.hubspot_analytics.assoc_activity_contact: COMMIT
[0m18:18:35.510063 [debug] [Thread-1 (]: On model.hubspot_analytics.assoc_deal_contact: COMMIT
[0m18:18:35.513060 [debug] [Thread-1 (]: Using duckdb connection "model.hubspot_analytics.assoc_deal_contact"
[0m18:18:35.515058 [debug] [Thread-1 (]: On model.hubspot_analytics.assoc_deal_contact: COMMIT
[0m18:18:35.537753 [debug] [Thread-4 (]: SQL status: OK in 0.026 seconds
[0m18:18:35.542441 [debug] [Thread-4 (]: Using duckdb connection "model.hubspot_analytics.assoc_activity_contact"
[0m18:18:35.544443 [debug] [Thread-4 (]: On model.hubspot_analytics.assoc_activity_contact: /* {"app": "dbt", "dbt_version": "1.12.0", "profile_name": "hubspot_analytics", "target_name": "dev", "node_id": "model.hubspot_analytics.assoc_activity_contact"} */

      drop table if exists "analytics"."main_gold"."assoc_activity_contact__dbt_backup" cascade
    
[0m18:18:35.554962 [debug] [Thread-1 (]: SQL status: OK in 0.038 seconds
[0m18:18:35.560040 [debug] [Thread-1 (]: Using duckdb connection "model.hubspot_analytics.assoc_deal_contact"
[0m18:18:35.561041 [debug] [Thread-4 (]: SQL status: OK in 0.014 seconds
[0m18:18:35.562047 [debug] [Thread-1 (]: On model.hubspot_analytics.assoc_deal_contact: /* {"app": "dbt", "dbt_version": "1.12.0", "profile_name": "hubspot_analytics", "target_name": "dev", "node_id": "model.hubspot_analytics.assoc_deal_contact"} */

      drop table if exists "analytics"."main_gold"."assoc_deal_contact__dbt_backup" cascade
    
[0m18:18:35.566037 [debug] [Thread-4 (]: On model.hubspot_analytics.assoc_activity_contact: Close
[0m18:18:35.569034 [debug] [Thread-4 (]: Sending event: {'category': 'dbt', 'action': 'run_model', 'label': '50196a9f-9b03-4380-a8d4-54b219fe9af3', 'context': [<snowplow_tracker.self_describing_json.SelfDescribingJson object at 0x000001A606235C90>]}
[0m18:18:35.571034 [debug] [Thread-1 (]: SQL status: OK in 0.003 seconds
[0m18:18:35.572034 [info ] [Thread-4 (]: 17 of 43 OK created sql table model main_gold.assoc_activity_contact ........... [[32mOK[0m in 0.39s]
[0m18:18:35.572034 [debug] [Thread-1 (]: On model.hubspot_analytics.assoc_deal_contact: Close
[0m18:18:35.576575 [debug] [Thread-4 (]: Finished running node model.hubspot_analytics.assoc_activity_contact
[0m18:18:35.579689 [debug] [Thread-1 (]: Sending event: {'category': 'dbt', 'action': 'run_model', 'label': '50196a9f-9b03-4380-a8d4-54b219fe9af3', 'context': [<snowplow_tracker.self_describing_json.SelfDescribingJson object at 0x000001A6062200D0>]}
[0m18:18:35.581691 [debug] [Thread-4 (]: Began running node snapshot.hubspot_analytics.snap_deals_stage
[0m18:18:35.583693 [info ] [Thread-1 (]: 18 of 43 OK created sql table model main_gold.assoc_deal_contact ............... [[32mOK[0m in 0.38s]
[0m18:18:35.585691 [info ] [Thread-4 (]: 21 of 43 START snapshot snapshots.snap_deals_stage ............................. [RUN]
[0m18:18:35.587690 [debug] [Thread-1 (]: Finished running node model.hubspot_analytics.assoc_deal_contact
[0m18:18:35.588691 [debug] [Thread-4 (]: Re-using an available connection from the pool (formerly model.hubspot_analytics.assoc_activity_contact, now snapshot.hubspot_analytics.snap_deals_stage)
[0m18:18:35.590687 [debug] [Thread-1 (]: Began running node model.hubspot_analytics.analytics_meetings
[0m18:18:35.593485 [debug] [Thread-4 (]: Began compiling node snapshot.hubspot_analytics.snap_deals_stage
[0m18:18:35.595481 [info ] [Thread-1 (]: 22 of 43 START sql incremental model main_gold.analytics_meetings .............. [RUN]
[0m18:18:35.601483 [debug] [Thread-4 (]: Writing injected SQL for node "snapshot.hubspot_analytics.snap_deals_stage"
[0m18:18:35.603481 [debug] [Thread-1 (]: Re-using an available connection from the pool (formerly model.hubspot_analytics.assoc_deal_contact, now model.hubspot_analytics.analytics_meetings)
[0m18:18:35.605483 [debug] [Thread-1 (]: Began compiling node model.hubspot_analytics.analytics_meetings
[0m18:18:35.613122 [debug] [Thread-1 (]: Writing injected SQL for node "model.hubspot_analytics.analytics_meetings"
[0m18:18:35.614121 [debug] [Thread-4 (]: Began executing node snapshot.hubspot_analytics.snap_deals_stage
[0m18:18:35.693233 [debug] [Thread-1 (]: Began executing node model.hubspot_analytics.analytics_meetings
[0m18:18:35.717148 [debug] [Thread-4 (]: Using duckdb connection "snapshot.hubspot_analytics.snap_deals_stage"
[0m18:18:35.725599 [debug] [Thread-1 (]: Using duckdb connection "model.hubspot_analytics.analytics_meetings"
[0m18:18:35.727611 [debug] [Thread-4 (]: On snapshot.hubspot_analytics.snap_deals_stage: /* {"app": "dbt", "dbt_version": "1.12.0", "profile_name": "hubspot_analytics", "target_name": "dev", "node_id": "snapshot.hubspot_analytics.snap_deals_stage"} */
select * from (
        select stage_id from (
                



-- SCD2 do estágio do deal: cada mudança de dealstage gera uma nova
-- versão com dbt_valid_from/dbt_valid_to. Base do analytics_deal_stage_hist.
select
    deal_id,
    pipeline_id,
    stage_id
from "analytics"."main_staging"."stg_hubspot__deals"

            ) subq
    ) as __dbt_sbq
    where false
    limit 0

    
[0m18:18:35.731639 [debug] [Thread-1 (]: On model.hubspot_analytics.analytics_meetings: /* {"app": "dbt", "dbt_version": "1.12.0", "profile_name": "hubspot_analytics", "target_name": "dev", "node_id": "model.hubspot_analytics.analytics_meetings"} */

    
  
    
    

    create temporary table
      "analytics_meetings__dbt_tmp20260802181835721145"
  
    as (
      

select
    meeting_id,
    owner_id,
    title,
    outcome,
    location,
    starts_at,
    ends_at,
    occurred_at,
    created_at,
    updated_at,
    _loaded_at
from "analytics"."main_staging"."stg_hubspot__meetings"


where updated_at > (select coalesce(max(updated_at), timestamp '1970-01-01') from "analytics"."main_gold"."analytics_meetings")

    );
  
  
  
[0m18:18:35.733652 [debug] [Thread-4 (]: Opening a new connection, currently in state closed
[0m18:18:35.735664 [debug] [Thread-1 (]: Opening a new connection, currently in state closed
[0m18:18:35.747448 [debug] [Thread-2 (]: SQL status: OK in 0.338 seconds
[0m18:18:35.762082 [debug] [Thread-2 (]: Using duckdb connection "model.hubspot_analytics.analytics_calls"
[0m18:18:35.764081 [debug] [Thread-2 (]: On model.hubspot_analytics.analytics_calls: BEGIN
[0m18:18:35.766080 [debug] [Thread-2 (]: SQL status: OK in 0.001 seconds
[0m18:18:35.768081 [debug] [Thread-2 (]: Using duckdb connection "model.hubspot_analytics.analytics_calls"
[0m18:18:35.769080 [debug] [Thread-2 (]: On model.hubspot_analytics.analytics_calls: /* {"app": "dbt", "dbt_version": "1.12.0", "profile_name": "hubspot_analytics", "target_name": "dev", "node_id": "model.hubspot_analytics.analytics_calls"} */

      select
          column_name,
          data_type,
          character_maximum_length,
          numeric_precision,
          numeric_scale

      from system.information_schema.columns
      where table_name = 'analytics_calls__dbt_tmp20260802181835386721'
      
      
      order by ordinal_position

  
[0m18:18:35.802470 [debug] [Thread-1 (]: SQL status: OK in 0.067 seconds
[0m18:18:35.810115 [debug] [Thread-1 (]: Using duckdb connection "model.hubspot_analytics.analytics_meetings"
[0m18:18:35.812112 [debug] [Thread-1 (]: On model.hubspot_analytics.analytics_meetings: BEGIN
[0m18:18:35.817933 [debug] [Thread-1 (]: SQL status: OK in 0.001 seconds
[0m18:18:35.819929 [debug] [Thread-1 (]: Using duckdb connection "model.hubspot_analytics.analytics_meetings"
[0m18:18:35.821933 [debug] [Thread-1 (]: On model.hubspot_analytics.analytics_meetings: /* {"app": "dbt", "dbt_version": "1.12.0", "profile_name": "hubspot_analytics", "target_name": "dev", "node_id": "model.hubspot_analytics.analytics_meetings"} */

      select
          column_name,
          data_type,
          character_maximum_length,
          numeric_precision,
          numeric_scale

      from system.information_schema.columns
      where table_name = 'analytics_meetings__dbt_tmp20260802181835721145'
      
      
      order by ordinal_position

  
[0m18:18:35.828773 [debug] [Thread-2 (]: SQL status: OK in 0.058 seconds
[0m18:18:35.838779 [debug] [Thread-2 (]: Using duckdb connection "model.hubspot_analytics.analytics_calls"
[0m18:18:35.841398 [debug] [Thread-1 (]: SQL status: OK in 0.018 seconds
[0m18:18:35.843416 [debug] [Thread-2 (]: On model.hubspot_analytics.analytics_calls: /* {"app": "dbt", "dbt_version": "1.12.0", "profile_name": "hubspot_analytics", "target_name": "dev", "node_id": "model.hubspot_analytics.analytics_calls"} */

      select
          column_name,
          data_type,
          character_maximum_length,
          numeric_precision,
          numeric_scale

      from system.information_schema.columns
      where table_name = 'analytics_calls'
      
      and lower(table_schema) = 'main_gold'
      
      
      and lower(table_catalog) = 'analytics'
      
      order by ordinal_position

  
[0m18:18:35.850947 [debug] [Thread-1 (]: Using duckdb connection "model.hubspot_analytics.analytics_meetings"
[0m18:18:35.853947 [debug] [Thread-1 (]: On model.hubspot_analytics.analytics_meetings: /* {"app": "dbt", "dbt_version": "1.12.0", "profile_name": "hubspot_analytics", "target_name": "dev", "node_id": "model.hubspot_analytics.analytics_meetings"} */

      select
          column_name,
          data_type,
          character_maximum_length,
          numeric_precision,
          numeric_scale

      from system.information_schema.columns
      where table_name = 'analytics_meetings'
      
      and lower(table_schema) = 'main_gold'
      
      
      and lower(table_catalog) = 'analytics'
      
      order by ordinal_position

  
[0m18:18:35.860118 [debug] [Thread-2 (]: SQL status: OK in 0.007 seconds
[0m18:18:35.881823 [debug] [Thread-2 (]: Using duckdb connection "model.hubspot_analytics.analytics_calls"
[0m18:18:35.883825 [debug] [Thread-1 (]: SQL status: OK in 0.028 seconds
[0m18:18:35.885826 [debug] [Thread-2 (]: On model.hubspot_analytics.analytics_calls: /* {"app": "dbt", "dbt_version": "1.12.0", "profile_name": "hubspot_analytics", "target_name": "dev", "node_id": "model.hubspot_analytics.analytics_calls"} */

      select
          column_name,
          data_type,
          character_maximum_length,
          numeric_precision,
          numeric_scale

      from system.information_schema.columns
      where table_name = 'analytics_calls'
      
      and lower(table_schema) = 'main_gold'
      
      
      and lower(table_catalog) = 'analytics'
      
      order by ordinal_position

  
[0m18:18:35.894434 [debug] [Thread-1 (]: Using duckdb connection "model.hubspot_analytics.analytics_meetings"
[0m18:18:35.897428 [debug] [Thread-1 (]: On model.hubspot_analytics.analytics_meetings: /* {"app": "dbt", "dbt_version": "1.12.0", "profile_name": "hubspot_analytics", "target_name": "dev", "node_id": "model.hubspot_analytics.analytics_meetings"} */

      select
          column_name,
          data_type,
          character_maximum_length,
          numeric_precision,
          numeric_scale

      from system.information_schema.columns
      where table_name = 'analytics_meetings'
      
      and lower(table_schema) = 'main_gold'
      
      
      and lower(table_catalog) = 'analytics'
      
      order by ordinal_position

  
[0m18:18:35.899429 [debug] [Thread-3 (]: SQL status: OK in 0.416 seconds
[0m18:18:35.905429 [debug] [Thread-3 (]: Using duckdb connection "model.hubspot_analytics.analytics_companies"
[0m18:18:35.905429 [debug] [Thread-2 (]: SQL status: OK in 0.012 seconds
[0m18:18:35.908048 [debug] [Thread-1 (]: SQL status: OK in 0.008 seconds
[0m18:18:35.910063 [debug] [Thread-3 (]: On model.hubspot_analytics.analytics_companies: BEGIN
[0m18:18:35.916063 [debug] [Thread-2 (]: Using duckdb connection "model.hubspot_analytics.analytics_calls"
[0m18:18:35.922062 [debug] [Thread-3 (]: SQL status: OK in 0.001 seconds
[0m18:18:35.922062 [debug] [Thread-2 (]: On model.hubspot_analytics.analytics_calls: /* {"app": "dbt", "dbt_version": "1.12.0", "profile_name": "hubspot_analytics", "target_name": "dev", "node_id": "model.hubspot_analytics.analytics_calls"} */
SELECT version()
[0m18:18:35.925774 [debug] [Thread-3 (]: Using duckdb connection "model.hubspot_analytics.analytics_companies"
[0m18:18:35.928778 [debug] [Thread-2 (]: SQL status: OK in 0.001 seconds
[0m18:18:35.930776 [debug] [Thread-3 (]: On model.hubspot_analytics.analytics_companies: /* {"app": "dbt", "dbt_version": "1.12.0", "profile_name": "hubspot_analytics", "target_name": "dev", "node_id": "model.hubspot_analytics.analytics_companies"} */

      select
          column_name,
          data_type,
          character_maximum_length,
          numeric_precision,
          numeric_scale

      from system.information_schema.columns
      where table_name = 'analytics_companies__dbt_tmp20260802181835466252'
      
      
      order by ordinal_position

  
[0m18:18:35.993387 [debug] [Thread-1 (]: Writing runtime sql for node "model.hubspot_analytics.analytics_meetings"
[0m18:18:35.999382 [debug] [Thread-2 (]: Writing runtime sql for node "model.hubspot_analytics.analytics_calls"
[0m18:18:36.005387 [debug] [Thread-3 (]: SQL status: OK in 0.006 seconds
[0m18:18:36.008085 [debug] [Thread-1 (]: Using duckdb connection "model.hubspot_analytics.analytics_meetings"
[0m18:18:36.009098 [debug] [Thread-2 (]: Using duckdb connection "model.hubspot_analytics.analytics_calls"
[0m18:18:36.014099 [debug] [Thread-3 (]: Using duckdb connection "model.hubspot_analytics.analytics_companies"
[0m18:18:36.015100 [debug] [Thread-1 (]: On model.hubspot_analytics.analytics_meetings: /* {"app": "dbt", "dbt_version": "1.12.0", "profile_name": "hubspot_analytics", "target_name": "dev", "node_id": "model.hubspot_analytics.analytics_meetings"} */

        
            delete from "analytics"."main_gold"."analytics_meetings"
            where (
                meeting_id) in (
                select (meeting_id)
                from "analytics_meetings__dbt_tmp20260802181835721145"
            );

        
    

    insert into "analytics"."main_gold"."analytics_meetings" ("meeting_id", "owner_id", "title", "outcome", "location", "starts_at", "ends_at", "occurred_at", "created_at", "updated_at", "_loaded_at")
    (
        select "meeting_id", "owner_id", "title", "outcome", "location", "starts_at", "ends_at", "occurred_at", "created_at", "updated_at", "_loaded_at"
        from "analytics_meetings__dbt_tmp20260802181835721145"
    )
  
[0m18:18:36.017097 [debug] [Thread-2 (]: On model.hubspot_analytics.analytics_calls: /* {"app": "dbt", "dbt_version": "1.12.0", "profile_name": "hubspot_analytics", "target_name": "dev", "node_id": "model.hubspot_analytics.analytics_calls"} */

        
            delete from "analytics"."main_gold"."analytics_calls"
            where (
                call_id) in (
                select (call_id)
                from "analytics_calls__dbt_tmp20260802181835386721"
            );

        
    

    insert into "analytics"."main_gold"."analytics_calls" ("call_id", "owner_id", "title", "direction", "disposition", "status", "duration_ms", "occurred_at", "created_at", "updated_at", "_loaded_at")
    (
        select "call_id", "owner_id", "title", "direction", "disposition", "status", "duration_ms", "occurred_at", "created_at", "updated_at", "_loaded_at"
        from "analytics_calls__dbt_tmp20260802181835386721"
    )
  
[0m18:18:36.018100 [debug] [Thread-3 (]: On model.hubspot_analytics.analytics_companies: /* {"app": "dbt", "dbt_version": "1.12.0", "profile_name": "hubspot_analytics", "target_name": "dev", "node_id": "model.hubspot_analytics.analytics_companies"} */

      select
          column_name,
          data_type,
          character_maximum_length,
          numeric_precision,
          numeric_scale

      from system.information_schema.columns
      where table_name = 'analytics_companies'
      
      and lower(table_schema) = 'main_gold'
      
      
      and lower(table_catalog) = 'analytics'
      
      order by ordinal_position

  
[0m18:18:36.038718 [debug] [Thread-2 (]: SQL status: OK in 0.005 seconds
[0m18:18:36.038718 [debug] [Thread-1 (]: SQL status: OK in 0.020 seconds
[0m18:18:36.038718 [debug] [Thread-3 (]: SQL status: OK in 0.006 seconds
[0m18:18:36.044457 [debug] [Thread-2 (]: On model.hubspot_analytics.analytics_calls: COMMIT
[0m18:18:36.047463 [debug] [Thread-1 (]: On model.hubspot_analytics.analytics_meetings: COMMIT
[0m18:18:36.053985 [debug] [Thread-3 (]: Using duckdb connection "model.hubspot_analytics.analytics_companies"
[0m18:18:36.054986 [debug] [Thread-2 (]: Using duckdb connection "model.hubspot_analytics.analytics_calls"
[0m18:18:36.055990 [debug] [Thread-1 (]: Using duckdb connection "model.hubspot_analytics.analytics_meetings"
[0m18:18:36.058045 [debug] [Thread-3 (]: On model.hubspot_analytics.analytics_companies: /* {"app": "dbt", "dbt_version": "1.12.0", "profile_name": "hubspot_analytics", "target_name": "dev", "node_id": "model.hubspot_analytics.analytics_companies"} */

      select
          column_name,
          data_type,
          character_maximum_length,
          numeric_precision,
          numeric_scale

      from system.information_schema.columns
      where table_name = 'analytics_companies'
      
      and lower(table_schema) = 'main_gold'
      
      
      and lower(table_catalog) = 'analytics'
      
      order by ordinal_position

  
[0m18:18:36.060058 [debug] [Thread-2 (]: On model.hubspot_analytics.analytics_calls: COMMIT
[0m18:18:36.062058 [debug] [Thread-1 (]: On model.hubspot_analytics.analytics_meetings: COMMIT
[0m18:18:36.066055 [debug] [Thread-2 (]: SQL status: OK in 0.001 seconds
[0m18:18:36.068054 [debug] [Thread-1 (]: SQL status: OK in 0.001 seconds
[0m18:18:36.070053 [debug] [Thread-2 (]: On model.hubspot_analytics.analytics_calls: Close
[0m18:18:36.071059 [debug] [Thread-3 (]: SQL status: OK in 0.007 seconds
[0m18:18:36.072054 [debug] [Thread-1 (]: On model.hubspot_analytics.analytics_meetings: Close
[0m18:18:36.075854 [debug] [Thread-2 (]: Sending event: {'category': 'dbt', 'action': 'run_model', 'label': '50196a9f-9b03-4380-a8d4-54b219fe9af3', 'context': [<snowplow_tracker.self_describing_json.SelfDescribingJson object at 0x000001A6072BCED0>]}
[0m18:18:36.080850 [debug] [Thread-3 (]: Writing runtime sql for node "model.hubspot_analytics.analytics_companies"
[0m18:18:36.082856 [debug] [Thread-1 (]: Sending event: {'category': 'dbt', 'action': 'run_model', 'label': '50196a9f-9b03-4380-a8d4-54b219fe9af3', 'context': [<snowplow_tracker.self_describing_json.SelfDescribingJson object at 0x000001A606159910>]}
[0m18:18:36.083858 [debug] [Thread-4 (]: SQL status: OK in 0.350 seconds
[0m18:18:36.085854 [info ] [Thread-2 (]: 19 of 43 OK created sql incremental model main_gold.analytics_calls ............ [[32mOK[0m in 0.79s]
[0m18:18:36.088855 [info ] [Thread-1 (]: 22 of 43 OK created sql incremental model main_gold.analytics_meetings ......... [[32mOK[0m in 0.48s]
[0m18:18:36.095551 [debug] [Thread-4 (]: Using duckdb connection "snapshot.hubspot_analytics.snap_deals_stage"
[0m18:18:36.097553 [debug] [Thread-2 (]: Finished running node model.hubspot_analytics.analytics_calls
[0m18:18:36.100547 [debug] [Thread-1 (]: Finished running node model.hubspot_analytics.analytics_meetings
[0m18:18:36.101549 [debug] [Thread-3 (]: Using duckdb connection "model.hubspot_analytics.analytics_companies"
[0m18:18:36.102545 [debug] [Thread-4 (]: On snapshot.hubspot_analytics.snap_deals_stage: BEGIN
[0m18:18:36.103547 [debug] [Thread-2 (]: Began running node model.hubspot_analytics.analytics_contacts
[0m18:18:36.105547 [debug] [Thread-1 (]: Began running node model.hubspot_analytics.analytics_deals
[0m18:18:36.108057 [debug] [Thread-3 (]: On model.hubspot_analytics.analytics_companies: /* {"app": "dbt", "dbt_version": "1.12.0", "profile_name": "hubspot_analytics", "target_name": "dev", "node_id": "model.hubspot_analytics.analytics_companies"} */

        
            delete from "analytics"."main_gold"."analytics_companies"
            where (
                company_id) in (
                select (company_id)
                from "analytics_companies__dbt_tmp20260802181835466252"
            );

        
    

    insert into "analytics"."main_gold"."analytics_companies" ("company_id", "company_name", "domain", "owner_id", "created_at", "updated_at", "_loaded_at")
    (
        select "company_id", "company_name", "domain", "owner_id", "created_at", "updated_at", "_loaded_at"
        from "analytics_companies__dbt_tmp20260802181835466252"
    )
  
[0m18:18:36.111071 [debug] [Thread-4 (]: SQL status: OK in 0.001 seconds
[0m18:18:36.113068 [info ] [Thread-2 (]: 23 of 43 START sql incremental model main_gold.analytics_contacts .............. [RUN]
[0m18:18:36.115067 [info ] [Thread-1 (]: 24 of 43 START sql incremental model main_gold.analytics_deals ................. [RUN]
[0m18:18:36.119072 [debug] [Thread-4 (]: Using duckdb connection "snapshot.hubspot_analytics.snap_deals_stage"
[0m18:18:36.121072 [debug] [Thread-2 (]: Re-using an available connection from the pool (formerly model.hubspot_analytics.analytics_calls, now model.hubspot_analytics.analytics_contacts)
[0m18:18:36.122070 [debug] [Thread-3 (]: SQL status: OK in 0.004 seconds
[0m18:18:36.122070 [debug] [Thread-1 (]: Re-using an available connection from the pool (formerly model.hubspot_analytics.analytics_meetings, now model.hubspot_analytics.analytics_deals)
[0m18:18:36.125768 [debug] [Thread-4 (]: On snapshot.hubspot_analytics.snap_deals_stage: /* {"app": "dbt", "dbt_version": "1.12.0", "profile_name": "hubspot_analytics", "target_name": "dev", "node_id": "snapshot.hubspot_analytics.snap_deals_stage"} */

      select
          column_name,
          data_type,
          character_maximum_length,
          numeric_precision,
          numeric_scale

      from system.information_schema.columns
      where table_name = 'snap_deals_stage'
      
      and lower(table_schema) = 'snapshots'
      
      
      and lower(table_catalog) = 'analytics'
      
      order by ordinal_position

  
[0m18:18:36.127768 [debug] [Thread-2 (]: Began compiling node model.hubspot_analytics.analytics_contacts
[0m18:18:36.132767 [debug] [Thread-3 (]: On model.hubspot_analytics.analytics_companies: COMMIT
[0m18:18:36.133768 [debug] [Thread-1 (]: Began compiling node model.hubspot_analytics.analytics_deals
[0m18:18:36.142448 [debug] [Thread-2 (]: Writing injected SQL for node "model.hubspot_analytics.analytics_contacts"
[0m18:18:36.143447 [debug] [Thread-4 (]: SQL status: OK in 0.008 seconds
[0m18:18:36.146455 [debug] [Thread-3 (]: Using duckdb connection "model.hubspot_analytics.analytics_companies"
[0m18:18:36.155985 [debug] [Thread-1 (]: Writing injected SQL for node "model.hubspot_analytics.analytics_deals"
[0m18:18:36.171159 [debug] [Thread-4 (]: Using duckdb connection "snapshot.hubspot_analytics.snap_deals_stage"
[0m18:18:36.172156 [debug] [Thread-3 (]: On model.hubspot_analytics.analytics_companies: COMMIT
[0m18:18:36.174718 [debug] [Thread-4 (]: On snapshot.hubspot_analytics.snap_deals_stage: /* {"app": "dbt", "dbt_version": "1.12.0", "profile_name": "hubspot_analytics", "target_name": "dev", "node_id": "snapshot.hubspot_analytics.snap_deals_stage"} */

      select
          column_name,
          data_type,
          character_maximum_length,
          numeric_precision,
          numeric_scale

      from system.information_schema.columns
      where table_name = 'snap_deals_stage'
      
      and lower(table_schema) = 'snapshots'
      
      
      and lower(table_catalog) = 'analytics'
      
      order by ordinal_position

  
[0m18:18:36.178734 [debug] [Thread-3 (]: SQL status: OK in 0.001 seconds
[0m18:18:36.182743 [debug] [Thread-3 (]: On model.hubspot_analytics.analytics_companies: Close
[0m18:18:36.183734 [debug] [Thread-2 (]: Began executing node model.hubspot_analytics.analytics_contacts
[0m18:18:36.184734 [debug] [Thread-1 (]: Began executing node model.hubspot_analytics.analytics_deals
[0m18:18:36.186731 [debug] [Thread-3 (]: Sending event: {'category': 'dbt', 'action': 'run_model', 'label': '50196a9f-9b03-4380-a8d4-54b219fe9af3', 'context': [<snowplow_tracker.self_describing_json.SelfDescribingJson object at 0x000001A6072BCE90>]}
[0m18:18:36.186731 [debug] [Thread-4 (]: SQL status: OK in 0.007 seconds
[0m18:18:36.194432 [debug] [Thread-2 (]: Using duckdb connection "model.hubspot_analytics.analytics_contacts"
[0m18:18:36.200428 [debug] [Thread-1 (]: Using duckdb connection "model.hubspot_analytics.analytics_deals"
[0m18:18:36.202429 [info ] [Thread-3 (]: 20 of 43 OK created sql incremental model main_gold.analytics_companies ........ [[32mOK[0m in 0.76s]
[0m18:18:36.274703 [debug] [Thread-2 (]: On model.hubspot_analytics.analytics_contacts: /* {"app": "dbt", "dbt_version": "1.12.0", "profile_name": "hubspot_analytics", "target_name": "dev", "node_id": "model.hubspot_analytics.analytics_contacts"} */

    
  
    
    

    create temporary table
      "analytics_contacts__dbt_tmp20260802181836188731"
  
    as (
      

select
    contact_id,
    email,
    first_name,
    last_name,
    phone,
    lifecycle_stage,
    lead_status,
    owner_id,
    original_source,     -- first-touch (imutável no HubSpot)
    latest_source,       -- last-touch (sobrescrita a cada interação)
    latest_source_at,
    origem_analytics,
    origem_detalhe_1,
    origem_detalhe_2,
    primeira_url,
    ultima_url,
    criacao_origem_label,
    criacao_detalhe_1,
    criacao_detalhe_2,
    criacao_detalhe_3,
    clicou_linkedin_ad,
    gclid,
    fbclid,
    utm_source,
    utm_medium,
    utm_campaign,
    utm_content,
    utm_term,
    created_at,
    updated_at,
    _loaded_at
from "analytics"."main_staging"."stg_hubspot__contacts"


where updated_at > (select coalesce(max(updated_at), timestamp '1970-01-01') from "analytics"."main_gold"."analytics_contacts")

    );
  
  
  
[0m18:18:36.279712 [debug] [Thread-4 (]: Using duckdb connection "snapshot.hubspot_analytics.snap_deals_stage"
[0m18:18:36.281719 [debug] [Thread-1 (]: On model.hubspot_analytics.analytics_deals: /* {"app": "dbt", "dbt_version": "1.12.0", "profile_name": "hubspot_analytics", "target_name": "dev", "node_id": "model.hubspot_analytics.analytics_deals"} */

    
  
    
    

    create temporary table
      "analytics_deals__dbt_tmp20260802181836198432"
  
    as (
      

with principal as (
    select deal_id, min(contact_id) as primary_contact_id
    from "analytics"."main_gold"."assoc_deal_contact"
    where is_primary
    group by 1
),

qualquer_contato as (
    select deal_id, min(contact_id) as contact_id
    from "analytics"."main_gold"."assoc_deal_contact"
    group by 1
),

empresa as (
    select deal_id, min(company_id) as company_id
    from "analytics"."main_gold"."assoc_deal_company"
    group by 1
)

select
    d.deal_id,
    deal_name,
    pipeline_id,
    stage_id,
    amount,
    owner_id,
    deal_type,
    created_at,
    updated_at,
    close_date,
    coalesce(p.primary_contact_id, q.contact_id) as primary_contact_id,
    e.company_id,
    -- deriváveis do estágio; ajustar aos ids reais dos estágios de
    -- fechamento do pipeline de vocês (API de pipelines resolve labels)
    coalesce(stage_id ilike '%closedwon%', false)   as is_won,
    coalesce(stage_id ilike '%closed%', false)      as is_closed,
    _loaded_at
from "analytics"."main_staging"."stg_hubspot__deals" d
left join principal p on d.deal_id = p.deal_id
left join qualquer_contato q on d.deal_id = q.deal_id
left join empresa e on d.deal_id = e.deal_id


where updated_at > (select coalesce(max(updated_at), timestamp '1970-01-01') from "analytics"."main_gold"."analytics_deals")

    );
  
  
  
[0m18:18:36.282712 [debug] [Thread-3 (]: Finished running node model.hubspot_analytics.analytics_companies
[0m18:18:36.283712 [debug] [Thread-2 (]: Opening a new connection, currently in state closed
[0m18:18:36.284713 [debug] [Thread-4 (]: On snapshot.hubspot_analytics.snap_deals_stage: /* {"app": "dbt", "dbt_version": "1.12.0", "profile_name": "hubspot_analytics", "target_name": "dev", "node_id": "snapshot.hubspot_analytics.snap_deals_stage"} */

        
  
    
    

    create  table
      "snap_deals_stage__dbt_tmp20260802181836278711"
  
    as (
      
    
    with snapshot_query as (

        



-- SCD2 do estágio do deal: cada mudança de dealstage gera uma nova
-- versão com dbt_valid_from/dbt_valid_to. Base do analytics_deal_stage_hist.
select
    deal_id,
    pipeline_id,
    stage_id
from "analytics"."main_staging"."stg_hubspot__deals"


    ),

    snapshotted_data as (

        select *, 
    
        deal_id as dbt_unique_key
    

        from "analytics"."snapshots"."snap_deals_stage"
        where
            
                dbt_valid_to is null
            

    ),

    insertions_source_data as (

        select *, 
    
        deal_id as dbt_unique_key
    
,
            now()::timestamp as dbt_updated_at,
            now()::timestamp as dbt_valid_from,
            
  
  coalesce(nullif(now()::timestamp, now()::timestamp), null)
  as dbt_valid_to
,
            md5(coalesce(cast(deal_id as varchar ), '')
         || '|' || coalesce(cast(now()::timestamp as varchar ), '')
        ) as dbt_scd_id

        from snapshot_query
    ),

    updates_source_data as (

        select *, 
    
        deal_id as dbt_unique_key
    
,
            now()::timestamp as dbt_updated_at,
            now()::timestamp as dbt_valid_from,
            now()::timestamp as dbt_valid_to

        from snapshot_query
    ),

    insertions as (

        select
            'insert' as dbt_change_type,
            source_data.*

        from insertions_source_data as source_data
        left outer join snapshotted_data
            on 
    
        snapshotted_data.dbt_unique_key = source_data.dbt_unique_key
    

            where 
    
        snapshotted_data.dbt_unique_key is null
    

            or (
    
        snapshotted_data.dbt_unique_key is not null
    
 and (
               (snapshotted_data."stage_id" != source_data."stage_id"
        or
        (
            ((snapshotted_data."stage_id" is null) and not (source_data."stage_id" is null))
            or
            ((not snapshotted_data."stage_id" is null) and (source_data."stage_id" is null))
        ))
            )

        )

    ),

    updates as (

        select
            'update' as dbt_change_type,
            source_data.*,
            snapshotted_data.dbt_scd_id

        from updates_source_data as source_data
        join snapshotted_data
            on 
    
        snapshotted_data.dbt_unique_key = source_data.dbt_unique_key
    

        where (
            (snapshotted_data."stage_id" != source_data."stage_id"
        or
        (
            ((snapshotted_data."stage_id" is null) and not (source_data."stage_id" is null))
            or
            ((not snapshotted_data."stage_id" is null) and (source_data."stage_id" is null))
        ))
        )
    )

    select * from insertions
    union all
    select * from updates

    );
  
  
    
[0m18:18:36.285713 [debug] [Thread-1 (]: Opening a new connection, currently in state closed
[0m18:18:36.287720 [debug] [Thread-3 (]: Began running node test.hubspot_analytics.not_null_analytics_calls_call_id.143449bff2
[0m18:18:36.292714 [info ] [Thread-3 (]: 25 of 43 START test not_null_analytics_calls_call_id ........................... [RUN]
[0m18:18:36.294714 [debug] [Thread-3 (]: Re-using an available connection from the pool (formerly model.hubspot_analytics.analytics_companies, now test.hubspot_analytics.not_null_analytics_calls_call_id.143449bff2)
[0m18:18:36.296714 [debug] [Thread-3 (]: Began compiling node test.hubspot_analytics.not_null_analytics_calls_call_id.143449bff2
[0m18:18:36.321114 [debug] [Thread-3 (]: Writing injected SQL for node "test.hubspot_analytics.not_null_analytics_calls_call_id.143449bff2"
[0m18:18:36.330827 [debug] [Thread-3 (]: Began executing node test.hubspot_analytics.not_null_analytics_calls_call_id.143449bff2
[0m18:18:36.379872 [debug] [Thread-3 (]: Writing runtime sql for node "test.hubspot_analytics.not_null_analytics_calls_call_id.143449bff2"
[0m18:18:36.386874 [debug] [Thread-3 (]: Using duckdb connection "test.hubspot_analytics.not_null_analytics_calls_call_id.143449bff2"
[0m18:18:36.387873 [debug] [Thread-3 (]: On test.hubspot_analytics.not_null_analytics_calls_call_id.143449bff2: BEGIN
[0m18:18:36.388878 [debug] [Thread-3 (]: Opening a new connection, currently in state closed
[0m18:18:36.391405 [debug] [Thread-3 (]: SQL status: OK in 0.001 seconds
[0m18:18:36.392421 [debug] [Thread-3 (]: Using duckdb connection "test.hubspot_analytics.not_null_analytics_calls_call_id.143449bff2"
[0m18:18:36.394417 [debug] [Thread-3 (]: On test.hubspot_analytics.not_null_analytics_calls_call_id.143449bff2: /* {"app": "dbt", "dbt_version": "1.12.0", "profile_name": "hubspot_analytics", "target_name": "dev", "node_id": "test.hubspot_analytics.not_null_analytics_calls_call_id.143449bff2"} */

    
    select
      count(*) as failures,
      count(*) != 0 as should_warn,
      count(*) != 0 as should_error
    from (
      
    
  
    
    



select call_id
from "analytics"."main_gold"."analytics_calls"
where call_id is null



  
  
      
    ) dbt_internal_test
[0m18:18:36.397421 [debug] [Thread-3 (]: SQL status: OK in 0.001 seconds
[0m18:18:36.403417 [debug] [Thread-3 (]: On test.hubspot_analytics.not_null_analytics_calls_call_id.143449bff2: ROLLBACK
[0m18:18:36.405416 [debug] [Thread-3 (]: Failed to rollback 'test.hubspot_analytics.not_null_analytics_calls_call_id.143449bff2'
[0m18:18:36.405416 [debug] [Thread-3 (]: On test.hubspot_analytics.not_null_analytics_calls_call_id.143449bff2: Close
[0m18:18:36.410039 [info ] [Thread-3 (]: 25 of 43 PASS not_null_analytics_calls_call_id ................................. [[32mPASS[0m in 0.11s]
[0m18:18:36.412038 [debug] [Thread-3 (]: Finished running node test.hubspot_analytics.not_null_analytics_calls_call_id.143449bff2
[0m18:18:36.414037 [debug] [Thread-3 (]: Began running node test.hubspot_analytics.unique_analytics_calls_call_id.0d83723609
[0m18:18:36.416038 [info ] [Thread-3 (]: 26 of 43 START test unique_analytics_calls_call_id ............................. [RUN]
[0m18:18:36.418038 [debug] [Thread-3 (]: Re-using an available connection from the pool (formerly test.hubspot_analytics.not_null_analytics_calls_call_id.143449bff2, now test.hubspot_analytics.unique_analytics_calls_call_id.0d83723609)
[0m18:18:36.420041 [debug] [Thread-3 (]: Began compiling node test.hubspot_analytics.unique_analytics_calls_call_id.0d83723609
[0m18:18:36.445494 [debug] [Thread-3 (]: Writing injected SQL for node "test.hubspot_analytics.unique_analytics_calls_call_id.0d83723609"
[0m18:18:36.455011 [debug] [Thread-3 (]: Began executing node test.hubspot_analytics.unique_analytics_calls_call_id.0d83723609
[0m18:18:36.462016 [debug] [Thread-3 (]: Writing runtime sql for node "test.hubspot_analytics.unique_analytics_calls_call_id.0d83723609"
[0m18:18:36.470020 [debug] [Thread-3 (]: Using duckdb connection "test.hubspot_analytics.unique_analytics_calls_call_id.0d83723609"
[0m18:18:36.472013 [debug] [Thread-3 (]: On test.hubspot_analytics.unique_analytics_calls_call_id.0d83723609: BEGIN
[0m18:18:36.474013 [debug] [Thread-3 (]: Opening a new connection, currently in state closed
[0m18:18:36.476717 [debug] [Thread-3 (]: SQL status: OK in 0.003 seconds
[0m18:18:36.478719 [debug] [Thread-3 (]: Using duckdb connection "test.hubspot_analytics.unique_analytics_calls_call_id.0d83723609"
[0m18:18:36.481717 [debug] [Thread-3 (]: On test.hubspot_analytics.unique_analytics_calls_call_id.0d83723609: /* {"app": "dbt", "dbt_version": "1.12.0", "profile_name": "hubspot_analytics", "target_name": "dev", "node_id": "test.hubspot_analytics.unique_analytics_calls_call_id.0d83723609"} */

    
    select
      count(*) as failures,
      count(*) != 0 as should_warn,
      count(*) != 0 as should_error
    from (
      
    
  
    
    

select
    call_id as unique_field,
    count(*) as n_records

from "analytics"."main_gold"."analytics_calls"
where call_id is not null
group by call_id
having count(*) > 1



  
  
      
    ) dbt_internal_test
[0m18:18:36.500717 [debug] [Thread-3 (]: SQL status: OK in 0.017 seconds
[0m18:18:36.505712 [debug] [Thread-3 (]: On test.hubspot_analytics.unique_analytics_calls_call_id.0d83723609: ROLLBACK
[0m18:18:36.508180 [debug] [Thread-3 (]: Failed to rollback 'test.hubspot_analytics.unique_analytics_calls_call_id.0d83723609'
[0m18:18:36.510195 [debug] [Thread-3 (]: On test.hubspot_analytics.unique_analytics_calls_call_id.0d83723609: Close
[0m18:18:36.513195 [info ] [Thread-3 (]: 26 of 43 PASS unique_analytics_calls_call_id ................................... [[32mPASS[0m in 0.10s]
[0m18:18:36.518197 [debug] [Thread-3 (]: Finished running node test.hubspot_analytics.unique_analytics_calls_call_id.0d83723609
[0m18:18:36.520196 [debug] [Thread-3 (]: Began running node test.hubspot_analytics.not_null_analytics_meetings_meeting_id.97a9d500f6
[0m18:18:36.522197 [info ] [Thread-3 (]: 27 of 43 START test not_null_analytics_meetings_meeting_id ..................... [RUN]
[0m18:18:36.525618 [debug] [Thread-3 (]: Re-using an available connection from the pool (formerly test.hubspot_analytics.unique_analytics_calls_call_id.0d83723609, now test.hubspot_analytics.not_null_analytics_meetings_meeting_id.97a9d500f6)
[0m18:18:36.527552 [debug] [Thread-3 (]: Began compiling node test.hubspot_analytics.not_null_analytics_meetings_meeting_id.97a9d500f6
[0m18:18:36.557154 [debug] [Thread-3 (]: Writing injected SQL for node "test.hubspot_analytics.not_null_analytics_meetings_meeting_id.97a9d500f6"
[0m18:18:36.576794 [debug] [Thread-3 (]: Began executing node test.hubspot_analytics.not_null_analytics_meetings_meeting_id.97a9d500f6
[0m18:18:36.582794 [debug] [Thread-3 (]: Writing runtime sql for node "test.hubspot_analytics.not_null_analytics_meetings_meeting_id.97a9d500f6"
[0m18:18:36.595728 [debug] [Thread-3 (]: Using duckdb connection "test.hubspot_analytics.not_null_analytics_meetings_meeting_id.97a9d500f6"
[0m18:18:36.596727 [debug] [Thread-3 (]: On test.hubspot_analytics.not_null_analytics_meetings_meeting_id.97a9d500f6: BEGIN
[0m18:18:36.598725 [debug] [Thread-3 (]: Opening a new connection, currently in state closed
[0m18:18:36.601728 [debug] [Thread-3 (]: SQL status: OK in 0.003 seconds
[0m18:18:36.603723 [debug] [Thread-3 (]: Using duckdb connection "test.hubspot_analytics.not_null_analytics_meetings_meeting_id.97a9d500f6"
[0m18:18:36.605725 [debug] [Thread-3 (]: On test.hubspot_analytics.not_null_analytics_meetings_meeting_id.97a9d500f6: /* {"app": "dbt", "dbt_version": "1.12.0", "profile_name": "hubspot_analytics", "target_name": "dev", "node_id": "test.hubspot_analytics.not_null_analytics_meetings_meeting_id.97a9d500f6"} */

    
    select
      count(*) as failures,
      count(*) != 0 as should_warn,
      count(*) != 0 as should_error
    from (
      
    
  
    
    



select meeting_id
from "analytics"."main_gold"."analytics_meetings"
where meeting_id is null



  
  
      
    ) dbt_internal_test
[0m18:18:36.608726 [debug] [Thread-3 (]: SQL status: OK in 0.002 seconds
[0m18:18:36.613729 [debug] [Thread-3 (]: On test.hubspot_analytics.not_null_analytics_meetings_meeting_id.97a9d500f6: ROLLBACK
[0m18:18:36.615727 [debug] [Thread-3 (]: Failed to rollback 'test.hubspot_analytics.not_null_analytics_meetings_meeting_id.97a9d500f6'
[0m18:18:36.617727 [debug] [Thread-3 (]: On test.hubspot_analytics.not_null_analytics_meetings_meeting_id.97a9d500f6: Close
[0m18:18:36.620728 [info ] [Thread-3 (]: 27 of 43 PASS not_null_analytics_meetings_meeting_id ........................... [[32mPASS[0m in 0.09s]
[0m18:18:36.622726 [debug] [Thread-3 (]: Finished running node test.hubspot_analytics.not_null_analytics_meetings_meeting_id.97a9d500f6
[0m18:18:36.625748 [debug] [Thread-3 (]: Began running node test.hubspot_analytics.unique_analytics_meetings_meeting_id.ef69a9ac15
[0m18:18:36.627749 [info ] [Thread-3 (]: 28 of 43 START test unique_analytics_meetings_meeting_id ....................... [RUN]
[0m18:18:36.630750 [debug] [Thread-3 (]: Re-using an available connection from the pool (formerly test.hubspot_analytics.not_null_analytics_meetings_meeting_id.97a9d500f6, now test.hubspot_analytics.unique_analytics_meetings_meeting_id.ef69a9ac15)
[0m18:18:36.632749 [debug] [Thread-3 (]: Began compiling node test.hubspot_analytics.unique_analytics_meetings_meeting_id.ef69a9ac15
[0m18:18:36.655893 [debug] [Thread-3 (]: Writing injected SQL for node "test.hubspot_analytics.unique_analytics_meetings_meeting_id.ef69a9ac15"
[0m18:18:36.664889 [debug] [Thread-3 (]: Began executing node test.hubspot_analytics.unique_analytics_meetings_meeting_id.ef69a9ac15
[0m18:18:36.669887 [debug] [Thread-3 (]: Writing runtime sql for node "test.hubspot_analytics.unique_analytics_meetings_meeting_id.ef69a9ac15"
[0m18:18:36.678890 [debug] [Thread-3 (]: Using duckdb connection "test.hubspot_analytics.unique_analytics_meetings_meeting_id.ef69a9ac15"
[0m18:18:36.679886 [debug] [Thread-3 (]: On test.hubspot_analytics.unique_analytics_meetings_meeting_id.ef69a9ac15: BEGIN
[0m18:18:36.681893 [debug] [Thread-3 (]: Opening a new connection, currently in state closed
[0m18:18:36.683889 [debug] [Thread-3 (]: SQL status: OK in 0.002 seconds
[0m18:18:36.685886 [debug] [Thread-3 (]: Using duckdb connection "test.hubspot_analytics.unique_analytics_meetings_meeting_id.ef69a9ac15"
[0m18:18:36.686892 [debug] [Thread-3 (]: On test.hubspot_analytics.unique_analytics_meetings_meeting_id.ef69a9ac15: /* {"app": "dbt", "dbt_version": "1.12.0", "profile_name": "hubspot_analytics", "target_name": "dev", "node_id": "test.hubspot_analytics.unique_analytics_meetings_meeting_id.ef69a9ac15"} */

    
    select
      count(*) as failures,
      count(*) != 0 as should_warn,
      count(*) != 0 as should_error
    from (
      
    
  
    
    

select
    meeting_id as unique_field,
    count(*) as n_records

from "analytics"."main_gold"."analytics_meetings"
where meeting_id is not null
group by meeting_id
having count(*) > 1



  
  
      
    ) dbt_internal_test
[0m18:18:36.692405 [debug] [Thread-3 (]: SQL status: OK in 0.004 seconds
[0m18:18:36.697409 [debug] [Thread-3 (]: On test.hubspot_analytics.unique_analytics_meetings_meeting_id.ef69a9ac15: ROLLBACK
[0m18:18:36.699407 [debug] [Thread-3 (]: Failed to rollback 'test.hubspot_analytics.unique_analytics_meetings_meeting_id.ef69a9ac15'
[0m18:18:36.701408 [debug] [Thread-3 (]: On test.hubspot_analytics.unique_analytics_meetings_meeting_id.ef69a9ac15: Close
[0m18:18:36.703411 [info ] [Thread-3 (]: 28 of 43 PASS unique_analytics_meetings_meeting_id ............................. [[32mPASS[0m in 0.07s]
[0m18:18:36.705408 [debug] [Thread-3 (]: Finished running node test.hubspot_analytics.unique_analytics_meetings_meeting_id.ef69a9ac15
[0m18:18:36.707408 [debug] [Thread-3 (]: Began running node test.hubspot_analytics.not_null_analytics_companies_company_id.785e1236e3
[0m18:18:36.710408 [info ] [Thread-3 (]: 29 of 43 START test not_null_analytics_companies_company_id .................... [RUN]
[0m18:18:36.714410 [debug] [Thread-3 (]: Re-using an available connection from the pool (formerly test.hubspot_analytics.unique_analytics_meetings_meeting_id.ef69a9ac15, now test.hubspot_analytics.not_null_analytics_companies_company_id.785e1236e3)
[0m18:18:36.716411 [debug] [Thread-3 (]: Began compiling node test.hubspot_analytics.not_null_analytics_companies_company_id.785e1236e3
[0m18:18:36.733805 [debug] [Thread-3 (]: Writing injected SQL for node "test.hubspot_analytics.not_null_analytics_companies_company_id.785e1236e3"
[0m18:18:36.786955 [debug] [Thread-3 (]: Began executing node test.hubspot_analytics.not_null_analytics_companies_company_id.785e1236e3
[0m18:18:36.795422 [debug] [Thread-3 (]: Writing runtime sql for node "test.hubspot_analytics.not_null_analytics_companies_company_id.785e1236e3"
[0m18:18:36.802415 [debug] [Thread-4 (]: SQL status: OK in 0.513 seconds
[0m18:18:36.808082 [debug] [Thread-4 (]: Using duckdb connection "snapshot.hubspot_analytics.snap_deals_stage"
[0m18:18:36.810096 [debug] [Thread-4 (]: On snapshot.hubspot_analytics.snap_deals_stage: /* {"app": "dbt", "dbt_version": "1.12.0", "profile_name": "hubspot_analytics", "target_name": "dev", "node_id": "snapshot.hubspot_analytics.snap_deals_stage"} */

      select
          column_name,
          data_type,
          character_maximum_length,
          numeric_precision,
          numeric_scale

      from system.information_schema.columns
      where table_name = 'snap_deals_stage__dbt_tmp20260802181836278711'
      
      
      order by ordinal_position

  
[0m18:18:36.814097 [debug] [Thread-3 (]: Using duckdb connection "test.hubspot_analytics.not_null_analytics_companies_company_id.785e1236e3"
[0m18:18:36.817095 [debug] [Thread-3 (]: On test.hubspot_analytics.not_null_analytics_companies_company_id.785e1236e3: BEGIN
[0m18:18:36.819094 [debug] [Thread-3 (]: Opening a new connection, currently in state closed
[0m18:18:36.820096 [debug] [Thread-4 (]: SQL status: OK in 0.007 seconds
[0m18:18:36.822096 [debug] [Thread-3 (]: SQL status: OK in 0.004 seconds
[0m18:18:36.829766 [debug] [Thread-4 (]: Using duckdb connection "snapshot.hubspot_analytics.snap_deals_stage"
[0m18:18:36.831767 [debug] [Thread-3 (]: Using duckdb connection "test.hubspot_analytics.not_null_analytics_companies_company_id.785e1236e3"
[0m18:18:36.835777 [debug] [Thread-3 (]: On test.hubspot_analytics.not_null_analytics_companies_company_id.785e1236e3: /* {"app": "dbt", "dbt_version": "1.12.0", "profile_name": "hubspot_analytics", "target_name": "dev", "node_id": "test.hubspot_analytics.not_null_analytics_companies_company_id.785e1236e3"} */

    
    select
      count(*) as failures,
      count(*) != 0 as should_warn,
      count(*) != 0 as should_error
    from (
      
    
  
    
    



select company_id
from "analytics"."main_gold"."analytics_companies"
where company_id is null



  
  
      
    ) dbt_internal_test
[0m18:18:36.838775 [debug] [Thread-3 (]: SQL status: OK in 0.002 seconds
[0m18:18:36.844187 [debug] [Thread-3 (]: On test.hubspot_analytics.not_null_analytics_companies_company_id.785e1236e3: ROLLBACK
[0m18:18:36.833779 [debug] [Thread-4 (]: On snapshot.hubspot_analytics.snap_deals_stage: /* {"app": "dbt", "dbt_version": "1.12.0", "profile_name": "hubspot_analytics", "target_name": "dev", "node_id": "snapshot.hubspot_analytics.snap_deals_stage"} */

      select
          column_name,
          data_type,
          character_maximum_length,
          numeric_precision,
          numeric_scale

      from system.information_schema.columns
      where table_name = 'snap_deals_stage'
      
      and lower(table_schema) = 'snapshots'
      
      
      and lower(table_catalog) = 'analytics'
      
      order by ordinal_position

  
[0m18:18:36.851929 [debug] [Thread-3 (]: Failed to rollback 'test.hubspot_analytics.not_null_analytics_companies_company_id.785e1236e3'
[0m18:18:36.854914 [debug] [Thread-3 (]: On test.hubspot_analytics.not_null_analytics_companies_company_id.785e1236e3: Close
[0m18:18:36.861047 [info ] [Thread-3 (]: 29 of 43 PASS not_null_analytics_companies_company_id .......................... [[32mPASS[0m in 0.15s]
[0m18:18:36.866048 [debug] [Thread-3 (]: Finished running node test.hubspot_analytics.not_null_analytics_companies_company_id.785e1236e3
[0m18:18:36.868048 [debug] [Thread-3 (]: Began running node test.hubspot_analytics.unique_analytics_companies_company_id.fba523d9ad
[0m18:18:36.870046 [info ] [Thread-3 (]: 30 of 43 START test unique_analytics_companies_company_id ...................... [RUN]
[0m18:18:36.874317 [debug] [Thread-3 (]: Re-using an available connection from the pool (formerly test.hubspot_analytics.not_null_analytics_companies_company_id.785e1236e3, now test.hubspot_analytics.unique_analytics_companies_company_id.fba523d9ad)
[0m18:18:36.876332 [debug] [Thread-3 (]: Began compiling node test.hubspot_analytics.unique_analytics_companies_company_id.fba523d9ad
[0m18:18:36.890329 [debug] [Thread-1 (]: SQL status: OK in 0.604 seconds
[0m18:18:36.894328 [debug] [Thread-3 (]: Writing injected SQL for node "test.hubspot_analytics.unique_analytics_companies_company_id.fba523d9ad"
[0m18:18:36.895331 [debug] [Thread-4 (]: SQL status: OK in 0.042 seconds
[0m18:18:36.901329 [debug] [Thread-1 (]: Using duckdb connection "model.hubspot_analytics.analytics_deals"
[0m18:18:36.907927 [debug] [Thread-4 (]: Using duckdb connection "snapshot.hubspot_analytics.snap_deals_stage"
[0m18:18:36.909347 [debug] [Thread-1 (]: On model.hubspot_analytics.analytics_deals: BEGIN
[0m18:18:36.910362 [debug] [Thread-3 (]: Began executing node test.hubspot_analytics.unique_analytics_companies_company_id.fba523d9ad
[0m18:18:36.912359 [debug] [Thread-4 (]: On snapshot.hubspot_analytics.snap_deals_stage: /* {"app": "dbt", "dbt_version": "1.12.0", "profile_name": "hubspot_analytics", "target_name": "dev", "node_id": "snapshot.hubspot_analytics.snap_deals_stage"} */

      select
          column_name,
          data_type,
          character_maximum_length,
          numeric_precision,
          numeric_scale

      from system.information_schema.columns
      where table_name = 'snap_deals_stage__dbt_tmp20260802181836278711'
      
      
      order by ordinal_position

  
[0m18:18:36.915358 [debug] [Thread-1 (]: SQL status: OK in 0.001 seconds
[0m18:18:36.918357 [debug] [Thread-3 (]: Writing runtime sql for node "test.hubspot_analytics.unique_analytics_companies_company_id.fba523d9ad"
[0m18:18:36.920361 [debug] [Thread-1 (]: Using duckdb connection "model.hubspot_analytics.analytics_deals"
[0m18:18:36.923362 [debug] [Thread-1 (]: On model.hubspot_analytics.analytics_deals: /* {"app": "dbt", "dbt_version": "1.12.0", "profile_name": "hubspot_analytics", "target_name": "dev", "node_id": "model.hubspot_analytics.analytics_deals"} */

      select
          column_name,
          data_type,
          character_maximum_length,
          numeric_precision,
          numeric_scale

      from system.information_schema.columns
      where table_name = 'analytics_deals__dbt_tmp20260802181836198432'
      
      
      order by ordinal_position

  
[0m18:18:36.926360 [debug] [Thread-4 (]: SQL status: OK in 0.007 seconds
[0m18:18:36.932360 [debug] [Thread-4 (]: Using duckdb connection "snapshot.hubspot_analytics.snap_deals_stage"
[0m18:18:36.933358 [debug] [Thread-3 (]: Using duckdb connection "test.hubspot_analytics.unique_analytics_companies_company_id.fba523d9ad"
[0m18:18:36.934366 [debug] [Thread-1 (]: SQL status: OK in 0.009 seconds
[0m18:18:36.935366 [debug] [Thread-4 (]: On snapshot.hubspot_analytics.snap_deals_stage: /* {"app": "dbt", "dbt_version": "1.12.0", "profile_name": "hubspot_analytics", "target_name": "dev", "node_id": "snapshot.hubspot_analytics.snap_deals_stage"} */

      select
          column_name,
          data_type,
          character_maximum_length,
          numeric_precision,
          numeric_scale

      from system.information_schema.columns
      where table_name = 'snap_deals_stage'
      
      and lower(table_schema) = 'snapshots'
      
      
      and lower(table_catalog) = 'analytics'
      
      order by ordinal_position

  
[0m18:18:36.937368 [debug] [Thread-3 (]: On test.hubspot_analytics.unique_analytics_companies_company_id.fba523d9ad: BEGIN
[0m18:18:36.945368 [debug] [Thread-1 (]: Using duckdb connection "model.hubspot_analytics.analytics_deals"
[0m18:18:36.947364 [debug] [Thread-3 (]: Opening a new connection, currently in state closed
[0m18:18:36.949882 [debug] [Thread-1 (]: On model.hubspot_analytics.analytics_deals: /* {"app": "dbt", "dbt_version": "1.12.0", "profile_name": "hubspot_analytics", "target_name": "dev", "node_id": "model.hubspot_analytics.analytics_deals"} */

      select
          column_name,
          data_type,
          character_maximum_length,
          numeric_precision,
          numeric_scale

      from system.information_schema.columns
      where table_name = 'analytics_deals'
      
      and lower(table_schema) = 'main_gold'
      
      
      and lower(table_catalog) = 'analytics'
      
      order by ordinal_position

  
[0m18:18:36.951879 [debug] [Thread-4 (]: SQL status: OK in 0.005 seconds
[0m18:18:36.952884 [debug] [Thread-3 (]: SQL status: OK in 0.005 seconds
[0m18:18:36.965101 [debug] [Thread-4 (]: Using duckdb connection "snapshot.hubspot_analytics.snap_deals_stage"
[0m18:18:36.966083 [debug] [Thread-1 (]: SQL status: OK in 0.012 seconds
[0m18:18:36.967083 [debug] [Thread-3 (]: Using duckdb connection "test.hubspot_analytics.unique_analytics_companies_company_id.fba523d9ad"
[0m18:18:36.968085 [debug] [Thread-4 (]: On snapshot.hubspot_analytics.snap_deals_stage: /* {"app": "dbt", "dbt_version": "1.12.0", "profile_name": "hubspot_analytics", "target_name": "dev", "node_id": "snapshot.hubspot_analytics.snap_deals_stage"} */

      select
          column_name,
          data_type,
          character_maximum_length,
          numeric_precision,
          numeric_scale

      from system.information_schema.columns
      where table_name = 'snap_deals_stage__dbt_tmp20260802181836278711'
      
      
      order by ordinal_position

  
[0m18:18:36.975729 [debug] [Thread-1 (]: Using duckdb connection "model.hubspot_analytics.analytics_deals"
[0m18:18:36.977733 [debug] [Thread-3 (]: On test.hubspot_analytics.unique_analytics_companies_company_id.fba523d9ad: /* {"app": "dbt", "dbt_version": "1.12.0", "profile_name": "hubspot_analytics", "target_name": "dev", "node_id": "test.hubspot_analytics.unique_analytics_companies_company_id.fba523d9ad"} */

    
    select
      count(*) as failures,
      count(*) != 0 as should_warn,
      count(*) != 0 as should_error
    from (
      
    
  
    
    

select
    company_id as unique_field,
    count(*) as n_records

from "analytics"."main_gold"."analytics_companies"
where company_id is not null
group by company_id
having count(*) > 1



  
  
      
    ) dbt_internal_test
[0m18:18:36.980727 [debug] [Thread-1 (]: On model.hubspot_analytics.analytics_deals: /* {"app": "dbt", "dbt_version": "1.12.0", "profile_name": "hubspot_analytics", "target_name": "dev", "node_id": "model.hubspot_analytics.analytics_deals"} */

      select
          column_name,
          data_type,
          character_maximum_length,
          numeric_precision,
          numeric_scale

      from system.information_schema.columns
      where table_name = 'analytics_deals'
      
      and lower(table_schema) = 'main_gold'
      
      
      and lower(table_catalog) = 'analytics'
      
      order by ordinal_position

  
[0m18:18:36.984727 [debug] [Thread-4 (]: SQL status: OK in 0.005 seconds
[0m18:18:37.014036 [debug] [Thread-3 (]: SQL status: OK in 0.032 seconds
[0m18:18:37.015041 [debug] [Thread-1 (]: SQL status: OK in 0.032 seconds
[0m18:18:37.017036 [debug] [Thread-4 (]: Using duckdb connection "snapshot.hubspot_analytics.snap_deals_stage"
[0m18:18:37.020037 [debug] [Thread-3 (]: On test.hubspot_analytics.unique_analytics_companies_company_id.fba523d9ad: ROLLBACK
[0m18:18:37.026675 [debug] [Thread-1 (]: Writing runtime sql for node "model.hubspot_analytics.analytics_deals"
[0m18:18:37.027679 [debug] [Thread-4 (]: On snapshot.hubspot_analytics.snap_deals_stage: /* {"app": "dbt", "dbt_version": "1.12.0", "profile_name": "hubspot_analytics", "target_name": "dev", "node_id": "snapshot.hubspot_analytics.snap_deals_stage"} */
DESCRIBE (select * from (
        
    
    with snapshot_query as (

        



-- SCD2 do estágio do deal: cada mudança de dealstage gera uma nova
-- versão com dbt_valid_from/dbt_valid_to. Base do analytics_deal_stage_hist.
select
    deal_id,
    pipeline_id,
    stage_id
from "analytics"."main_staging"."stg_hubspot__deals"


    ),

    snapshotted_data as (

        select *, 
    
        deal_id as dbt_unique_key
    

        from "analytics"."snapshots"."snap_deals_stage"
        where
            
                dbt_valid_to is null
            

    ),

    insertions_source_data as (

        select *, 
    
        deal_id as dbt_unique_key
    
,
            now()::timestamp as dbt_updated_at,
            now()::timestamp as dbt_valid_from,
            
  
  coalesce(nullif(now()::timestamp, now()::timestamp), null)
  as dbt_valid_to
,
            md5(coalesce(cast(deal_id as varchar ), '')
         || '|' || coalesce(cast(now()::timestamp as varchar ), '')
        ) as dbt_scd_id

        from snapshot_query
    ),

    updates_source_data as (

        select *, 
    
        deal_id as dbt_unique_key
    
,
            now()::timestamp as dbt_updated_at,
            now()::timestamp as dbt_valid_from,
            now()::timestamp as dbt_valid_to

        from snapshot_query
    ),

    insertions as (

        select
            'insert' as dbt_change_type,
            source_data.*

        from insertions_source_data as source_data
        left outer join snapshotted_data
            on 
    
        snapshotted_data.dbt_unique_key = source_data.dbt_unique_key
    

            where 
    
        snapshotted_data.dbt_unique_key is null
    

            or (
    
        snapshotted_data.dbt_unique_key is not null
    
 and (
               (snapshotted_data."stage_id" != source_data."stage_id"
        or
        (
            ((snapshotted_data."stage_id" is null) and not (source_data."stage_id" is null))
            or
            ((not snapshotted_data."stage_id" is null) and (source_data."stage_id" is null))
        ))
            )

        )

    ),

    updates as (

        select
            'update' as dbt_change_type,
            source_data.*,
            snapshotted_data.dbt_scd_id

        from updates_source_data as source_data
        join snapshotted_data
            on 
    
        snapshotted_data.dbt_unique_key = source_data.dbt_unique_key
    

        where (
            (snapshotted_data."stage_id" != source_data."stage_id"
        or
        (
            ((snapshotted_data."stage_id" is null) and not (source_data."stage_id" is null))
            or
            ((not snapshotted_data."stage_id" is null) and (source_data."stage_id" is null))
        ))
        )
    )

    select * from insertions
    union all
    select * from updates

    ) as __dbt_sbq
    where false
    limit 0
)
[0m18:18:37.029681 [debug] [Thread-3 (]: Failed to rollback 'test.hubspot_analytics.unique_analytics_companies_company_id.fba523d9ad'
[0m18:18:37.032673 [debug] [Thread-3 (]: On test.hubspot_analytics.unique_analytics_companies_company_id.fba523d9ad: Close
[0m18:18:37.034688 [info ] [Thread-3 (]: 30 of 43 PASS unique_analytics_companies_company_id ............................ [[32mPASS[0m in 0.16s]
[0m18:18:37.036685 [debug] [Thread-3 (]: Finished running node test.hubspot_analytics.unique_analytics_companies_company_id.fba523d9ad
[0m18:18:37.037684 [debug] [Thread-1 (]: Using duckdb connection "model.hubspot_analytics.analytics_deals"
[0m18:18:37.038687 [debug] [Thread-3 (]: Began running node model.hubspot_analytics.fct_activities
[0m18:18:37.041338 [debug] [Thread-1 (]: On model.hubspot_analytics.analytics_deals: /* {"app": "dbt", "dbt_version": "1.12.0", "profile_name": "hubspot_analytics", "target_name": "dev", "node_id": "model.hubspot_analytics.analytics_deals"} */

        
            delete from "analytics"."main_gold"."analytics_deals"
            where (
                deal_id) in (
                select (deal_id)
                from "analytics_deals__dbt_tmp20260802181836198432"
            );

        
    

    insert into "analytics"."main_gold"."analytics_deals" ("deal_id", "deal_name", "pipeline_id", "stage_id", "amount", "owner_id", "deal_type", "created_at", "updated_at", "close_date", "primary_contact_id", "company_id", "is_won", "is_closed", "_loaded_at")
    (
        select "deal_id", "deal_name", "pipeline_id", "stage_id", "amount", "owner_id", "deal_type", "created_at", "updated_at", "close_date", "primary_contact_id", "company_id", "is_won", "is_closed", "_loaded_at"
        from "analytics_deals__dbt_tmp20260802181836198432"
    )
  
[0m18:18:37.043359 [info ] [Thread-3 (]: 31 of 43 START sql table model main_gold.fct_activities ........................ [RUN]
[0m18:18:37.047351 [debug] [Thread-3 (]: Re-using an available connection from the pool (formerly test.hubspot_analytics.unique_analytics_companies_company_id.fba523d9ad, now model.hubspot_analytics.fct_activities)
[0m18:18:37.048864 [debug] [Thread-3 (]: Began compiling node model.hubspot_analytics.fct_activities
[0m18:18:37.049876 [debug] [Thread-1 (]: SQL status: OK in 0.004 seconds
[0m18:18:37.058055 [debug] [Thread-3 (]: Writing injected SQL for node "model.hubspot_analytics.fct_activities"
[0m18:18:37.061225 [debug] [Thread-1 (]: On model.hubspot_analytics.analytics_deals: COMMIT
[0m18:18:37.064221 [debug] [Thread-1 (]: Using duckdb connection "model.hubspot_analytics.analytics_deals"
[0m18:18:37.066220 [debug] [Thread-1 (]: On model.hubspot_analytics.analytics_deals: COMMIT
[0m18:18:37.068221 [debug] [Thread-1 (]: SQL status: OK in 0.001 seconds
[0m18:18:37.070219 [debug] [Thread-1 (]: On model.hubspot_analytics.analytics_deals: Close
[0m18:18:37.071219 [debug] [Thread-3 (]: Began executing node model.hubspot_analytics.fct_activities
[0m18:18:37.073216 [debug] [Thread-1 (]: Sending event: {'category': 'dbt', 'action': 'run_model', 'label': '50196a9f-9b03-4380-a8d4-54b219fe9af3', 'context': [<snowplow_tracker.self_describing_json.SelfDescribingJson object at 0x000001A605F78390>]}
[0m18:18:37.081221 [debug] [Thread-3 (]: Writing runtime sql for node "model.hubspot_analytics.fct_activities"
[0m18:18:37.083224 [info ] [Thread-1 (]: 24 of 43 OK created sql incremental model main_gold.analytics_deals ............ [[32mOK[0m in 0.95s]
[0m18:18:37.086221 [debug] [Thread-1 (]: Finished running node model.hubspot_analytics.analytics_deals
[0m18:18:37.087227 [debug] [Thread-1 (]: Began running node test.hubspot_analytics.not_null_analytics_deals_deal_id.a861617566
[0m18:18:37.089224 [info ] [Thread-1 (]: 32 of 43 START test not_null_analytics_deals_deal_id ........................... [RUN]
[0m18:18:37.091226 [debug] [Thread-1 (]: Re-using an available connection from the pool (formerly model.hubspot_analytics.analytics_deals, now test.hubspot_analytics.not_null_analytics_deals_deal_id.a861617566)
[0m18:18:37.093431 [debug] [Thread-1 (]: Began compiling node test.hubspot_analytics.not_null_analytics_deals_deal_id.a861617566
[0m18:18:37.095430 [debug] [Thread-3 (]: Using duckdb connection "model.hubspot_analytics.fct_activities"
[0m18:18:37.107974 [debug] [Thread-1 (]: Writing injected SQL for node "test.hubspot_analytics.not_null_analytics_deals_deal_id.a861617566"
[0m18:18:37.108994 [debug] [Thread-3 (]: On model.hubspot_analytics.fct_activities: BEGIN
[0m18:18:37.111989 [debug] [Thread-3 (]: Opening a new connection, currently in state closed
[0m18:18:37.114987 [debug] [Thread-3 (]: SQL status: OK in 0.002 seconds
[0m18:18:37.115993 [debug] [Thread-3 (]: Using duckdb connection "model.hubspot_analytics.fct_activities"
[0m18:18:37.116992 [debug] [Thread-3 (]: On model.hubspot_analytics.fct_activities: /* {"app": "dbt", "dbt_version": "1.12.0", "profile_name": "hubspot_analytics", "target_name": "dev", "node_id": "model.hubspot_analytics.fct_activities"} */

  
    
    

    create  table
      "analytics"."main_gold"."fct_activities__dbt_tmp"
  
    as (
      

-- Calls + meetings unificados e atribuídos a contato, negócio e empresa.
-- Grão: 1 linha por atividade (activity_id + engagement_type).
-- Uma atividade pode ter vários contatos/deals associados; escolhemos o
-- menor id para manter o grão — a relação completa vive nas assoc_*.

with atividades as (

    select
        call_id                     as activity_id,
        'CALL'                      as engagement_type,
        owner_id,
        title,
        occurred_at,
        cast(disposition as varchar) as outcome,
        duration_ms,
        cast(null as timestamp)     as starts_at,
        cast(null as timestamp)     as ends_at,
        _loaded_at
    from "analytics"."main_gold"."analytics_calls"

    union all

    select
        meeting_id,
        'MEETING',
        owner_id,
        title,
        occurred_at,
        cast(outcome as varchar),
        cast(null as integer),
        starts_at,
        ends_at,
        _loaded_at
    from "analytics"."main_gold"."analytics_meetings"

),

contato as (
    select activity_id, engagement_type, min(contact_id) as contact_id
    from "analytics"."main_gold"."assoc_activity_contact"
    group by 1, 2
),

negocio as (
    select activity_id, engagement_type, min(deal_id) as deal_id
    from "analytics"."main_gold"."assoc_activity_deal"
    group by 1, 2
),

empresa as (
    select activity_id, engagement_type, min(company_id) as company_id
    from "analytics"."main_gold"."assoc_activity_company"
    group by 1, 2
),

-- empresa herdada do deal quando a atividade não tem associação direta
empresa_do_deal as (
    select deal_id, min(company_id) as company_id
    from "analytics"."main_gold"."assoc_deal_company"
    group by 1
)

select
    a.activity_id,
    a.engagement_type,
    c.contact_id,
    n.deal_id,
    coalesce(e.company_id, ed.company_id)       as company_id,
    (e.company_id is null and ed.company_id is not null) as empresa_herdada_do_deal,
    a.owner_id,
    a.title,
    a.occurred_at,
    cast(a.occurred_at as date)                 as occurred_data,
    a.outcome,
    a.duration_ms,
    round(a.duration_ms / 60000.0, 2)           as duracao_min,
    a.starts_at,
    a.ends_at,
    -- atividade de qualificação: contato sem negócio associado
    (n.deal_id is null and c.contact_id is not null) as sem_negocio,
    a._loaded_at
from atividades a
left join contato c
       on a.activity_id = c.activity_id and a.engagement_type = c.engagement_type
left join negocio n
       on a.activity_id = n.activity_id and a.engagement_type = n.engagement_type
left join empresa e
       on a.activity_id = e.activity_id and a.engagement_type = e.engagement_type
left join empresa_do_deal ed
       on n.deal_id = ed.deal_id
    );
  
  
[0m18:18:37.117991 [debug] [Thread-1 (]: Began executing node test.hubspot_analytics.not_null_analytics_deals_deal_id.a861617566
[0m18:18:37.122986 [debug] [Thread-1 (]: Writing runtime sql for node "test.hubspot_analytics.not_null_analytics_deals_deal_id.a861617566"
[0m18:18:37.136993 [debug] [Thread-1 (]: Using duckdb connection "test.hubspot_analytics.not_null_analytics_deals_deal_id.a861617566"
[0m18:18:37.138994 [debug] [Thread-1 (]: On test.hubspot_analytics.not_null_analytics_deals_deal_id.a861617566: BEGIN
[0m18:18:37.139996 [debug] [Thread-1 (]: Opening a new connection, currently in state closed
[0m18:18:37.141994 [debug] [Thread-1 (]: SQL status: OK in 0.002 seconds
[0m18:18:37.144994 [debug] [Thread-1 (]: Using duckdb connection "test.hubspot_analytics.not_null_analytics_deals_deal_id.a861617566"
[0m18:18:37.146996 [debug] [Thread-1 (]: On test.hubspot_analytics.not_null_analytics_deals_deal_id.a861617566: /* {"app": "dbt", "dbt_version": "1.12.0", "profile_name": "hubspot_analytics", "target_name": "dev", "node_id": "test.hubspot_analytics.not_null_analytics_deals_deal_id.a861617566"} */

    
    select
      count(*) as failures,
      count(*) != 0 as should_warn,
      count(*) != 0 as should_error
    from (
      
    
  
    
    



select deal_id
from "analytics"."main_gold"."analytics_deals"
where deal_id is null



  
  
      
    ) dbt_internal_test
[0m18:18:37.150514 [debug] [Thread-1 (]: SQL status: OK in 0.002 seconds
[0m18:18:37.155522 [debug] [Thread-1 (]: On test.hubspot_analytics.not_null_analytics_deals_deal_id.a861617566: ROLLBACK
[0m18:18:37.157931 [debug] [Thread-1 (]: Failed to rollback 'test.hubspot_analytics.not_null_analytics_deals_deal_id.a861617566'
[0m18:18:37.160944 [debug] [Thread-1 (]: On test.hubspot_analytics.not_null_analytics_deals_deal_id.a861617566: Close
[0m18:18:37.163944 [info ] [Thread-1 (]: 32 of 43 PASS not_null_analytics_deals_deal_id ................................. [[32mPASS[0m in 0.07s]
[0m18:18:37.166946 [debug] [Thread-1 (]: Finished running node test.hubspot_analytics.not_null_analytics_deals_deal_id.a861617566
[0m18:18:37.167947 [debug] [Thread-1 (]: Began running node test.hubspot_analytics.unique_analytics_deals_deal_id.6ff2924740
[0m18:18:37.169944 [info ] [Thread-1 (]: 33 of 43 START test unique_analytics_deals_deal_id ............................. [RUN]
[0m18:18:37.171943 [debug] [Thread-1 (]: Re-using an available connection from the pool (formerly test.hubspot_analytics.not_null_analytics_deals_deal_id.a861617566, now test.hubspot_analytics.unique_analytics_deals_deal_id.6ff2924740)
[0m18:18:37.174883 [debug] [Thread-1 (]: Began compiling node test.hubspot_analytics.unique_analytics_deals_deal_id.6ff2924740
[0m18:18:37.189877 [debug] [Thread-1 (]: Writing injected SQL for node "test.hubspot_analytics.unique_analytics_deals_deal_id.6ff2924740"
[0m18:18:37.195333 [debug] [Thread-3 (]: SQL status: OK in 0.076 seconds
[0m18:18:37.201328 [debug] [Thread-3 (]: Using duckdb connection "model.hubspot_analytics.fct_activities"
[0m18:18:37.202336 [debug] [Thread-1 (]: Began executing node test.hubspot_analytics.unique_analytics_deals_deal_id.6ff2924740
[0m18:18:37.203330 [debug] [Thread-3 (]: On model.hubspot_analytics.fct_activities: /* {"app": "dbt", "dbt_version": "1.12.0", "profile_name": "hubspot_analytics", "target_name": "dev", "node_id": "model.hubspot_analytics.fct_activities"} */
alter table "analytics"."main_gold"."fct_activities__dbt_tmp" rename to "fct_activities"
[0m18:18:37.205330 [debug] [Thread-1 (]: Writing runtime sql for node "test.hubspot_analytics.unique_analytics_deals_deal_id.6ff2924740"
[0m18:18:37.209004 [debug] [Thread-3 (]: SQL status: OK in 0.001 seconds
[0m18:18:37.213999 [debug] [Thread-3 (]: On model.hubspot_analytics.fct_activities: COMMIT
[0m18:18:37.215997 [debug] [Thread-3 (]: Using duckdb connection "model.hubspot_analytics.fct_activities"
[0m18:18:37.218006 [debug] [Thread-3 (]: On model.hubspot_analytics.fct_activities: COMMIT
[0m18:18:37.221000 [debug] [Thread-1 (]: Using duckdb connection "test.hubspot_analytics.unique_analytics_deals_deal_id.6ff2924740"
[0m18:18:37.222001 [debug] [Thread-1 (]: On test.hubspot_analytics.unique_analytics_deals_deal_id.6ff2924740: BEGIN
[0m18:18:37.222001 [debug] [Thread-1 (]: Opening a new connection, currently in state closed
[0m18:18:37.226688 [debug] [Thread-1 (]: SQL status: OK in 0.002 seconds
[0m18:18:37.228683 [debug] [Thread-1 (]: Using duckdb connection "test.hubspot_analytics.unique_analytics_deals_deal_id.6ff2924740"
[0m18:18:37.230683 [debug] [Thread-1 (]: On test.hubspot_analytics.unique_analytics_deals_deal_id.6ff2924740: /* {"app": "dbt", "dbt_version": "1.12.0", "profile_name": "hubspot_analytics", "target_name": "dev", "node_id": "test.hubspot_analytics.unique_analytics_deals_deal_id.6ff2924740"} */

    
    select
      count(*) as failures,
      count(*) != 0 as should_warn,
      count(*) != 0 as should_error
    from (
      
    
  
    
    

select
    deal_id as unique_field,
    count(*) as n_records

from "analytics"."main_gold"."analytics_deals"
where deal_id is not null
group by deal_id
having count(*) > 1



  
  
      
    ) dbt_internal_test
[0m18:18:37.252828 [debug] [Thread-3 (]: SQL status: OK in 0.034 seconds
[0m18:18:37.255827 [debug] [Thread-3 (]: Using duckdb connection "model.hubspot_analytics.fct_activities"
[0m18:18:37.259070 [debug] [Thread-1 (]: SQL status: OK in 0.027 seconds
[0m18:18:37.261071 [debug] [Thread-3 (]: On model.hubspot_analytics.fct_activities: /* {"app": "dbt", "dbt_version": "1.12.0", "profile_name": "hubspot_analytics", "target_name": "dev", "node_id": "model.hubspot_analytics.fct_activities"} */

      drop table if exists "analytics"."main_gold"."fct_activities__dbt_backup" cascade
    
[0m18:18:37.264073 [debug] [Thread-1 (]: On test.hubspot_analytics.unique_analytics_deals_deal_id.6ff2924740: ROLLBACK
[0m18:18:37.266069 [debug] [Thread-3 (]: SQL status: OK in 0.001 seconds
[0m18:18:37.267068 [debug] [Thread-1 (]: Failed to rollback 'test.hubspot_analytics.unique_analytics_deals_deal_id.6ff2924740'
[0m18:18:37.269069 [debug] [Thread-3 (]: On model.hubspot_analytics.fct_activities: Close
[0m18:18:37.270070 [debug] [Thread-1 (]: On test.hubspot_analytics.unique_analytics_deals_deal_id.6ff2924740: Close
[0m18:18:37.272076 [debug] [Thread-3 (]: Sending event: {'category': 'dbt', 'action': 'run_model', 'label': '50196a9f-9b03-4380-a8d4-54b219fe9af3', 'context': [<snowplow_tracker.self_describing_json.SelfDescribingJson object at 0x000001A605F6C150>]}
[0m18:18:37.273073 [info ] [Thread-1 (]: 33 of 43 PASS unique_analytics_deals_deal_id ................................... [[32mPASS[0m in 0.10s]
[0m18:18:37.276070 [debug] [Thread-1 (]: Finished running node test.hubspot_analytics.unique_analytics_deals_deal_id.6ff2924740
[0m18:18:37.320038 [debug] [Thread-4 (]: SQL status: OK in 0.288 seconds
[0m18:18:37.327608 [debug] [Thread-4 (]: Using duckdb connection "snapshot.hubspot_analytics.snap_deals_stage"
[0m18:18:37.329612 [debug] [Thread-4 (]: On snapshot.hubspot_analytics.snap_deals_stage: /* {"app": "dbt", "dbt_version": "1.12.0", "profile_name": "hubspot_analytics", "target_name": "dev", "node_id": "snapshot.hubspot_analytics.snap_deals_stage"} */
DESCRIBE (select * from (
        select now()::timestamp as dbt_snapshot_time
    ) as __dbt_sbq
    where false
    limit 0
)
[0m18:18:37.331606 [debug] [Thread-4 (]: SQL status: OK in 0.001 seconds
[0m18:18:37.333606 [debug] [Thread-4 (]: Writing runtime sql for node "snapshot.hubspot_analytics.snap_deals_stage"
[0m18:18:37.350123 [debug] [Thread-4 (]: Using duckdb connection "snapshot.hubspot_analytics.snap_deals_stage"
[0m18:18:37.351132 [debug] [Thread-4 (]: On snapshot.hubspot_analytics.snap_deals_stage: /* {"app": "dbt", "dbt_version": "1.12.0", "profile_name": "hubspot_analytics", "target_name": "dev", "node_id": "snapshot.hubspot_analytics.snap_deals_stage"} */

      update "analytics"."snapshots"."snap_deals_stage" as DBT_INTERNAL_TARGET
    set dbt_valid_to = DBT_INTERNAL_SOURCE.dbt_valid_to
    from "snap_deals_stage__dbt_tmp20260802181836278711" as DBT_INTERNAL_SOURCE
    where DBT_INTERNAL_SOURCE.dbt_scd_id::text = DBT_INTERNAL_TARGET.dbt_scd_id::text
      and DBT_INTERNAL_SOURCE.dbt_change_type::text in ('update'::text, 'delete'::text)
      
        and DBT_INTERNAL_TARGET.dbt_valid_to is null;
      

    insert into "analytics"."snapshots"."snap_deals_stage" ("deal_id", "pipeline_id", "stage_id", "dbt_updated_at", "dbt_valid_from", "dbt_valid_to", "dbt_scd_id")
    select DBT_INTERNAL_SOURCE."deal_id",DBT_INTERNAL_SOURCE."pipeline_id",DBT_INTERNAL_SOURCE."stage_id",DBT_INTERNAL_SOURCE."dbt_updated_at",DBT_INTERNAL_SOURCE."dbt_valid_from",DBT_INTERNAL_SOURCE."dbt_valid_to",DBT_INTERNAL_SOURCE."dbt_scd_id"
    from "snap_deals_stage__dbt_tmp20260802181836278711" as DBT_INTERNAL_SOURCE
    where DBT_INTERNAL_SOURCE.dbt_change_type::text = 'insert'::text;


  
[0m18:18:37.360133 [debug] [Thread-4 (]: SQL status: OK in 0.007 seconds
[0m18:18:37.363135 [debug] [Thread-4 (]: On snapshot.hubspot_analytics.snap_deals_stage: COMMIT
[0m18:18:37.365142 [debug] [Thread-4 (]: Using duckdb connection "snapshot.hubspot_analytics.snap_deals_stage"
[0m18:18:37.367134 [debug] [Thread-4 (]: On snapshot.hubspot_analytics.snap_deals_stage: COMMIT
[0m18:18:37.371134 [debug] [Thread-4 (]: SQL status: OK in 0.002 seconds
[0m18:18:37.379712 [debug] [Thread-4 (]: Using duckdb connection "snapshot.hubspot_analytics.snap_deals_stage"
[0m18:18:37.381716 [debug] [Thread-4 (]: On snapshot.hubspot_analytics.snap_deals_stage: /* {"app": "dbt", "dbt_version": "1.12.0", "profile_name": "hubspot_analytics", "target_name": "dev", "node_id": "snapshot.hubspot_analytics.snap_deals_stage"} */

      drop table if exists "snap_deals_stage__dbt_tmp20260802181836278711" cascade
    
[0m18:18:37.386714 [debug] [Thread-4 (]: SQL status: OK in 0.002 seconds
[0m18:18:37.391418 [debug] [Thread-4 (]: On snapshot.hubspot_analytics.snap_deals_stage: Close
[0m18:18:37.394437 [debug] [Thread-4 (]: Sending event: {'category': 'dbt', 'action': 'run_model', 'label': '50196a9f-9b03-4380-a8d4-54b219fe9af3', 'context': [<snowplow_tracker.self_describing_json.SelfDescribingJson object at 0x000001A60620AC50>]}
[0m18:18:37.628937 [debug] [Thread-2 (]: SQL status: OK in 1.345 seconds
[0m18:18:37.631938 [debug] [Thread-2 (]: Using duckdb connection "model.hubspot_analytics.analytics_contacts"
[0m18:18:37.632936 [debug] [Thread-2 (]: On model.hubspot_analytics.analytics_contacts: BEGIN
[0m18:18:37.633936 [debug] [Thread-2 (]: SQL status: OK in 0.000 seconds
[0m18:18:37.634937 [debug] [Thread-2 (]: Using duckdb connection "model.hubspot_analytics.analytics_contacts"
[0m18:18:37.635946 [debug] [Thread-2 (]: On model.hubspot_analytics.analytics_contacts: /* {"app": "dbt", "dbt_version": "1.12.0", "profile_name": "hubspot_analytics", "target_name": "dev", "node_id": "model.hubspot_analytics.analytics_contacts"} */

      select
          column_name,
          data_type,
          character_maximum_length,
          numeric_precision,
          numeric_scale

      from system.information_schema.columns
      where table_name = 'analytics_contacts__dbt_tmp20260802181836188731'
      
      
      order by ordinal_position

  
[0m18:18:37.643947 [debug] [Thread-2 (]: SQL status: OK in 0.007 seconds
[0m18:18:37.648944 [debug] [Thread-2 (]: Using duckdb connection "model.hubspot_analytics.analytics_contacts"
[0m18:18:37.649944 [debug] [Thread-2 (]: On model.hubspot_analytics.analytics_contacts: /* {"app": "dbt", "dbt_version": "1.12.0", "profile_name": "hubspot_analytics", "target_name": "dev", "node_id": "model.hubspot_analytics.analytics_contacts"} */

      select
          column_name,
          data_type,
          character_maximum_length,
          numeric_precision,
          numeric_scale

      from system.information_schema.columns
      where table_name = 'analytics_contacts'
      
      and lower(table_schema) = 'main_gold'
      
      
      and lower(table_catalog) = 'analytics'
      
      order by ordinal_position

  
[0m18:18:37.655218 [debug] [Thread-2 (]: SQL status: OK in 0.004 seconds
[0m18:18:37.659923 [debug] [Thread-2 (]: Using duckdb connection "model.hubspot_analytics.analytics_contacts"
[0m18:18:37.660923 [debug] [Thread-2 (]: On model.hubspot_analytics.analytics_contacts: /* {"app": "dbt", "dbt_version": "1.12.0", "profile_name": "hubspot_analytics", "target_name": "dev", "node_id": "model.hubspot_analytics.analytics_contacts"} */

      select
          column_name,
          data_type,
          character_maximum_length,
          numeric_precision,
          numeric_scale

      from system.information_schema.columns
      where table_name = 'analytics_contacts'
      
      and lower(table_schema) = 'main_gold'
      
      
      and lower(table_catalog) = 'analytics'
      
      order by ordinal_position

  
[0m18:18:37.665920 [debug] [Thread-2 (]: SQL status: OK in 0.004 seconds
[0m18:18:37.669924 [debug] [Thread-2 (]: Writing runtime sql for node "model.hubspot_analytics.analytics_contacts"
[0m18:18:37.676870 [debug] [Thread-2 (]: Using duckdb connection "model.hubspot_analytics.analytics_contacts"
[0m18:18:37.678869 [debug] [Thread-2 (]: On model.hubspot_analytics.analytics_contacts: /* {"app": "dbt", "dbt_version": "1.12.0", "profile_name": "hubspot_analytics", "target_name": "dev", "node_id": "model.hubspot_analytics.analytics_contacts"} */

        
            delete from "analytics"."main_gold"."analytics_contacts"
            where (
                contact_id) in (
                select (contact_id)
                from "analytics_contacts__dbt_tmp20260802181836188731"
            );

        
    

    insert into "analytics"."main_gold"."analytics_contacts" ("contact_id", "email", "first_name", "last_name", "phone", "lifecycle_stage", "lead_status", "owner_id", "original_source", "latest_source", "latest_source_at", "origem_analytics", "origem_detalhe_1", "origem_detalhe_2", "primeira_url", "ultima_url", "criacao_origem_label", "criacao_detalhe_1", "criacao_detalhe_2", "criacao_detalhe_3", "clicou_linkedin_ad", "gclid", "fbclid", "utm_source", "utm_medium", "utm_campaign", "utm_content", "utm_term", "created_at", "updated_at", "_loaded_at")
    (
        select "contact_id", "email", "first_name", "last_name", "phone", "lifecycle_stage", "lead_status", "owner_id", "original_source", "latest_source", "latest_source_at", "origem_analytics", "origem_detalhe_1", "origem_detalhe_2", "primeira_url", "ultima_url", "criacao_origem_label", "criacao_detalhe_1", "criacao_detalhe_2", "criacao_detalhe_3", "clicou_linkedin_ad", "gclid", "fbclid", "utm_source", "utm_medium", "utm_campaign", "utm_content", "utm_term", "created_at", "updated_at", "_loaded_at"
        from "analytics_contacts__dbt_tmp20260802181836188731"
    )
  
[0m18:18:37.681866 [debug] [Thread-2 (]: SQL status: OK in 0.003 seconds
[0m18:18:37.684866 [debug] [Thread-2 (]: On model.hubspot_analytics.analytics_contacts: COMMIT
[0m18:18:37.685865 [debug] [Thread-2 (]: Using duckdb connection "model.hubspot_analytics.analytics_contacts"
[0m18:18:37.685865 [debug] [Thread-2 (]: On model.hubspot_analytics.analytics_contacts: COMMIT
[0m18:18:37.687866 [debug] [Thread-2 (]: SQL status: OK in 0.000 seconds
[0m18:18:37.688882 [debug] [Thread-2 (]: On model.hubspot_analytics.analytics_contacts: Close
[0m18:18:37.689866 [debug] [Thread-2 (]: Sending event: {'category': 'dbt', 'action': 'run_model', 'label': '50196a9f-9b03-4380-a8d4-54b219fe9af3', 'context': [<snowplow_tracker.self_describing_json.SelfDescribingJson object at 0x000001A606228E90>]}
[0m18:18:38.946186 [debug] [Thread-3 (]: An error was encountered while trying to send an event
[0m18:18:38.947159 [info ] [Thread-4 (]: 21 of 43 OK snapshotted snapshots.snap_deals_stage ............................. [[32mOK[0m in 1.81s]
[0m18:18:38.948157 [info ] [Thread-2 (]: 23 of 43 OK created sql incremental model main_gold.analytics_contacts ......... [[32mOK[0m in 1.57s]
[0m18:18:38.950157 [info ] [Thread-3 (]: 31 of 43 OK created sql table model main_gold.fct_activities ................... [[32mOK[0m in 0.23s]
[0m18:18:38.951158 [debug] [Thread-4 (]: Finished running node snapshot.hubspot_analytics.snap_deals_stage
[0m18:18:38.952157 [debug] [Thread-2 (]: Finished running node model.hubspot_analytics.analytics_contacts
[0m18:18:38.953156 [debug] [Thread-3 (]: Finished running node model.hubspot_analytics.fct_activities
[0m18:18:38.954662 [debug] [Thread-1 (]: Began running node model.hubspot_analytics.analytics_deal_stage_hist
[0m18:18:38.955672 [debug] [Thread-4 (]: Began running node test.hubspot_analytics.not_null_analytics_contacts_contact_id.f2dce458df
[0m18:18:38.955672 [debug] [Thread-2 (]: Began running node test.hubspot_analytics.unique_analytics_contacts_contact_id.938fe705fa
[0m18:18:38.955672 [debug] [Thread-3 (]: Began running node test.hubspot_analytics.accepted_values_fct_activities_engagement_type__CALL__MEETING.b33a8b5eee
[0m18:18:38.957857 [info ] [Thread-1 (]: 34 of 43 START sql table model main_gold.analytics_deal_stage_hist ............. [RUN]
[0m18:18:38.959866 [info ] [Thread-4 (]: 35 of 43 START test not_null_analytics_contacts_contact_id ..................... [RUN]
[0m18:18:38.960866 [info ] [Thread-2 (]: 36 of 43 START test unique_analytics_contacts_contact_id ....................... [RUN]
[0m18:18:38.961866 [info ] [Thread-3 (]: 37 of 43 START test accepted_values_fct_activities_engagement_type__CALL__MEETING  [RUN]
[0m18:18:38.963868 [debug] [Thread-1 (]: Re-using an available connection from the pool (formerly test.hubspot_analytics.unique_analytics_deals_deal_id.6ff2924740, now model.hubspot_analytics.analytics_deal_stage_hist)
[0m18:18:38.965871 [debug] [Thread-4 (]: Re-using an available connection from the pool (formerly snapshot.hubspot_analytics.snap_deals_stage, now test.hubspot_analytics.not_null_analytics_contacts_contact_id.f2dce458df)
[0m18:18:38.967865 [debug] [Thread-2 (]: Re-using an available connection from the pool (formerly model.hubspot_analytics.analytics_contacts, now test.hubspot_analytics.unique_analytics_contacts_contact_id.938fe705fa)
[0m18:18:38.968866 [debug] [Thread-3 (]: Re-using an available connection from the pool (formerly model.hubspot_analytics.fct_activities, now test.hubspot_analytics.accepted_values_fct_activities_engagement_type__CALL__MEETING.b33a8b5eee)
[0m18:18:38.968866 [debug] [Thread-1 (]: Began compiling node model.hubspot_analytics.analytics_deal_stage_hist
[0m18:18:38.969865 [debug] [Thread-4 (]: Began compiling node test.hubspot_analytics.not_null_analytics_contacts_contact_id.f2dce458df
[0m18:18:38.970865 [debug] [Thread-2 (]: Began compiling node test.hubspot_analytics.unique_analytics_contacts_contact_id.938fe705fa
[0m18:18:38.971866 [debug] [Thread-3 (]: Began compiling node test.hubspot_analytics.accepted_values_fct_activities_engagement_type__CALL__MEETING.b33a8b5eee
[0m18:18:38.974460 [debug] [Thread-1 (]: Writing injected SQL for node "model.hubspot_analytics.analytics_deal_stage_hist"
[0m18:18:38.987240 [debug] [Thread-4 (]: Writing injected SQL for node "test.hubspot_analytics.not_null_analytics_contacts_contact_id.f2dce458df"
[0m18:18:38.995998 [debug] [Thread-2 (]: Writing injected SQL for node "test.hubspot_analytics.unique_analytics_contacts_contact_id.938fe705fa"
[0m18:18:38.995998 [debug] [Thread-3 (]: Writing injected SQL for node "test.hubspot_analytics.accepted_values_fct_activities_engagement_type__CALL__MEETING.b33a8b5eee"
[0m18:18:39.011276 [debug] [Thread-4 (]: Began executing node test.hubspot_analytics.not_null_analytics_contacts_contact_id.f2dce458df
[0m18:18:39.012276 [debug] [Thread-1 (]: Began executing node model.hubspot_analytics.analytics_deal_stage_hist
[0m18:18:39.013275 [debug] [Thread-2 (]: Began executing node test.hubspot_analytics.unique_analytics_contacts_contact_id.938fe705fa
[0m18:18:39.015272 [debug] [Thread-4 (]: Writing runtime sql for node "test.hubspot_analytics.not_null_analytics_contacts_contact_id.f2dce458df"
[0m18:18:39.016269 [debug] [Thread-3 (]: Began executing node test.hubspot_analytics.accepted_values_fct_activities_engagement_type__CALL__MEETING.b33a8b5eee
[0m18:18:39.019276 [debug] [Thread-1 (]: Writing runtime sql for node "model.hubspot_analytics.analytics_deal_stage_hist"
[0m18:18:39.021271 [debug] [Thread-2 (]: Writing runtime sql for node "test.hubspot_analytics.unique_analytics_contacts_contact_id.938fe705fa"
[0m18:18:39.026275 [debug] [Thread-3 (]: Writing runtime sql for node "test.hubspot_analytics.accepted_values_fct_activities_engagement_type__CALL__MEETING.b33a8b5eee"
[0m18:18:39.033376 [debug] [Thread-1 (]: Using duckdb connection "model.hubspot_analytics.analytics_deal_stage_hist"
[0m18:18:39.034276 [debug] [Thread-4 (]: Using duckdb connection "test.hubspot_analytics.not_null_analytics_contacts_contact_id.f2dce458df"
[0m18:18:39.035279 [debug] [Thread-2 (]: Using duckdb connection "test.hubspot_analytics.unique_analytics_contacts_contact_id.938fe705fa"
[0m18:18:39.036278 [debug] [Thread-1 (]: On model.hubspot_analytics.analytics_deal_stage_hist: BEGIN
[0m18:18:39.037271 [debug] [Thread-4 (]: On test.hubspot_analytics.not_null_analytics_contacts_contact_id.f2dce458df: BEGIN
[0m18:18:39.038271 [debug] [Thread-2 (]: On test.hubspot_analytics.unique_analytics_contacts_contact_id.938fe705fa: BEGIN
[0m18:18:39.038271 [debug] [Thread-1 (]: Opening a new connection, currently in state closed
[0m18:18:39.039271 [debug] [Thread-4 (]: Opening a new connection, currently in state closed
[0m18:18:39.040282 [debug] [Thread-3 (]: Using duckdb connection "test.hubspot_analytics.accepted_values_fct_activities_engagement_type__CALL__MEETING.b33a8b5eee"
[0m18:18:39.040282 [debug] [Thread-2 (]: Opening a new connection, currently in state closed
[0m18:18:39.042509 [debug] [Thread-1 (]: SQL status: OK in 0.004 seconds
[0m18:18:39.044517 [debug] [Thread-4 (]: SQL status: OK in 0.005 seconds
[0m18:18:39.045179 [debug] [Thread-3 (]: On test.hubspot_analytics.accepted_values_fct_activities_engagement_type__CALL__MEETING.b33a8b5eee: BEGIN
[0m18:18:39.046323 [debug] [Thread-2 (]: SQL status: OK in 0.006 seconds
[0m18:18:39.047326 [debug] [Thread-1 (]: Using duckdb connection "model.hubspot_analytics.analytics_deal_stage_hist"
[0m18:18:39.049322 [debug] [Thread-4 (]: Using duckdb connection "test.hubspot_analytics.not_null_analytics_contacts_contact_id.f2dce458df"
[0m18:18:39.050321 [debug] [Thread-3 (]: Opening a new connection, currently in state closed
[0m18:18:39.051322 [debug] [Thread-2 (]: Using duckdb connection "test.hubspot_analytics.unique_analytics_contacts_contact_id.938fe705fa"
[0m18:18:39.051322 [debug] [Thread-1 (]: On model.hubspot_analytics.analytics_deal_stage_hist: /* {"app": "dbt", "dbt_version": "1.12.0", "profile_name": "hubspot_analytics", "target_name": "dev", "node_id": "model.hubspot_analytics.analytics_deal_stage_hist"} */

  
    
    

    create  table
      "analytics"."main_gold"."analytics_deal_stage_hist__dbt_tmp"
  
    as (
      

-- Materializa o snapshot SCD2 no formato analítico:
-- 1 linha por período em que o deal ficou num estágio.
select
    deal_id,
    pipeline_id,
    stage_id,
    dbt_valid_from                                   as valid_from,
    dbt_valid_to                                     as valid_to,
    (dbt_valid_to is null)                           as is_current,
    round(
        date_diff('minute', dbt_valid_from,
                  coalesce(dbt_valid_to, now())) / 60.0, 2
    )                                                as duration_hours
from "analytics"."snapshots"."snap_deals_stage"
    );
  
  
[0m18:18:39.052323 [debug] [Thread-4 (]: On test.hubspot_analytics.not_null_analytics_contacts_contact_id.f2dce458df: /* {"app": "dbt", "dbt_version": "1.12.0", "profile_name": "hubspot_analytics", "target_name": "dev", "node_id": "test.hubspot_analytics.not_null_analytics_contacts_contact_id.f2dce458df"} */

    
    select
      count(*) as failures,
      count(*) != 0 as should_warn,
      count(*) != 0 as should_error
    from (
      
    
  
    
    



select contact_id
from "analytics"."main_gold"."analytics_contacts"
where contact_id is null



  
  
      
    ) dbt_internal_test
[0m18:18:39.053322 [debug] [Thread-3 (]: SQL status: OK in 0.003 seconds
[0m18:18:39.053322 [debug] [Thread-2 (]: On test.hubspot_analytics.unique_analytics_contacts_contact_id.938fe705fa: /* {"app": "dbt", "dbt_version": "1.12.0", "profile_name": "hubspot_analytics", "target_name": "dev", "node_id": "test.hubspot_analytics.unique_analytics_contacts_contact_id.938fe705fa"} */

    
    select
      count(*) as failures,
      count(*) != 0 as should_warn,
      count(*) != 0 as should_error
    from (
      
    
  
    
    

select
    contact_id as unique_field,
    count(*) as n_records

from "analytics"."main_gold"."analytics_contacts"
where contact_id is not null
group by contact_id
having count(*) > 1



  
  
      
    ) dbt_internal_test
[0m18:18:39.055839 [debug] [Thread-3 (]: Using duckdb connection "test.hubspot_analytics.accepted_values_fct_activities_engagement_type__CALL__MEETING.b33a8b5eee"
[0m18:18:39.056840 [debug] [Thread-4 (]: SQL status: OK in 0.001 seconds
[0m18:18:39.059841 [debug] [Thread-3 (]: On test.hubspot_analytics.accepted_values_fct_activities_engagement_type__CALL__MEETING.b33a8b5eee: /* {"app": "dbt", "dbt_version": "1.12.0", "profile_name": "hubspot_analytics", "target_name": "dev", "node_id": "test.hubspot_analytics.accepted_values_fct_activities_engagement_type__CALL__MEETING.b33a8b5eee"} */

    
    select
      count(*) as failures,
      count(*) != 0 as should_warn,
      count(*) != 0 as should_error
    from (
      
    
  
    
    

with all_values as (

    select
        engagement_type as value_field,
        count(*) as n_records

    from "analytics"."main_gold"."fct_activities"
    group by engagement_type

)

select *
from all_values
where value_field not in (
    'CALL','MEETING'
)



  
  
      
    ) dbt_internal_test
[0m18:18:39.062842 [debug] [Thread-4 (]: On test.hubspot_analytics.not_null_analytics_contacts_contact_id.f2dce458df: ROLLBACK
[0m18:18:39.063836 [debug] [Thread-2 (]: SQL status: OK in 0.006 seconds
[0m18:18:39.065837 [debug] [Thread-4 (]: Failed to rollback 'test.hubspot_analytics.not_null_analytics_contacts_contact_id.f2dce458df'
[0m18:18:39.066837 [debug] [Thread-3 (]: SQL status: OK in 0.002 seconds
[0m18:18:39.069836 [debug] [Thread-2 (]: On test.hubspot_analytics.unique_analytics_contacts_contact_id.938fe705fa: ROLLBACK
[0m18:18:39.070839 [debug] [Thread-4 (]: On test.hubspot_analytics.not_null_analytics_contacts_contact_id.f2dce458df: Close
[0m18:18:39.073837 [debug] [Thread-3 (]: On test.hubspot_analytics.accepted_values_fct_activities_engagement_type__CALL__MEETING.b33a8b5eee: ROLLBACK
[0m18:18:39.075557 [debug] [Thread-2 (]: Failed to rollback 'test.hubspot_analytics.unique_analytics_contacts_contact_id.938fe705fa'
[0m18:18:39.077558 [info ] [Thread-4 (]: 35 of 43 PASS not_null_analytics_contacts_contact_id ........................... [[32mPASS[0m in 0.11s]
[0m18:18:39.078559 [debug] [Thread-3 (]: Failed to rollback 'test.hubspot_analytics.accepted_values_fct_activities_engagement_type__CALL__MEETING.b33a8b5eee'
[0m18:18:39.079557 [debug] [Thread-1 (]: SQL status: OK in 0.024 seconds
[0m18:18:39.079557 [debug] [Thread-2 (]: On test.hubspot_analytics.unique_analytics_contacts_contact_id.938fe705fa: Close
[0m18:18:39.080558 [debug] [Thread-4 (]: Finished running node test.hubspot_analytics.not_null_analytics_contacts_contact_id.f2dce458df
[0m18:18:39.081559 [debug] [Thread-3 (]: On test.hubspot_analytics.accepted_values_fct_activities_engagement_type__CALL__MEETING.b33a8b5eee: Close
[0m18:18:39.083564 [debug] [Thread-1 (]: Using duckdb connection "model.hubspot_analytics.analytics_deal_stage_hist"
[0m18:18:39.084560 [info ] [Thread-2 (]: 36 of 43 PASS unique_analytics_contacts_contact_id ............................. [[32mPASS[0m in 0.12s]
[0m18:18:39.085556 [debug] [Thread-4 (]: Began running node test.hubspot_analytics.not_null_fct_activities_activity_id.6a27bce2a5
[0m18:18:39.087557 [info ] [Thread-3 (]: 37 of 43 PASS accepted_values_fct_activities_engagement_type__CALL__MEETING .... [[32mPASS[0m in 0.12s]
[0m18:18:39.088557 [debug] [Thread-1 (]: On model.hubspot_analytics.analytics_deal_stage_hist: /* {"app": "dbt", "dbt_version": "1.12.0", "profile_name": "hubspot_analytics", "target_name": "dev", "node_id": "model.hubspot_analytics.analytics_deal_stage_hist"} */

    SELECT index_name
    FROM duckdb_indexes()
    WHERE schema_name = 'main_gold'
      AND table_name = 'analytics_deal_stage_hist'
  
[0m18:18:39.089556 [debug] [Thread-2 (]: Finished running node test.hubspot_analytics.unique_analytics_contacts_contact_id.938fe705fa
[0m18:18:39.090558 [info ] [Thread-4 (]: 38 of 43 START test not_null_fct_activities_activity_id ........................ [RUN]
[0m18:18:39.092562 [debug] [Thread-3 (]: Finished running node test.hubspot_analytics.accepted_values_fct_activities_engagement_type__CALL__MEETING.b33a8b5eee
[0m18:18:39.096560 [debug] [Thread-2 (]: Began running node model.hubspot_analytics.mart_entradas
[0m18:18:39.097560 [debug] [Thread-1 (]: SQL status: OK in 0.002 seconds
[0m18:18:39.098561 [debug] [Thread-4 (]: Re-using an available connection from the pool (formerly test.hubspot_analytics.not_null_analytics_contacts_contact_id.f2dce458df, now test.hubspot_analytics.not_null_fct_activities_activity_id.6a27bce2a5)
[0m18:18:39.100561 [info ] [Thread-2 (]: 39 of 43 START sql table model main_gold.mart_entradas ......................... [RUN]
[0m18:18:39.102564 [debug] [Thread-1 (]: Using duckdb connection "model.hubspot_analytics.analytics_deal_stage_hist"
[0m18:18:39.103565 [debug] [Thread-4 (]: Began compiling node test.hubspot_analytics.not_null_fct_activities_activity_id.6a27bce2a5
[0m18:18:39.104557 [debug] [Thread-2 (]: Re-using an available connection from the pool (formerly test.hubspot_analytics.unique_analytics_contacts_contact_id.938fe705fa, now model.hubspot_analytics.mart_entradas)
[0m18:18:39.105561 [debug] [Thread-1 (]: On model.hubspot_analytics.analytics_deal_stage_hist: /* {"app": "dbt", "dbt_version": "1.12.0", "profile_name": "hubspot_analytics", "target_name": "dev", "node_id": "model.hubspot_analytics.analytics_deal_stage_hist"} */

    SELECT COUNT(*) as remaining_indexes
    FROM duckdb_indexes()
    WHERE schema_name = 'main_gold'
      AND table_name = 'analytics_deal_stage_hist'
  
[0m18:18:39.115560 [debug] [Thread-4 (]: Writing injected SQL for node "test.hubspot_analytics.not_null_fct_activities_activity_id.6a27bce2a5"
[0m18:18:39.117559 [debug] [Thread-2 (]: Began compiling node model.hubspot_analytics.mart_entradas
[0m18:18:39.119558 [debug] [Thread-1 (]: SQL status: OK in 0.001 seconds
[0m18:18:39.123559 [debug] [Thread-2 (]: Writing injected SQL for node "model.hubspot_analytics.mart_entradas"
[0m18:18:39.128505 [debug] [Thread-1 (]: Using duckdb connection "model.hubspot_analytics.analytics_deal_stage_hist"
[0m18:18:39.129499 [debug] [Thread-4 (]: Began executing node test.hubspot_analytics.not_null_fct_activities_activity_id.6a27bce2a5
[0m18:18:39.130500 [debug] [Thread-1 (]: On model.hubspot_analytics.analytics_deal_stage_hist: /* {"app": "dbt", "dbt_version": "1.12.0", "profile_name": "hubspot_analytics", "target_name": "dev", "node_id": "model.hubspot_analytics.analytics_deal_stage_hist"} */
alter table "analytics"."main_gold"."analytics_deal_stage_hist" rename to "analytics_deal_stage_hist__dbt_backup"
[0m18:18:39.134499 [debug] [Thread-4 (]: Writing runtime sql for node "test.hubspot_analytics.not_null_fct_activities_activity_id.6a27bce2a5"
[0m18:18:39.136498 [debug] [Thread-2 (]: Began executing node model.hubspot_analytics.mart_entradas
[0m18:18:39.137497 [debug] [Thread-1 (]: SQL status: OK in 0.001 seconds
[0m18:18:39.142465 [debug] [Thread-2 (]: Writing runtime sql for node "model.hubspot_analytics.mart_entradas"
[0m18:18:39.147475 [debug] [Thread-1 (]: Using duckdb connection "model.hubspot_analytics.analytics_deal_stage_hist"
[0m18:18:39.148475 [debug] [Thread-4 (]: Using duckdb connection "test.hubspot_analytics.not_null_fct_activities_activity_id.6a27bce2a5"
[0m18:18:39.150474 [debug] [Thread-1 (]: On model.hubspot_analytics.analytics_deal_stage_hist: /* {"app": "dbt", "dbt_version": "1.12.0", "profile_name": "hubspot_analytics", "target_name": "dev", "node_id": "model.hubspot_analytics.analytics_deal_stage_hist"} */
alter table "analytics"."main_gold"."analytics_deal_stage_hist__dbt_tmp" rename to "analytics_deal_stage_hist"
[0m18:18:39.151474 [debug] [Thread-4 (]: On test.hubspot_analytics.not_null_fct_activities_activity_id.6a27bce2a5: BEGIN
[0m18:18:39.152473 [debug] [Thread-4 (]: Opening a new connection, currently in state closed
[0m18:18:39.153475 [debug] [Thread-1 (]: SQL status: OK in 0.001 seconds
[0m18:18:39.154983 [debug] [Thread-4 (]: SQL status: OK in 0.002 seconds
[0m18:18:39.156993 [debug] [Thread-1 (]: On model.hubspot_analytics.analytics_deal_stage_hist: COMMIT
[0m18:18:39.157871 [debug] [Thread-2 (]: Using duckdb connection "model.hubspot_analytics.mart_entradas"
[0m18:18:39.159882 [debug] [Thread-4 (]: Using duckdb connection "test.hubspot_analytics.not_null_fct_activities_activity_id.6a27bce2a5"
[0m18:18:39.161881 [debug] [Thread-1 (]: Using duckdb connection "model.hubspot_analytics.analytics_deal_stage_hist"
[0m18:18:39.161881 [debug] [Thread-2 (]: On model.hubspot_analytics.mart_entradas: BEGIN
[0m18:18:39.162887 [debug] [Thread-4 (]: On test.hubspot_analytics.not_null_fct_activities_activity_id.6a27bce2a5: /* {"app": "dbt", "dbt_version": "1.12.0", "profile_name": "hubspot_analytics", "target_name": "dev", "node_id": "test.hubspot_analytics.not_null_fct_activities_activity_id.6a27bce2a5"} */

    
    select
      count(*) as failures,
      count(*) != 0 as should_warn,
      count(*) != 0 as should_error
    from (
      
    
  
    
    



select activity_id
from "analytics"."main_gold"."fct_activities"
where activity_id is null



  
  
      
    ) dbt_internal_test
[0m18:18:39.163887 [debug] [Thread-1 (]: On model.hubspot_analytics.analytics_deal_stage_hist: COMMIT
[0m18:18:39.164880 [debug] [Thread-2 (]: Opening a new connection, currently in state closed
[0m18:18:39.166884 [debug] [Thread-4 (]: SQL status: OK in 0.001 seconds
[0m18:18:39.167883 [debug] [Thread-2 (]: SQL status: OK in 0.003 seconds
[0m18:18:39.169885 [debug] [Thread-4 (]: On test.hubspot_analytics.not_null_fct_activities_activity_id.6a27bce2a5: ROLLBACK
[0m18:18:39.170880 [debug] [Thread-2 (]: Using duckdb connection "model.hubspot_analytics.mart_entradas"
[0m18:18:39.171902 [debug] [Thread-4 (]: Failed to rollback 'test.hubspot_analytics.not_null_fct_activities_activity_id.6a27bce2a5'
[0m18:18:39.172881 [debug] [Thread-2 (]: On model.hubspot_analytics.mart_entradas: /* {"app": "dbt", "dbt_version": "1.12.0", "profile_name": "hubspot_analytics", "target_name": "dev", "node_id": "model.hubspot_analytics.mart_entradas"} */

  
    
    

    create  table
      "analytics"."main_gold"."mart_entradas__dbt_tmp"
  
    as (
      

-- Mapa de entradas: quem entrou no CRM, quando e por qual origem.
-- Projeção do hub (analytics_contacts) no formato que o BI consome:
-- 1 linha por contato, com granularidade de data pronta para coorte.

with contatos as (

    select * from "analytics"."main_gold"."analytics_contacts"

),

importacoes as (

    -- Importação em lote cria muitos contatos no mesmo minuto, o que
    -- gera um pico artificial na coorte. Detectamos pelo volume por
    -- minuto de criação para o BI poder filtrar.
    select date_trunc('minute', created_at) as minuto_criacao
    from contatos
    group by 1
    having count(*) >= 20

)

select
    c.contact_id,
    c.email,
    coalesce(c.first_name, '') || ' ' || coalesce(c.last_name, '') as nome,
    c.owner_id,
    c.lifecycle_stage,

    -- quando entrou
    c.created_at                                as entrada_em,
    cast(c.created_at as date)                  as entrada_data,
    strftime(c.created_at, '%Y-%m')             as mes_entrada,
    strftime(c.created_at, '%Y-W%W')            as semana_entrada,

    -- de onde veio (first-touch)
    coalesce(c.original_source, c.origem_analytics, 'DESCONHECIDA') as origem,
    c.origem_detalhe_1                          as origem_detalhe,
    c.origem_detalhe_2                          as origem_detalhe_2,
    c.primeira_url                              as primeira_url,

    -- last-touch (o que trouxe de volta)
    c.latest_source                             as origem_recente,
    c.latest_source_at                          as origem_recente_em,

    -- campanha (utm_* dependem de propriedade custom no portal)
    c.utm_source,
    c.utm_medium,
    c.utm_campaign,
    c.utm_content,
    c.utm_term,
    coalesce(
        c.utm_campaign,
        c.origem_detalhe_1
    )                                           as campanha,

    -- rastreio de mídia paga
    (c.gclid is not null and c.gclid <> '')     as veio_google_ads,
    (c.fbclid is not null and c.fbclid <> '')   as veio_meta_ads,

    -- como o registro nasceu (formulário, importação, integração...)
    c.criacao_origem_label                      as criacao_origem,

    -- ruído de coorte: importações em lote
    (i.minuto_criacao is not null
     or upper(coalesce(c.original_source, '')) = 'OFFLINE')
                                                as is_importacao,

    c._loaded_at

from contatos c
left join importacoes i
       on date_trunc('minute', c.created_at) = i.minuto_criacao
    );
  
  
[0m18:18:39.173879 [debug] [Thread-4 (]: On test.hubspot_analytics.not_null_fct_activities_activity_id.6a27bce2a5: Close
[0m18:18:39.179884 [debug] [Thread-1 (]: SQL status: OK in 0.013 seconds
[0m18:18:39.180880 [info ] [Thread-4 (]: 38 of 43 PASS not_null_fct_activities_activity_id .............................. [[32mPASS[0m in 0.08s]
[0m18:18:39.183886 [debug] [Thread-1 (]: Using duckdb connection "model.hubspot_analytics.analytics_deal_stage_hist"
[0m18:18:39.188881 [debug] [Thread-4 (]: Finished running node test.hubspot_analytics.not_null_fct_activities_activity_id.6a27bce2a5
[0m18:18:39.189879 [debug] [Thread-1 (]: On model.hubspot_analytics.analytics_deal_stage_hist: /* {"app": "dbt", "dbt_version": "1.12.0", "profile_name": "hubspot_analytics", "target_name": "dev", "node_id": "model.hubspot_analytics.analytics_deal_stage_hist"} */

      drop table if exists "analytics"."main_gold"."analytics_deal_stage_hist__dbt_backup" cascade
    
[0m18:18:39.211883 [debug] [Thread-1 (]: SQL status: OK in 0.019 seconds
[0m18:18:39.214886 [debug] [Thread-1 (]: On model.hubspot_analytics.analytics_deal_stage_hist: Close
[0m18:18:39.217891 [debug] [Thread-1 (]: Sending event: {'category': 'dbt', 'action': 'run_model', 'label': '50196a9f-9b03-4380-a8d4-54b219fe9af3', 'context': [<snowplow_tracker.self_describing_json.SelfDescribingJson object at 0x000001A6061F7150>]}
[0m18:18:39.219882 [info ] [Thread-1 (]: 34 of 43 OK created sql table model main_gold.analytics_deal_stage_hist ........ [[32mOK[0m in 0.25s]
[0m18:18:39.221882 [debug] [Thread-1 (]: Finished running node model.hubspot_analytics.analytics_deal_stage_hist
[0m18:18:39.224477 [debug] [Thread-3 (]: Began running node test.hubspot_analytics.not_null_analytics_deal_stage_hist_deal_id.44cddf0661
[0m18:18:39.226492 [info ] [Thread-3 (]: 40 of 43 START test not_null_analytics_deal_stage_hist_deal_id ................. [RUN]
[0m18:18:39.228487 [debug] [Thread-3 (]: Re-using an available connection from the pool (formerly test.hubspot_analytics.accepted_values_fct_activities_engagement_type__CALL__MEETING.b33a8b5eee, now test.hubspot_analytics.not_null_analytics_deal_stage_hist_deal_id.44cddf0661)
[0m18:18:39.230490 [debug] [Thread-3 (]: Began compiling node test.hubspot_analytics.not_null_analytics_deal_stage_hist_deal_id.44cddf0661
[0m18:18:39.244248 [debug] [Thread-3 (]: Writing injected SQL for node "test.hubspot_analytics.not_null_analytics_deal_stage_hist_deal_id.44cddf0661"
[0m18:18:39.252251 [debug] [Thread-3 (]: Began executing node test.hubspot_analytics.not_null_analytics_deal_stage_hist_deal_id.44cddf0661
[0m18:18:39.255253 [debug] [Thread-3 (]: Writing runtime sql for node "test.hubspot_analytics.not_null_analytics_deal_stage_hist_deal_id.44cddf0661"
[0m18:18:39.262823 [debug] [Thread-3 (]: Using duckdb connection "test.hubspot_analytics.not_null_analytics_deal_stage_hist_deal_id.44cddf0661"
[0m18:18:39.263825 [debug] [Thread-3 (]: On test.hubspot_analytics.not_null_analytics_deal_stage_hist_deal_id.44cddf0661: BEGIN
[0m18:18:39.265822 [debug] [Thread-3 (]: Opening a new connection, currently in state closed
[0m18:18:39.267822 [debug] [Thread-3 (]: SQL status: OK in 0.002 seconds
[0m18:18:39.269820 [debug] [Thread-3 (]: Using duckdb connection "test.hubspot_analytics.not_null_analytics_deal_stage_hist_deal_id.44cddf0661"
[0m18:18:39.270820 [debug] [Thread-3 (]: On test.hubspot_analytics.not_null_analytics_deal_stage_hist_deal_id.44cddf0661: /* {"app": "dbt", "dbt_version": "1.12.0", "profile_name": "hubspot_analytics", "target_name": "dev", "node_id": "test.hubspot_analytics.not_null_analytics_deal_stage_hist_deal_id.44cddf0661"} */

    
    select
      count(*) as failures,
      count(*) != 0 as should_warn,
      count(*) != 0 as should_error
    from (
      
    
  
    
    



select deal_id
from "analytics"."main_gold"."analytics_deal_stage_hist"
where deal_id is null



  
  
      
    ) dbt_internal_test
[0m18:18:39.271828 [debug] [Thread-3 (]: SQL status: OK in 0.001 seconds
[0m18:18:39.277528 [debug] [Thread-3 (]: On test.hubspot_analytics.not_null_analytics_deal_stage_hist_deal_id.44cddf0661: ROLLBACK
[0m18:18:39.279524 [debug] [Thread-3 (]: Failed to rollback 'test.hubspot_analytics.not_null_analytics_deal_stage_hist_deal_id.44cddf0661'
[0m18:18:39.280533 [debug] [Thread-3 (]: On test.hubspot_analytics.not_null_analytics_deal_stage_hist_deal_id.44cddf0661: Close
[0m18:18:39.282527 [info ] [Thread-3 (]: 40 of 43 PASS not_null_analytics_deal_stage_hist_deal_id ....................... [[32mPASS[0m in 0.05s]
[0m18:18:39.284528 [debug] [Thread-3 (]: Finished running node test.hubspot_analytics.not_null_analytics_deal_stage_hist_deal_id.44cddf0661
[0m18:18:39.299524 [debug] [Thread-2 (]: SQL status: OK in 0.123 seconds
[0m18:18:39.301525 [debug] [Thread-2 (]: Using duckdb connection "model.hubspot_analytics.mart_entradas"
[0m18:18:39.302525 [debug] [Thread-2 (]: On model.hubspot_analytics.mart_entradas: /* {"app": "dbt", "dbt_version": "1.12.0", "profile_name": "hubspot_analytics", "target_name": "dev", "node_id": "model.hubspot_analytics.mart_entradas"} */

    SELECT index_name
    FROM duckdb_indexes()
    WHERE schema_name = 'main_gold'
      AND table_name = 'mart_entradas'
  
[0m18:18:39.304527 [debug] [Thread-2 (]: SQL status: OK in 0.001 seconds
[0m18:18:39.306527 [debug] [Thread-2 (]: Using duckdb connection "model.hubspot_analytics.mart_entradas"
[0m18:18:39.308840 [debug] [Thread-2 (]: On model.hubspot_analytics.mart_entradas: /* {"app": "dbt", "dbt_version": "1.12.0", "profile_name": "hubspot_analytics", "target_name": "dev", "node_id": "model.hubspot_analytics.mart_entradas"} */

    SELECT COUNT(*) as remaining_indexes
    FROM duckdb_indexes()
    WHERE schema_name = 'main_gold'
      AND table_name = 'mart_entradas'
  
[0m18:18:39.310836 [debug] [Thread-2 (]: SQL status: OK in 0.001 seconds
[0m18:18:39.315832 [debug] [Thread-2 (]: Using duckdb connection "model.hubspot_analytics.mart_entradas"
[0m18:18:39.316855 [debug] [Thread-2 (]: On model.hubspot_analytics.mart_entradas: /* {"app": "dbt", "dbt_version": "1.12.0", "profile_name": "hubspot_analytics", "target_name": "dev", "node_id": "model.hubspot_analytics.mart_entradas"} */
alter table "analytics"."main_gold"."mart_entradas" rename to "mart_entradas__dbt_backup"
[0m18:18:39.318832 [debug] [Thread-2 (]: SQL status: OK in 0.001 seconds
[0m18:18:39.321834 [debug] [Thread-2 (]: Using duckdb connection "model.hubspot_analytics.mart_entradas"
[0m18:18:39.323835 [debug] [Thread-2 (]: On model.hubspot_analytics.mart_entradas: /* {"app": "dbt", "dbt_version": "1.12.0", "profile_name": "hubspot_analytics", "target_name": "dev", "node_id": "model.hubspot_analytics.mart_entradas"} */
alter table "analytics"."main_gold"."mart_entradas__dbt_tmp" rename to "mart_entradas"
[0m18:18:39.325614 [debug] [Thread-2 (]: SQL status: OK in 0.001 seconds
[0m18:18:39.330614 [debug] [Thread-2 (]: On model.hubspot_analytics.mart_entradas: COMMIT
[0m18:18:39.331611 [debug] [Thread-2 (]: Using duckdb connection "model.hubspot_analytics.mart_entradas"
[0m18:18:39.332612 [debug] [Thread-2 (]: On model.hubspot_analytics.mart_entradas: COMMIT
[0m18:18:39.415762 [debug] [Thread-2 (]: SQL status: OK in 0.081 seconds
[0m18:18:39.418760 [debug] [Thread-2 (]: Using duckdb connection "model.hubspot_analytics.mart_entradas"
[0m18:18:39.419761 [debug] [Thread-2 (]: On model.hubspot_analytics.mart_entradas: /* {"app": "dbt", "dbt_version": "1.12.0", "profile_name": "hubspot_analytics", "target_name": "dev", "node_id": "model.hubspot_analytics.mart_entradas"} */

      drop table if exists "analytics"."main_gold"."mart_entradas__dbt_backup" cascade
    
[0m18:18:39.764747 [debug] [Thread-2 (]: SQL status: OK in 0.343 seconds
[0m18:18:39.766759 [debug] [Thread-2 (]: On model.hubspot_analytics.mart_entradas: Close
[0m18:18:39.768748 [debug] [Thread-2 (]: Sending event: {'category': 'dbt', 'action': 'run_model', 'label': '50196a9f-9b03-4380-a8d4-54b219fe9af3', 'context': [<snowplow_tracker.self_describing_json.SelfDescribingJson object at 0x000001A6072FDC50>]}
[0m18:18:39.769747 [info ] [Thread-2 (]: 39 of 43 OK created sql table model main_gold.mart_entradas .................... [[32mOK[0m in 0.66s]
[0m18:18:39.770745 [debug] [Thread-2 (]: Finished running node model.hubspot_analytics.mart_entradas
[0m18:18:39.772745 [debug] [Thread-1 (]: Began running node test.hubspot_analytics.not_null_mart_entradas_contact_id.4578c293aa
[0m18:18:39.772745 [debug] [Thread-4 (]: Began running node test.hubspot_analytics.not_null_mart_entradas_mes_entrada.fd115ad520
[0m18:18:39.773744 [debug] [Thread-3 (]: Began running node test.hubspot_analytics.unique_mart_entradas_contact_id.d1b86c342a
[0m18:18:39.775715 [info ] [Thread-1 (]: 41 of 43 START test not_null_mart_entradas_contact_id .......................... [RUN]
[0m18:18:39.776832 [info ] [Thread-4 (]: 42 of 43 START test not_null_mart_entradas_mes_entrada ......................... [RUN]
[0m18:18:39.778830 [info ] [Thread-3 (]: 43 of 43 START test unique_mart_entradas_contact_id ............................ [RUN]
[0m18:18:39.780833 [debug] [Thread-1 (]: Re-using an available connection from the pool (formerly model.hubspot_analytics.analytics_deal_stage_hist, now test.hubspot_analytics.not_null_mart_entradas_contact_id.4578c293aa)
[0m18:18:39.782833 [debug] [Thread-4 (]: Re-using an available connection from the pool (formerly test.hubspot_analytics.not_null_fct_activities_activity_id.6a27bce2a5, now test.hubspot_analytics.not_null_mart_entradas_mes_entrada.fd115ad520)
[0m18:18:39.784833 [debug] [Thread-3 (]: Re-using an available connection from the pool (formerly test.hubspot_analytics.not_null_analytics_deal_stage_hist_deal_id.44cddf0661, now test.hubspot_analytics.unique_mart_entradas_contact_id.d1b86c342a)
[0m18:18:39.785831 [debug] [Thread-1 (]: Began compiling node test.hubspot_analytics.not_null_mart_entradas_contact_id.4578c293aa
[0m18:18:39.788830 [debug] [Thread-4 (]: Began compiling node test.hubspot_analytics.not_null_mart_entradas_mes_entrada.fd115ad520
[0m18:18:39.789830 [debug] [Thread-3 (]: Began compiling node test.hubspot_analytics.unique_mart_entradas_contact_id.d1b86c342a
[0m18:18:39.801157 [debug] [Thread-1 (]: Writing injected SQL for node "test.hubspot_analytics.not_null_mart_entradas_contact_id.4578c293aa"
[0m18:18:39.810888 [debug] [Thread-4 (]: Writing injected SQL for node "test.hubspot_analytics.not_null_mart_entradas_mes_entrada.fd115ad520"
[0m18:18:39.819991 [debug] [Thread-3 (]: Writing injected SQL for node "test.hubspot_analytics.unique_mart_entradas_contact_id.d1b86c342a"
[0m18:18:39.829563 [debug] [Thread-3 (]: Began executing node test.hubspot_analytics.unique_mart_entradas_contact_id.d1b86c342a
[0m18:18:39.830560 [debug] [Thread-4 (]: Began executing node test.hubspot_analytics.not_null_mart_entradas_mes_entrada.fd115ad520
[0m18:18:39.831552 [debug] [Thread-1 (]: Began executing node test.hubspot_analytics.not_null_mart_entradas_contact_id.4578c293aa
[0m18:18:39.833547 [debug] [Thread-3 (]: Writing runtime sql for node "test.hubspot_analytics.unique_mart_entradas_contact_id.d1b86c342a"
[0m18:18:39.835553 [debug] [Thread-4 (]: Writing runtime sql for node "test.hubspot_analytics.not_null_mart_entradas_mes_entrada.fd115ad520"
[0m18:18:39.838551 [debug] [Thread-1 (]: Writing runtime sql for node "test.hubspot_analytics.not_null_mart_entradas_contact_id.4578c293aa"
[0m18:18:39.848123 [debug] [Thread-3 (]: Using duckdb connection "test.hubspot_analytics.unique_mart_entradas_contact_id.d1b86c342a"
[0m18:18:39.849123 [debug] [Thread-1 (]: Using duckdb connection "test.hubspot_analytics.not_null_mart_entradas_contact_id.4578c293aa"
[0m18:18:39.849123 [debug] [Thread-3 (]: On test.hubspot_analytics.unique_mart_entradas_contact_id.d1b86c342a: BEGIN
[0m18:18:39.850124 [debug] [Thread-1 (]: On test.hubspot_analytics.not_null_mart_entradas_contact_id.4578c293aa: BEGIN
[0m18:18:39.851122 [debug] [Thread-3 (]: Opening a new connection, currently in state closed
[0m18:18:39.852118 [debug] [Thread-4 (]: Using duckdb connection "test.hubspot_analytics.not_null_mart_entradas_mes_entrada.fd115ad520"
[0m18:18:39.853117 [debug] [Thread-1 (]: Opening a new connection, currently in state closed
[0m18:18:39.855116 [debug] [Thread-3 (]: SQL status: OK in 0.004 seconds
[0m18:18:39.856283 [debug] [Thread-4 (]: On test.hubspot_analytics.not_null_mart_entradas_mes_entrada.fd115ad520: BEGIN
[0m18:18:39.858292 [debug] [Thread-1 (]: SQL status: OK in 0.005 seconds
[0m18:18:39.859285 [debug] [Thread-3 (]: Using duckdb connection "test.hubspot_analytics.unique_mart_entradas_contact_id.d1b86c342a"
[0m18:18:39.861288 [debug] [Thread-4 (]: Opening a new connection, currently in state closed
[0m18:18:39.862289 [debug] [Thread-1 (]: Using duckdb connection "test.hubspot_analytics.not_null_mart_entradas_contact_id.4578c293aa"
[0m18:18:39.862289 [debug] [Thread-3 (]: On test.hubspot_analytics.unique_mart_entradas_contact_id.d1b86c342a: /* {"app": "dbt", "dbt_version": "1.12.0", "profile_name": "hubspot_analytics", "target_name": "dev", "node_id": "test.hubspot_analytics.unique_mart_entradas_contact_id.d1b86c342a"} */

    
    select
      count(*) as failures,
      count(*) != 0 as should_warn,
      count(*) != 0 as should_error
    from (
      
    
  
    
    

select
    contact_id as unique_field,
    count(*) as n_records

from "analytics"."main_gold"."mart_entradas"
where contact_id is not null
group by contact_id
having count(*) > 1



  
  
      
    ) dbt_internal_test
[0m18:18:39.864283 [debug] [Thread-4 (]: SQL status: OK in 0.003 seconds
[0m18:18:39.864283 [debug] [Thread-1 (]: On test.hubspot_analytics.not_null_mart_entradas_contact_id.4578c293aa: /* {"app": "dbt", "dbt_version": "1.12.0", "profile_name": "hubspot_analytics", "target_name": "dev", "node_id": "test.hubspot_analytics.not_null_mart_entradas_contact_id.4578c293aa"} */

    
    select
      count(*) as failures,
      count(*) != 0 as should_warn,
      count(*) != 0 as should_error
    from (
      
    
  
    
    



select contact_id
from "analytics"."main_gold"."mart_entradas"
where contact_id is null



  
  
      
    ) dbt_internal_test
[0m18:18:39.866283 [debug] [Thread-4 (]: Using duckdb connection "test.hubspot_analytics.not_null_mart_entradas_mes_entrada.fd115ad520"
[0m18:18:39.868286 [debug] [Thread-4 (]: On test.hubspot_analytics.not_null_mart_entradas_mes_entrada.fd115ad520: /* {"app": "dbt", "dbt_version": "1.12.0", "profile_name": "hubspot_analytics", "target_name": "dev", "node_id": "test.hubspot_analytics.not_null_mart_entradas_mes_entrada.fd115ad520"} */

    
    select
      count(*) as failures,
      count(*) != 0 as should_warn,
      count(*) != 0 as should_error
    from (
      
    
  
    
    



select mes_entrada
from "analytics"."main_gold"."mart_entradas"
where mes_entrada is null



  
  
      
    ) dbt_internal_test
[0m18:18:39.869283 [debug] [Thread-1 (]: SQL status: OK in 0.002 seconds
[0m18:18:39.869283 [debug] [Thread-3 (]: SQL status: OK in 0.004 seconds
[0m18:18:39.872283 [debug] [Thread-1 (]: On test.hubspot_analytics.not_null_mart_entradas_contact_id.4578c293aa: ROLLBACK
[0m18:18:39.873283 [debug] [Thread-4 (]: SQL status: OK in 0.003 seconds
[0m18:18:39.875745 [debug] [Thread-3 (]: On test.hubspot_analytics.unique_mart_entradas_contact_id.d1b86c342a: ROLLBACK
[0m18:18:39.877872 [debug] [Thread-1 (]: Failed to rollback 'test.hubspot_analytics.not_null_mart_entradas_contact_id.4578c293aa'
[0m18:18:39.879866 [debug] [Thread-4 (]: On test.hubspot_analytics.not_null_mart_entradas_mes_entrada.fd115ad520: ROLLBACK
[0m18:18:39.880864 [debug] [Thread-3 (]: Failed to rollback 'test.hubspot_analytics.unique_mart_entradas_contact_id.d1b86c342a'
[0m18:18:39.881867 [debug] [Thread-1 (]: On test.hubspot_analytics.not_null_mart_entradas_contact_id.4578c293aa: Close
[0m18:18:39.882868 [debug] [Thread-4 (]: Failed to rollback 'test.hubspot_analytics.not_null_mart_entradas_mes_entrada.fd115ad520'
[0m18:18:39.883868 [debug] [Thread-3 (]: On test.hubspot_analytics.unique_mart_entradas_contact_id.d1b86c342a: Close
[0m18:18:39.884871 [info ] [Thread-1 (]: 41 of 43 PASS not_null_mart_entradas_contact_id ................................ [[32mPASS[0m in 0.11s]
[0m18:18:39.885867 [debug] [Thread-4 (]: On test.hubspot_analytics.not_null_mart_entradas_mes_entrada.fd115ad520: Close
[0m18:18:39.886869 [info ] [Thread-3 (]: 43 of 43 PASS unique_mart_entradas_contact_id .................................. [[32mPASS[0m in 0.10s]
[0m18:18:39.887868 [debug] [Thread-1 (]: Finished running node test.hubspot_analytics.not_null_mart_entradas_contact_id.4578c293aa
[0m18:18:39.888868 [info ] [Thread-4 (]: 42 of 43 PASS not_null_mart_entradas_mes_entrada ............................... [[32mPASS[0m in 0.11s]
[0m18:18:39.889867 [debug] [Thread-3 (]: Finished running node test.hubspot_analytics.unique_mart_entradas_contact_id.d1b86c342a
[0m18:18:39.894109 [debug] [Thread-4 (]: Finished running node test.hubspot_analytics.not_null_mart_entradas_mes_entrada.fd115ad520
[0m18:18:39.899125 [debug] [MainThread]: Using duckdb connection "master"
[0m18:18:39.901111 [debug] [MainThread]: On master: BEGIN
[0m18:18:39.902113 [debug] [MainThread]: Opening a new connection, currently in state closed
[0m18:18:39.903109 [debug] [MainThread]: SQL status: OK in 0.001 seconds
[0m18:18:39.904108 [debug] [MainThread]: On master: COMMIT
[0m18:18:39.905108 [debug] [MainThread]: Using duckdb connection "master"
[0m18:18:39.905108 [debug] [MainThread]: On master: COMMIT
[0m18:18:39.905108 [debug] [MainThread]: SQL status: OK in 0.000 seconds
[0m18:18:39.907866 [debug] [MainThread]: On master: Close
[0m18:18:39.909880 [debug] [MainThread]: Connection 'master' was properly closed.
[0m18:18:39.911879 [debug] [MainThread]: Connection 'create_analytics_main_gold' was properly closed.
[0m18:18:39.912881 [debug] [MainThread]: Connection 'create_analytics_main_staging' was properly closed.
[0m18:18:39.913884 [debug] [MainThread]: Connection 'create_analytics_snapshots' was properly closed.
[0m18:18:39.914882 [debug] [MainThread]: Connection 'list_analytics_snapshots' was properly closed.
[0m18:18:39.915882 [debug] [MainThread]: Connection 'list_analytics_main_staging' was properly closed.
[0m18:18:39.915882 [debug] [MainThread]: Connection 'list_analytics_main_gold' was properly closed.
[0m18:18:39.916883 [debug] [MainThread]: Connection 'test.hubspot_analytics.not_null_mart_entradas_contact_id.4578c293aa' was properly closed.
[0m18:18:39.917881 [debug] [MainThread]: Connection 'model.hubspot_analytics.mart_entradas' was properly closed.
[0m18:18:39.917881 [debug] [MainThread]: Connection 'test.hubspot_analytics.unique_mart_entradas_contact_id.d1b86c342a' was properly closed.
[0m18:18:39.918882 [debug] [MainThread]: Connection 'test.hubspot_analytics.not_null_mart_entradas_mes_entrada.fd115ad520' was properly closed.
[0m18:18:39.919880 [info ] [MainThread]: 
[0m18:18:39.920879 [info ] [MainThread]: Finished running 5 incremental models, 1 snapshot, 8 table models, 16 data tests, 13 view models in 0 hours 0 minutes and 6.89 seconds (6.89s).
[0m18:18:39.930643 [debug] [MainThread]: Command end result
[0m18:18:39.996097 [debug] [MainThread]: Wrote artifact WritableManifest to dbt\target\manifest.json
[0m18:18:40.005111 [debug] [MainThread]: Wrote artifact SemanticManifest to dbt\target\semantic_manifest.json
[0m18:18:40.016096 [debug] [MainThread]: Wrote artifact OsiDocument to dbt\target\osi_document.json
[0m18:18:40.034112 [debug] [MainThread]: Wrote artifact RunExecutionResult to dbt\target\run_results.json
[0m18:18:40.035116 [info ] [MainThread]: 
[0m18:18:40.036097 [info ] [MainThread]: [32mCompleted successfully[0m
[0m18:18:40.038105 [info ] [MainThread]: 
[0m18:18:40.039098 [info ] [MainThread]: Done. PASS=43 WARN=0 ERROR=0 SKIP=0 NO-OP=0 REUSED=0 TOTAL=43
[0m18:18:40.041198 [warn ] [MainThread]: [[33mWARNING[0m][DeprecationsSummary]: Deprecated functionality
Summary of encountered deprecations:
- MissingArgumentsPropertyInGenericTestDeprecation: 1 occurrence
To see all deprecation instances instead of just the first occurrence of each,
run command again with the `--show-all-deprecations` flag. You may also need to
run with `--no-partial-parse` as some deprecations are only encountered during
parsing.
[0m18:18:40.046211 [debug] [MainThread]: Command `python -m dbt.cli.main build` succeeded at 18:18:40.045214 after 10.68 seconds
[0m18:18:40.047210 [debug] [MainThread]: Sending event: {'category': 'dbt', 'action': 'invocation', 'label': 'end', 'context': [<snowplow_tracker.self_describing_json.SelfDescribingJson object at 0x000001A60400D390>, <snowplow_tracker.self_describing_json.SelfDescribingJson object at 0x000001A60400DF90>, <snowplow_tracker.self_describing_json.SelfDescribingJson object at 0x000001A60400DDD0>]}
[0m18:18:40.050210 [debug] [MainThread]: Flushing usage events
[0m18:18:41.275325 [debug] [MainThread]: An error was encountered while trying to flush usage events
[0m22:01:43.635703 [debug] [MainThread]: Sending event: {'category': 'dbt', 'action': 'invocation', 'label': 'start', 'context': [<snowplow_tracker.self_describing_json.SelfDescribingJson object at 0x00000289D561F910>, <snowplow_tracker.self_describing_json.SelfDescribingJson object at 0x00000289D557F450>, <snowplow_tracker.self_describing_json.SelfDescribingJson object at 0x00000289D557D550>]}


============================== 22:01:43.650320 | fbeb9f8f-d6d9-4518-831c-adf8e7cd6857 ==============================
[0m22:01:43.650320 [info ] [MainThread]: Running with dbt=1.12.0
[0m22:01:43.653332 [debug] [MainThread]: running dbt with arguments {'maximum_seed_size_mib': '1', 'no_print': 'None', 'static_parser': 'True', 'target_path': 'None', 'version_check': 'True', 'warn_error_options': 'WarnErrorOptionsV2(error=[], warn=[], silence=[])', 'printer_width': '80', 'write_json': 'True', 'empty': 'False', 'log_cache_events': 'False', 'introspect': 'True', 'cache_selected_only': 'False', 'fail_fast': 'False', 'debug': 'False', 'log_format': 'default', 'partial_parse': 'True', 'send_anonymous_usage_stats': 'True', 'quiet': 'False', 'warn_error': 'None', 'profiles_dir': 'dbt', 'invocation_command': 'dbt build --select tag:hubspot --project-dir dbt --profiles-dir dbt', 'hints_enabled': 'True', 'indirect_selection': 'eager', 'use_experimental_parser': 'False', 'use_colors': 'True', 'log_path': 'dbt\\logs'}
[0m22:01:44.836845 [debug] [MainThread]: Sending event: {'category': 'dbt', 'action': 'project_id', 'label': 'fbeb9f8f-d6d9-4518-831c-adf8e7cd6857', 'context': [<snowplow_tracker.self_describing_json.SelfDescribingJson object at 0x00000289D590F090>]}
[0m22:01:45.099215 [debug] [MainThread]: Sending event: {'category': 'dbt', 'action': 'adapter_info', 'label': 'fbeb9f8f-d6d9-4518-831c-adf8e7cd6857', 'context': [<snowplow_tracker.self_describing_json.SelfDescribingJson object at 0x00000289D0966590>]}
[0m22:01:45.126125 [info ] [MainThread]: Registered adapter: duckdb=1.10.1
[0m22:01:46.508632 [debug] [MainThread]: checksum: f7871d785e789ede5920da78766f82ab7589d2c2d733ba0f7c005d573ada217d, vars: {}, profile: hubspot_analytics, target: dev, version: 1.12.0
[0m22:01:47.258223 [debug] [MainThread]: Partial parsing enabled: 0 files deleted, 0 files added, 0 files changed.
[0m22:01:47.260221 [debug] [MainThread]: Nothing changed, skipping partial parsing.
[0m22:01:47.261224 [debug] [MainThread]: Partial parsing enabled, no changes found, skipping parsing
[0m22:01:47.294874 [debug] [MainThread]: Sending event: {'category': 'dbt', 'action': 'load_project', 'label': 'fbeb9f8f-d6d9-4518-831c-adf8e7cd6857', 'context': [<snowplow_tracker.self_describing_json.SelfDescribingJson object at 0x00000289D57B63D0>]}
[0m22:01:47.814710 [debug] [MainThread]: Wrote artifact WritableManifest to dbt\target\manifest.json
[0m22:01:47.833542 [debug] [MainThread]: Wrote artifact SemanticManifest to dbt\target\semantic_manifest.json
[0m22:01:48.018713 [debug] [MainThread]: Wrote artifact OsiDocument to dbt\target\osi_document.json
[0m22:01:48.162435 [debug] [MainThread]: Sending event: {'category': 'dbt', 'action': 'resource_counts', 'label': 'fbeb9f8f-d6d9-4518-831c-adf8e7cd6857', 'context': [<snowplow_tracker.self_describing_json.SelfDescribingJson object at 0x00000289D5586E50>]}
[0m22:01:48.165576 [info ] [MainThread]: Found 26 models, 1 snapshot, 16 data tests, 487 macros
[0m22:01:48.173580 [info ] [MainThread]: 
[0m22:01:48.175576 [info ] [MainThread]: Concurrency: 4 threads (target='dev')
[0m22:01:48.177576 [info ] [MainThread]: 
[0m22:01:48.184304 [debug] [MainThread]: Acquiring new duckdb connection 'master'
[0m22:01:48.203329 [debug] [ThreadPool]: Acquiring new duckdb connection 'list_analytics'
[0m22:01:48.205328 [debug] [ThreadPool]: Acquiring new duckdb connection 'list_analytics'
[0m22:01:48.229900 [debug] [ThreadPool]: Acquiring new duckdb connection 'list_analytics'
[0m22:01:48.866451 [debug] [ThreadPool]: Using duckdb connection "list_analytics"
[0m22:01:48.867446 [debug] [ThreadPool]: Using duckdb connection "list_analytics"
[0m22:01:48.868445 [debug] [ThreadPool]: Using duckdb connection "list_analytics"
[0m22:01:48.871462 [debug] [ThreadPool]: On list_analytics: /* {"app": "dbt", "dbt_version": "1.12.0", "profile_name": "hubspot_analytics", "target_name": "dev", "connection_name": "list_analytics"} */

    
    select schema_name
    from system.information_schema.schemata
    
    where lower(catalog_name) = '"analytics"'
    
  
  
[0m22:01:48.872459 [debug] [ThreadPool]: On list_analytics: /* {"app": "dbt", "dbt_version": "1.12.0", "profile_name": "hubspot_analytics", "target_name": "dev", "connection_name": "list_analytics"} */

    
    select schema_name
    from system.information_schema.schemata
    
    where lower(catalog_name) = '"analytics"'
    
  
  
[0m22:01:48.874575 [debug] [ThreadPool]: On list_analytics: /* {"app": "dbt", "dbt_version": "1.12.0", "profile_name": "hubspot_analytics", "target_name": "dev", "connection_name": "list_analytics"} */

    
    select schema_name
    from system.information_schema.schemata
    
    where lower(catalog_name) = '"analytics"'
    
  
  
[0m22:01:48.877523 [debug] [ThreadPool]: Opening a new connection, currently in state init
[0m22:01:48.878446 [debug] [ThreadPool]: Opening a new connection, currently in state init
[0m22:01:48.882135 [debug] [ThreadPool]: Opening a new connection, currently in state init
[0m22:01:49.166830 [debug] [ThreadPool]: DuckDB adapter: duckdb error: IO Error: Cannot open file "C:\Users\LevyRamalhoNeotassMa\Documents\dev\pipeline-hubspot-analytics\data\analytics.duckdb": O arquivo já está sendo usado por outro processo.

File is already open in 
C:\Users\LevyRamalhoNeotassMa\AppData\Local\Programs\Python\Python311\python.exe (PID 53212)
[0m22:01:49.168768 [debug] [ThreadPool]: DuckDB adapter: Error running SQL: /* {"app": "dbt", "dbt_version": "1.12.0", "profile_name": "hubspot_analytics", "target_name": "dev", "connection_name": "list_analytics"} */

    
    select schema_name
    from system.information_schema.schemata
    
    where lower(catalog_name) = '"analytics"'
    
  
  
[0m22:01:49.168768 [debug] [ThreadPool]: DuckDB adapter: Rolling back transaction.
[0m22:01:49.169768 [debug] [ThreadPool]: Opening a new connection, currently in state init
[0m22:01:49.458526 [debug] [ThreadPool]: DuckDB adapter: duckdb error: IO Error: Cannot open file "C:\Users\LevyRamalhoNeotassMa\Documents\dev\pipeline-hubspot-analytics\data\analytics.duckdb": O arquivo já está sendo usado por outro processo.

File is already open in 
C:\Users\LevyRamalhoNeotassMa\AppData\Local\Programs\Python\Python311\python.exe (PID 53212)
[0m22:01:49.460535 [debug] [ThreadPool]: DuckDB adapter: Error running SQL: /* {"app": "dbt", "dbt_version": "1.12.0", "profile_name": "hubspot_analytics", "target_name": "dev", "connection_name": "list_analytics"} */

    
    select schema_name
    from system.information_schema.schemata
    
    where lower(catalog_name) = '"analytics"'
    
  
  
[0m22:01:49.462529 [debug] [ThreadPool]: DuckDB adapter: Rolling back transaction.
[0m22:01:49.466115 [debug] [ThreadPool]: Opening a new connection, currently in state init
[0m22:01:49.748980 [debug] [ThreadPool]: DuckDB adapter: duckdb error: IO Error: Cannot open file "C:\Users\LevyRamalhoNeotassMa\Documents\dev\pipeline-hubspot-analytics\data\analytics.duckdb": O arquivo já está sendo usado por outro processo.

File is already open in 
C:\Users\LevyRamalhoNeotassMa\AppData\Local\Programs\Python\Python311\python.exe (PID 53212)
[0m22:01:49.750990 [debug] [ThreadPool]: DuckDB adapter: Error running SQL: /* {"app": "dbt", "dbt_version": "1.12.0", "profile_name": "hubspot_analytics", "target_name": "dev", "connection_name": "list_analytics"} */

    
    select schema_name
    from system.information_schema.schemata
    
    where lower(catalog_name) = '"analytics"'
    
  
  
[0m22:01:49.751981 [debug] [ThreadPool]: DuckDB adapter: Rolling back transaction.
[0m22:01:49.752979 [debug] [ThreadPool]: Opening a new connection, currently in state init
[0m22:01:49.991856 [debug] [ThreadPool]: DuckDB adapter: duckdb error: IO Error: Cannot open file "C:\Users\LevyRamalhoNeotassMa\Documents\dev\pipeline-hubspot-analytics\data\analytics.duckdb": O arquivo já está sendo usado por outro processo.

File is already open in 
C:\Users\LevyRamalhoNeotassMa\AppData\Local\Programs\Python\Python311\python.exe (PID 53212)
[0m22:01:49.994988 [debug] [ThreadPool]: DuckDB adapter: Error running SQL: macro list_schemas
[0m22:01:49.996304 [debug] [ThreadPool]: DuckDB adapter: Rolling back transaction.
[0m22:01:50.001260 [debug] [ThreadPool]: Opening a new connection, currently in state init
[0m22:01:50.317775 [debug] [ThreadPool]: DuckDB adapter: duckdb error: IO Error: Cannot open file "C:\Users\LevyRamalhoNeotassMa\Documents\dev\pipeline-hubspot-analytics\data\analytics.duckdb": O arquivo já está sendo usado por outro processo.

File is already open in 
C:\Users\LevyRamalhoNeotassMa\AppData\Local\Programs\Python\Python311\python.exe (PID 53212)
[0m22:01:50.320793 [debug] [ThreadPool]: DuckDB adapter: Error running SQL: macro list_schemas
[0m22:01:50.322792 [debug] [ThreadPool]: DuckDB adapter: Rolling back transaction.
[0m22:01:50.324793 [debug] [ThreadPool]: Opening a new connection, currently in state init
[0m22:01:50.657217 [debug] [ThreadPool]: DuckDB adapter: duckdb error: IO Error: Cannot open file "C:\Users\LevyRamalhoNeotassMa\Documents\dev\pipeline-hubspot-analytics\data\analytics.duckdb": O arquivo já está sendo usado por outro processo.

File is already open in 
C:\Users\LevyRamalhoNeotassMa\AppData\Local\Programs\Python\Python311\python.exe (PID 53212)
[0m22:01:50.660261 [debug] [ThreadPool]: DuckDB adapter: Error running SQL: macro list_schemas
[0m22:01:50.662274 [debug] [ThreadPool]: DuckDB adapter: Rolling back transaction.
[0m22:01:50.664701 [debug] [ThreadPool]: Opening a new connection, currently in state init
[0m22:01:51.562572 [debug] [MainThread]: Connection 'master' was properly closed.
[0m22:01:51.564412 [debug] [MainThread]: Connection 'list_analytics' was properly closed.
[0m22:01:51.566429 [debug] [MainThread]: Connection 'list_analytics' was properly closed.
[0m22:01:51.569434 [debug] [MainThread]: Connection 'list_analytics' was properly closed.
[0m22:01:51.570424 [info ] [MainThread]: 
[0m22:01:51.572439 [info ] [MainThread]: Finished running  in 0 hours 0 minutes and 3.39 seconds (3.39s).
[0m22:01:51.573441 [error] [MainThread]: [[31mERROR[0m]: Encountered an error:
IO Error: Cannot open file "C:\Users\LevyRamalhoNeotassMa\Documents\dev\pipeline-hubspot-analytics\data\analytics.duckdb": O arquivo já está sendo usado por outro processo.

File is already open in 
C:\Users\LevyRamalhoNeotassMa\AppData\Local\Programs\Python\Python311\python.exe (PID 53212)
[0m22:01:51.626436 [error] [MainThread]: Traceback (most recent call last):
  File "C:\Users\LevyRamalhoNeotassMa\AppData\Local\Programs\Python\Python311\Lib\site-packages\dbt\adapters\duckdb\connections.py", line 95, in exception_handler
    yield
  File "C:\Users\LevyRamalhoNeotassMa\AppData\Local\Programs\Python\Python311\Lib\site-packages\dbt\adapters\sql\connections.py", line 147, in add_query
    cursor = connection.handle.cursor()
             ^^^^^^^^^^^^^^^^^
  File "C:\Users\LevyRamalhoNeotassMa\AppData\Local\Programs\Python\Python311\Lib\site-packages\dbt\adapters\contracts\connection.py", line 96, in handle
    self._handle.resolve(self)
  File "C:\Users\LevyRamalhoNeotassMa\AppData\Local\Programs\Python\Python311\Lib\site-packages\dbt\adapters\contracts\connection.py", line 120, in resolve
    return self.opener(connection)
           ^^^^^^^^^^^^^^^^^^^^^^^
  File "C:\Users\LevyRamalhoNeotassMa\AppData\Local\Programs\Python\Python311\Lib\site-packages\dbt\adapters\duckdb\connections.py", line 53, in open
    connection.handle = cls._ENV.handle()
                        ^^^^^^^^^^^^^^^^^
  File "C:\Users\LevyRamalhoNeotassMa\AppData\Local\Programs\Python\Python311\Lib\site-packages\dbt\adapters\duckdb\environments\local.py", line 75, in handle
    self.conn = self.initialize_db(self.creds, self._plugins)
                ^^^^^^^^^^^^^^^^^^^^^^^^^^^^^^^^^^^^^^^^^^^^^
  File "C:\Users\LevyRamalhoNeotassMa\AppData\Local\Programs\Python\Python311\Lib\site-packages\dbt\adapters\duckdb\environments\__init__.py", line 159, in initialize_db
    conn = duckdb.connect(creds.path, read_only=False, config=config)
           ^^^^^^^^^^^^^^^^^^^^^^^^^^^^^^^^^^^^^^^^^^^^^^^^^^^^^^^^^^
_duckdb.IOException: IO Error: Cannot open file "C:\Users\LevyRamalhoNeotassMa\Documents\dev\pipeline-hubspot-analytics\data\analytics.duckdb": O arquivo já está sendo usado por outro processo.

File is already open in 
C:\Users\LevyRamalhoNeotassMa\AppData\Local\Programs\Python\Python311\python.exe (PID 53212)

During handling of the above exception, another exception occurred:

Traceback (most recent call last):
  File "C:\Users\LevyRamalhoNeotassMa\AppData\Local\Programs\Python\Python311\Lib\site-packages\dbt\adapters\duckdb\connections.py", line 95, in exception_handler
    yield
  File "C:\Users\LevyRamalhoNeotassMa\AppData\Local\Programs\Python\Python311\Lib\site-packages\dbt\adapters\base\impl.py", line 1372, in execute_macro
    result = macro_function(**kwargs)
             ^^^^^^^^^^^^^^^^^^^^^^^^
  File "C:\Users\LevyRamalhoNeotassMa\AppData\Local\Programs\Python\Python311\Lib\site-packages\dbt_common\clients\jinja.py", line 427, in __call__
    return self.call_macro(*args, **kwargs)
           ^^^^^^^^^^^^^^^^^^^^^^^^^^^^^^^^
  File "C:\Users\LevyRamalhoNeotassMa\AppData\Local\Programs\Python\Python311\Lib\site-packages\dbt_common\clients\jinja.py", line 395, in call_macro
    return macro(*args, **kwargs)
           ^^^^^^^^^^^^^^^^^^^^^^
  File "C:\Users\LevyRamalhoNeotassMa\AppData\Local\Programs\Python\Python311\Lib\site-packages\jinja2\runtime.py", line 770, in __call__
    return self._invoke(arguments, autoescape)
           ^^^^^^^^^^^^^^^^^^^^^^^^^^^^^^^^^^^
  File "C:\Users\LevyRamalhoNeotassMa\AppData\Local\Programs\Python\Python311\Lib\site-packages\jinja2\runtime.py", line 784, in _invoke
    rv = self._func(*arguments)
         ^^^^^^^^^^^^^^^^^^^^^^
  File "<template>", line 20, in macro
  File "C:\Users\LevyRamalhoNeotassMa\AppData\Local\Programs\Python\Python311\Lib\site-packages\jinja2\sandbox.py", line 401, in call
    return __context.call(__obj, *args, **kwargs)
           ^^^^^^^^^^^^^^^^^^^^^^^^^^^^^^^^^^^^^^
  File "C:\Users\LevyRamalhoNeotassMa\AppData\Local\Programs\Python\Python311\Lib\site-packages\jinja2\runtime.py", line 303, in call
    return __obj(*args, **kwargs)
           ^^^^^^^^^^^^^^^^^^^^^^
  File "C:\Users\LevyRamalhoNeotassMa\AppData\Local\Programs\Python\Python311\Lib\site-packages\dbt\clients\jinja.py", line 83, in __call__
    return self.call_macro(*args, **kwargs)
           ^^^^^^^^^^^^^^^^^^^^^^^^^^^^^^^^
  File "C:\Users\LevyRamalhoNeotassMa\AppData\Local\Programs\Python\Python311\Lib\site-packages\dbt_common\clients\jinja.py", line 395, in call_macro
    return macro(*args, **kwargs)
           ^^^^^^^^^^^^^^^^^^^^^^
  File "C:\Users\LevyRamalhoNeotassMa\AppData\Local\Programs\Python\Python311\Lib\site-packages\jinja2\runtime.py", line 770, in __call__
    return self._invoke(arguments, autoescape)
           ^^^^^^^^^^^^^^^^^^^^^^^^^^^^^^^^^^^
  File "C:\Users\LevyRamalhoNeotassMa\AppData\Local\Programs\Python\Python311\Lib\site-packages\jinja2\runtime.py", line 784, in _invoke
    rv = self._func(*arguments)
         ^^^^^^^^^^^^^^^^^^^^^^
  File "<template>", line 50, in macro
  File "C:\Users\LevyRamalhoNeotassMa\AppData\Local\Programs\Python\Python311\Lib\site-packages\jinja2\sandbox.py", line 401, in call
    return __context.call(__obj, *args, **kwargs)
           ^^^^^^^^^^^^^^^^^^^^^^^^^^^^^^^^^^^^^^
  File "C:\Users\LevyRamalhoNeotassMa\AppData\Local\Programs\Python\Python311\Lib\site-packages\jinja2\runtime.py", line 303, in call
    return __obj(*args, **kwargs)
           ^^^^^^^^^^^^^^^^^^^^^^
  File "C:\Users\LevyRamalhoNeotassMa\AppData\Local\Programs\Python\Python311\Lib\site-packages\dbt\clients\jinja.py", line 83, in __call__
    return self.call_macro(*args, **kwargs)
           ^^^^^^^^^^^^^^^^^^^^^^^^^^^^^^^^
  File "C:\Users\LevyRamalhoNeotassMa\AppData\Local\Programs\Python\Python311\Lib\site-packages\dbt_common\clients\jinja.py", line 395, in call_macro
    return macro(*args, **kwargs)
           ^^^^^^^^^^^^^^^^^^^^^^
  File "C:\Users\LevyRamalhoNeotassMa\AppData\Local\Programs\Python\Python311\Lib\site-packages\jinja2\runtime.py", line 770, in __call__
    return self._invoke(arguments, autoescape)
           ^^^^^^^^^^^^^^^^^^^^^^^^^^^^^^^^^^^
  File "C:\Users\LevyRamalhoNeotassMa\AppData\Local\Programs\Python\Python311\Lib\site-packages\jinja2\runtime.py", line 784, in _invoke
    rv = self._func(*arguments)
         ^^^^^^^^^^^^^^^^^^^^^^
  File "<template>", line 33, in macro
  File "C:\Users\LevyRamalhoNeotassMa\AppData\Local\Programs\Python\Python311\Lib\site-packages\jinja2\sandbox.py", line 401, in call
    return __context.call(__obj, *args, **kwargs)
           ^^^^^^^^^^^^^^^^^^^^^^^^^^^^^^^^^^^^^^
  File "C:\Users\LevyRamalhoNeotassMa\AppData\Local\Programs\Python\Python311\Lib\site-packages\jinja2\runtime.py", line 303, in call
    return __obj(*args, **kwargs)
           ^^^^^^^^^^^^^^^^^^^^^^
  File "C:\Users\LevyRamalhoNeotassMa\AppData\Local\Programs\Python\Python311\Lib\site-packages\dbt\clients\jinja.py", line 83, in __call__
    return self.call_macro(*args, **kwargs)
           ^^^^^^^^^^^^^^^^^^^^^^^^^^^^^^^^
  File "C:\Users\LevyRamalhoNeotassMa\AppData\Local\Programs\Python\Python311\Lib\site-packages\dbt_common\clients\jinja.py", line 395, in call_macro
    return macro(*args, **kwargs)
           ^^^^^^^^^^^^^^^^^^^^^^
  File "C:\Users\LevyRamalhoNeotassMa\AppData\Local\Programs\Python\Python311\Lib\site-packages\jinja2\runtime.py", line 770, in __call__
    return self._invoke(arguments, autoescape)
           ^^^^^^^^^^^^^^^^^^^^^^^^^^^^^^^^^^^
  File "C:\Users\LevyRamalhoNeotassMa\AppData\Local\Programs\Python\Python311\Lib\site-packages\jinja2\runtime.py", line 784, in _invoke
    rv = self._func(*arguments)
         ^^^^^^^^^^^^^^^^^^^^^^
  File "<template>", line 52, in macro
  File "C:\Users\LevyRamalhoNeotassMa\AppData\Local\Programs\Python\Python311\Lib\site-packages\jinja2\sandbox.py", line 401, in call
    return __context.call(__obj, *args, **kwargs)
           ^^^^^^^^^^^^^^^^^^^^^^^^^^^^^^^^^^^^^^
  File "C:\Users\LevyRamalhoNeotassMa\AppData\Local\Programs\Python\Python311\Lib\site-packages\jinja2\runtime.py", line 303, in call
    return __obj(*args, **kwargs)
           ^^^^^^^^^^^^^^^^^^^^^^
  File "C:\Users\LevyRamalhoNeotassMa\AppData\Local\Programs\Python\Python311\Lib\site-packages\dbt_common\record.py", line 538, in record_replay_wrapper
    return func_to_record(*call_args, **kwargs)
           ^^^^^^^^^^^^^^^^^^^^^^^^^^^^^^^^^^^^
  File "C:\Users\LevyRamalhoNeotassMa\AppData\Local\Programs\Python\Python311\Lib\site-packages\dbt\adapters\base\impl.py", line 523, in execute
    return self.connections.execute(sql=sql, auto_begin=auto_begin, fetch=fetch, limit=limit)
           ^^^^^^^^^^^^^^^^^^^^^^^^^^^^^^^^^^^^^^^^^^^^^^^^^^^^^^^^^^^^^^^^^^^^^^^^^^^^^^^^^^
  File "C:\Users\LevyRamalhoNeotassMa\AppData\Local\Programs\Python\Python311\Lib\site-packages\dbt\adapters\duckdb\connections.py", line 130, in execute
    return super().execute(sql, auto_begin, fetch, limit)
           ^^^^^^^^^^^^^^^^^^^^^^^^^^^^^^^^^^^^^^^^^^^^^^
  File "C:\Users\LevyRamalhoNeotassMa\AppData\Local\Programs\Python\Python311\Lib\site-packages\dbt\adapters\sql\connections.py", line 219, in execute
    _, cursor = self.add_query(sql, auto_begin)
                ^^^^^^^^^^^^^^^^^^^^^^^^^^^^^^^
  File "C:\Users\LevyRamalhoNeotassMa\AppData\Local\Programs\Python\Python311\Lib\site-packages\dbt\adapters\sql\connections.py", line 131, in add_query
    with self.exception_handler(sql):
  File "C:\Users\LevyRamalhoNeotassMa\AppData\Local\Programs\Python\Python311\Lib\contextlib.py", line 158, in __exit__
    self.gen.throw(typ, value, traceback)
  File "C:\Users\LevyRamalhoNeotassMa\AppData\Local\Programs\Python\Python311\Lib\site-packages\dbt\adapters\duckdb\connections.py", line 102, in exception_handler
    self.rollback_if_open()
  File "C:\Users\LevyRamalhoNeotassMa\AppData\Local\Programs\Python\Python311\Lib\site-packages\dbt\adapters\base\connections.py", line 125, in rollback_if_open
    if conn is not None and conn.handle and conn.transaction_open:
                            ^^^^^^^^^^^
  File "C:\Users\LevyRamalhoNeotassMa\AppData\Local\Programs\Python\Python311\Lib\site-packages\dbt\adapters\contracts\connection.py", line 96, in handle
    self._handle.resolve(self)
  File "C:\Users\LevyRamalhoNeotassMa\AppData\Local\Programs\Python\Python311\Lib\site-packages\dbt\adapters\contracts\connection.py", line 120, in resolve
    return self.opener(connection)
           ^^^^^^^^^^^^^^^^^^^^^^^
  File "C:\Users\LevyRamalhoNeotassMa\AppData\Local\Programs\Python\Python311\Lib\site-packages\dbt\adapters\duckdb\connections.py", line 53, in open
    connection.handle = cls._ENV.handle()
                        ^^^^^^^^^^^^^^^^^
  File "C:\Users\LevyRamalhoNeotassMa\AppData\Local\Programs\Python\Python311\Lib\site-packages\dbt\adapters\duckdb\environments\local.py", line 75, in handle
    self.conn = self.initialize_db(self.creds, self._plugins)
                ^^^^^^^^^^^^^^^^^^^^^^^^^^^^^^^^^^^^^^^^^^^^^
  File "C:\Users\LevyRamalhoNeotassMa\AppData\Local\Programs\Python\Python311\Lib\site-packages\dbt\adapters\duckdb\environments\__init__.py", line 159, in initialize_db
    conn = duckdb.connect(creds.path, read_only=False, config=config)
           ^^^^^^^^^^^^^^^^^^^^^^^^^^^^^^^^^^^^^^^^^^^^^^^^^^^^^^^^^^
_duckdb.IOException: IO Error: Cannot open file "C:\Users\LevyRamalhoNeotassMa\Documents\dev\pipeline-hubspot-analytics\data\analytics.duckdb": O arquivo já está sendo usado por outro processo.

File is already open in 
C:\Users\LevyRamalhoNeotassMa\AppData\Local\Programs\Python\Python311\python.exe (PID 53212)

During handling of the above exception, another exception occurred:

Traceback (most recent call last):
  File "C:\Users\LevyRamalhoNeotassMa\AppData\Local\Programs\Python\Python311\Lib\site-packages\dbt\cli\requires.py", line 190, in wrapper
    result, success = func(*args, **kwargs)
                      ^^^^^^^^^^^^^^^^^^^^^
  File "C:\Users\LevyRamalhoNeotassMa\AppData\Local\Programs\Python\Python311\Lib\site-packages\dbt\cli\requires.py", line 136, in wrapper
    return func(*args, **kwargs)
           ^^^^^^^^^^^^^^^^^^^^^
  File "C:\Users\LevyRamalhoNeotassMa\AppData\Local\Programs\Python\Python311\Lib\site-packages\dbt\cli\requires.py", line 287, in wrapper
    return func(*args, **kwargs)
           ^^^^^^^^^^^^^^^^^^^^^
  File "C:\Users\LevyRamalhoNeotassMa\AppData\Local\Programs\Python\Python311\Lib\site-packages\dbt\cli\requires.py", line 332, in wrapper
    return func(*args, **kwargs)
           ^^^^^^^^^^^^^^^^^^^^^
  File "C:\Users\LevyRamalhoNeotassMa\AppData\Local\Programs\Python\Python311\Lib\site-packages\dbt\cli\requires.py", line 379, in wrapper
    return func(*args, **kwargs)
           ^^^^^^^^^^^^^^^^^^^^^
  File "C:\Users\LevyRamalhoNeotassMa\AppData\Local\Programs\Python\Python311\Lib\site-packages\dbt\cli\requires.py", line 396, in wrapper
    return func(*args, **kwargs)
           ^^^^^^^^^^^^^^^^^^^^^
  File "C:\Users\LevyRamalhoNeotassMa\AppData\Local\Programs\Python\Python311\Lib\site-packages\dbt\cli\main.py", line 223, in build
    results = task.run()
              ^^^^^^^^^^
  File "C:\Users\LevyRamalhoNeotassMa\AppData\Local\Programs\Python\Python311\Lib\site-packages\dbt\task\runnable.py", line 652, in run
    result = self.execute_with_hooks(selected_uids)
             ^^^^^^^^^^^^^^^^^^^^^^^^^^^^^^^^^^^^^^
  File "C:\Users\LevyRamalhoNeotassMa\AppData\Local\Programs\Python\Python311\Lib\site-packages\dbt\task\runnable.py", line 585, in execute_with_hooks
    before_run_status = self.before_run(adapter, selected_uids)
                        ^^^^^^^^^^^^^^^^^^^^^^^^^^^^^^^^^^^^^^^
  File "C:\Users\LevyRamalhoNeotassMa\AppData\Local\Programs\Python\Python311\Lib\site-packages\dbt\task\build.py", line 67, in before_run
    return super().before_run(adapter, selected_uids)
           ^^^^^^^^^^^^^^^^^^^^^^^^^^^^^^^^^^^^^^^^^^
  File "C:\Users\LevyRamalhoNeotassMa\AppData\Local\Programs\Python\Python311\Lib\site-packages\dbt\task\run.py", line 1289, in before_run
    self.create_schemas(adapter, required_schemas)
  File "C:\Users\LevyRamalhoNeotassMa\AppData\Local\Programs\Python\Python311\Lib\site-packages\dbt\task\runnable.py", line 760, in create_schemas
    existing_schemas_lowered.update(ls_future.result())
                                    ^^^^^^^^^^^^^^^^^^
  File "C:\Users\LevyRamalhoNeotassMa\AppData\Local\Programs\Python\Python311\Lib\concurrent\futures\_base.py", line 449, in result
    return self.__get_result()
           ^^^^^^^^^^^^^^^^^^^
  File "C:\Users\LevyRamalhoNeotassMa\AppData\Local\Programs\Python\Python311\Lib\concurrent\futures\_base.py", line 401, in __get_result
    raise self._exception
  File "C:\Users\LevyRamalhoNeotassMa\AppData\Local\Programs\Python\Python311\Lib\concurrent\futures\thread.py", line 58, in run
    result = self.fn(*self.args, **self.kwargs)
             ^^^^^^^^^^^^^^^^^^^^^^^^^^^^^^^^^^
  File "C:\Users\LevyRamalhoNeotassMa\AppData\Local\Programs\Python\Python311\Lib\site-packages\dbt_common\utils\executor.py", line 16, in connected
    return func(*args, **kwargs)
           ^^^^^^^^^^^^^^^^^^^^^
  File "C:\Users\LevyRamalhoNeotassMa\AppData\Local\Programs\Python\Python311\Lib\site-packages\dbt\task\runnable.py", line 735, in list_schemas
    for s in adapter.list_schemas(database_quoted)
             ^^^^^^^^^^^^^^^^^^^^^^^^^^^^^^^^^^^^^
  File "C:\Users\LevyRamalhoNeotassMa\AppData\Local\Programs\Python\Python311\Lib\site-packages\dbt\adapters\sql\impl.py", line 219, in list_schemas
    results = self.execute_macro(LIST_SCHEMAS_MACRO_NAME, kwargs={"database": database})
              ^^^^^^^^^^^^^^^^^^^^^^^^^^^^^^^^^^^^^^^^^^^^^^^^^^^^^^^^^^^^^^^^^^^^^^^^^^
  File "C:\Users\LevyRamalhoNeotassMa\AppData\Local\Programs\Python\Python311\Lib\site-packages\dbt\adapters\base\impl.py", line 1371, in execute_macro
    with self.connections.exception_handler(f"macro {macro_name}"):
  File "C:\Users\LevyRamalhoNeotassMa\AppData\Local\Programs\Python\Python311\Lib\contextlib.py", line 158, in __exit__
    self.gen.throw(typ, value, traceback)
  File "C:\Users\LevyRamalhoNeotassMa\AppData\Local\Programs\Python\Python311\Lib\site-packages\dbt\adapters\duckdb\connections.py", line 102, in exception_handler
    self.rollback_if_open()
  File "C:\Users\LevyRamalhoNeotassMa\AppData\Local\Programs\Python\Python311\Lib\site-packages\dbt\adapters\base\connections.py", line 125, in rollback_if_open
    if conn is not None and conn.handle and conn.transaction_open:
                            ^^^^^^^^^^^
  File "C:\Users\LevyRamalhoNeotassMa\AppData\Local\Programs\Python\Python311\Lib\site-packages\dbt\adapters\contracts\connection.py", line 96, in handle
    self._handle.resolve(self)
  File "C:\Users\LevyRamalhoNeotassMa\AppData\Local\Programs\Python\Python311\Lib\site-packages\dbt\adapters\contracts\connection.py", line 120, in resolve
    return self.opener(connection)
           ^^^^^^^^^^^^^^^^^^^^^^^
  File "C:\Users\LevyRamalhoNeotassMa\AppData\Local\Programs\Python\Python311\Lib\site-packages\dbt\adapters\duckdb\connections.py", line 53, in open
    connection.handle = cls._ENV.handle()
                        ^^^^^^^^^^^^^^^^^
  File "C:\Users\LevyRamalhoNeotassMa\AppData\Local\Programs\Python\Python311\Lib\site-packages\dbt\adapters\duckdb\environments\local.py", line 75, in handle
    self.conn = self.initialize_db(self.creds, self._plugins)
                ^^^^^^^^^^^^^^^^^^^^^^^^^^^^^^^^^^^^^^^^^^^^^
  File "C:\Users\LevyRamalhoNeotassMa\AppData\Local\Programs\Python\Python311\Lib\site-packages\dbt\adapters\duckdb\environments\__init__.py", line 159, in initialize_db
    conn = duckdb.connect(creds.path, read_only=False, config=config)
           ^^^^^^^^^^^^^^^^^^^^^^^^^^^^^^^^^^^^^^^^^^^^^^^^^^^^^^^^^^
_duckdb.IOException: IO Error: Cannot open file "C:\Users\LevyRamalhoNeotassMa\Documents\dev\pipeline-hubspot-analytics\data\analytics.duckdb": O arquivo já está sendo usado por outro processo.

File is already open in 
C:\Users\LevyRamalhoNeotassMa\AppData\Local\Programs\Python\Python311\python.exe (PID 53212)

[0m22:01:51.645041 [debug] [MainThread]: Command `dbt build` failed at 22:01:51.645041 after 8.26 seconds
[0m22:01:51.646034 [debug] [MainThread]: Sending event: {'category': 'dbt', 'action': 'invocation', 'label': 'end', 'context': [<snowplow_tracker.self_describing_json.SelfDescribingJson object at 0x00000289D567F350>, <snowplow_tracker.self_describing_json.SelfDescribingJson object at 0x00000289D5CCB610>, <snowplow_tracker.self_describing_json.SelfDescribingJson object at 0x00000289D5F0DBD0>]}
[0m22:01:51.650640 [debug] [MainThread]: Flushing usage events
[0m22:01:53.991398 [debug] [MainThread]: An error was encountered while trying to flush usage events
